"2026-06-09 at 10:44"
System_Date_(Y-M-D)	System_Time_(h:m:s)	CO₂_(µmol_mol⁻¹)	H₂O_(mmol_mol⁻¹)	H₂O_(°C)	Cell_Temperature_(°C)	Cell_Pressure_(kPa)	CO₂_Absorption	H₂O_Absorption	Input_Voltage_(V)	Flow_Rate_(L_min⁻¹)	
2026-06-09	10:44:02	4.30861e2	1.48904e1	1.24607e1	5.14904e1	9.74407e1	9.1651802e-2	8.3563032e-2	1.2061326e1	7.5651369e-1	
2026-06-09	10:44:03	4.30861e2	1.48904e1	1.24607e1	5.14904e1	9.74407e1	9.1651802e-2	8.3563032e-2	1.2061326e1	7.5651369e-1	
2026-06-09	10:44:03	4.31190e2	1.48875e1	1.24562e1	5.14904e1	9.74310e1	9.1692266e-2	8.3543834e-2	1.2069718e1	7.6633501e-1	
2026-06-09	10:44:03	4.31257e2	1.48815e1	1.24517e1	5.14937e1	9.74415e1	9.1711997e-2	8.3527860e-2	1.2017685e1	7.5894174e-1	
2026-06-09	10:44:04	4.31354e2	1.48774e1	1.24460e1	5.15004e1	9.74320e1	9.1716051e-2	8.3502883e-2	1.2047898e1	7.5833683e-1	
2026-06-09	10:44:04	4.31784e2	1.48763e1	1.24448e1	5.14971e1	9.74315e1	9.1781673e-2	8.3498773e-2	1.2050416e1	7.5987291e-1	
2026-06-09	10:44:05	4.31628e2	1.48798e1	1.24502e1	5.14971e1	9.74432e1	9.1769456e-2	8.3521728e-2	1.2036988e1	7.4732475e-1	
2026-06-09	10:44:05	4.31628e2	1.48798e1	1.24502e1	5.14971e1	9.74432e1	9.1769456e-2	8.3521728e-2	1.2036988e1	7.4732475e-1	
2026-06-09	10:44:06	4.30622e2	1.48690e1	1.24396e1	5.14904e1	9.74464e1	9.1620740e-2	8.3482923e-2	1.2001739e1	7.5311155e-1	
2026-06-09	10:44:06	4.30622e2	1.48690e1	1.24396e1	5.14904e1	9.74464e1	9.1620740e-2	8.3482923e-2	1.2001739e1	7.5311155e-1	
2026-06-09	10:44:07	4.30740e2	1.49017e1	1.24709e1	5.14904e1	9.74324e1	9.1625452e-2	8.3600940e-2	1.2067201e1	7.5300841e-1	
2026-06-09	10:44:07	4.30944e2	1.48966e1	1.24670e1	5.14971e1	9.74410e1	9.1663360e-2	8.3586215e-2	1.2073075e1	7.6338033e-1	
2026-06-09	10:44:08	4.30801e2	1.48854e1	1.24561e1	5.15037e1	9.74440e1	9.1643037e-2	8.3543539e-2	1.2005096e1	7.5379557e-1	
2026-06-09	10:44:08	4.31208e2	1.48639e1	1.24322e1	5.14971e1	9.74322e1	9.1694650e-2	8.3450136e-2	1.2045381e1	7.5790300e-1	
2026-06-09	10:44:09	4.31621e2	1.48471e1	1.24147e1	5.14971e1	9.74302e1	9.1755332e-2	8.3382492e-2	1.2057130e1	7.6840715e-1	
2026-06-09	10:44:09	4.31538e2	1.48601e1	1.24285e1	5.15037e1	9.74332e1	9.1744480e-2	8.3434944e-2	1.2030273e1	7.5673871e-1	
2026-06-09	10:44:10	4.31274e2	1.48577e1	1.24266e1	5.14971e1	9.74367e1	9.1709079e-2	8.3429574e-2	1.2038667e1	7.5731253e-1	
2026-06-09	10:44:10	4.30982e2	1.48561e1	1.24240e1	5.14904e1	9.74304e1	9.1659784e-2	8.3419437e-2	1.2068040e1	7.6165814e-1	
2026-06-09	10:44:11	4.30761e2	1.48552e1	1.24246e1	5.14904e1	9.74402e1	9.1635589e-2	8.3423614e-2	1.2020202e1	7.5915579e-1	
2026-06-09	10:44:11	4.30963e2	1.48598e1	1.24289e1	5.14971e1	9.74377e1	9.1662645e-2	8.3438692e-2	1.2061326e1	7.4658055e-1	
2026-06-09	10:44:12	4.31378e2	1.48551e1	1.24241e1	5.14971e1	9.74380e1	9.1725940e-2	8.3420219e-2	1.2063844e1	7.5874242e-1	
2026-06-09	10:44:12	4.31701e2	1.48533e1	1.24241e1	5.14971e1	9.74495e1	9.1786327e-2	8.3422298e-2	1.2016845e1	7.4865937e-1	
2026-06-09	10:44:13	4.31811e2	1.48590e1	1.24281e1	5.14971e1	9.74380e1	9.1791868e-2	8.3435649e-2	1.2051255e1	7.5523591e-1	
2026-06-09	10:44:13	4.31753e2	1.48599e1	1.24295e1	5.14971e1	9.74407e1	9.1785793e-2	8.3441371e-2	1.2063844e1	7.5902462e-1	
2026-06-09	10:44:14	4.31714e2	1.48654e1	1.24348e1	5.14971e1	9.74392e1	9.1778459e-2	8.3461761e-2	1.2002578e1	7.5229573e-1	
2026-06-09	10:44:14	4.31741e2	1.48618e1	1.24300e1	5.15004e1	9.74315e1	9.1774349e-2	8.3440961e-2	1.2041184e1	7.5924196e-1	
2026-06-09	10:44:15	4.31609e2	1.48506e1	1.24202e1	5.14971e1	9.74424e1	9.1765403e-2	8.3405971e-2	1.2044541e1	7.6251416e-1	
2026-06-09	10:44:15	4.31567e2	1.48532e1	1.24220e1	5.14937e1	9.74374e1	9.1754856e-2	8.3412704e-2	1.2017685e1	7.5366621e-1	
2026-06-09	10:44:16	4.31922e2	1.48548e1	1.24231e1	5.14971e1	9.74339e1	9.1804866e-2	8.3415622e-2	1.2042863e1	7.5544457e-1	
2026-06-09	10:44:16	4.32182e2	1.48592e1	1.24293e1	5.15004e1	9.74445e1	9.1853981e-2	8.3440961e-2	1.2063004e1	7.6110291e-1	
2026-06-09	10:44:17	4.32210e2	1.48602e1	1.24292e1	5.14971e1	9.74370e1	9.1851530e-2	8.3439588e-2	1.2019363e1	7.5483317e-1	
2026-06-09	10:44:17	4.32120e2	1.48502e1	1.24181e1	5.14937e1	9.74315e1	9.1833114e-2	8.3396320e-2	1.2045381e1	7.5567841e-1	
2026-06-09	10:44:18	4.31811e2	1.48503e1	1.24189e1	5.14937e1	9.74359e1	9.1790494e-2	8.3400306e-2	1.2053773e1	7.6819701e-1	
2026-06-09	10:44:18	4.32161e2	1.48598e1	1.24299e1	5.14971e1	9.74442e1	9.1851177e-2	8.3443822e-2	1.2026077e1	7.5912628e-1	
2026-06-09	10:44:19	4.32161e2	1.48598e1	1.24299e1	5.14971e1	9.74442e1	9.1851177e-2	8.3443822e-2	1.2026077e1	7.5912628e-1	
2026-06-09	10:44:19	4.32108e2	1.48477e1	1.24155e1	5.14937e1	9.74317e1	9.1831502e-2	8.3386535e-2	1.2064683e1	7.6331949e-1	
2026-06-09	10:44:20	4.32664e2	1.48847e1	1.24566e1	5.14904e1	9.74522e1	9.1937007e-2	8.3549499e-2	1.2040345e1	7.5895566e-1	
2026-06-09	10:44:20	4.34060e2	1.49363e1	1.25091e1	5.14904e1	9.74507e1	9.2147941e-2	8.3752155e-2	1.2036988e1	7.4736680e-1	
2026-06-09	10:44:21	4.33397e2	1.49402e1	1.25123e1	5.14937e1	9.74457e1	9.2041969e-2	8.3762884e-2	1.2063844e1	7.6202507e-1	
2026-06-09	10:44:21	4.35446e2	1.49347e1	1.25423e1	5.14971e1	9.76737e1	9.2574777e-2	8.3923339e-2	1.2034471e1	7.4523758e-1	
2026-06-09	10:44:22	4.37015e2	1.49892e1	1.25611e1	5.14937e1	9.74382e1	9.2583065e-2	8.3949928e-2	1.2058808e1	7.5015754e-1	
2026-06-09	10:44:22	4.35051e2	1.50271e1	1.26005e1	5.14937e1	9.74445e1	9.2292547e-2	8.4103879e-2	1.2068879e1	7.6283955e-1	
2026-06-09	10:44:23	4.46997e2	1.55578e1	1.31305e1	5.14937e1	9.74427e1	9.4094638e-2	8.6174602e-2	1.1985794e1	7.5147967e-1	
2026-06-09	10:44:23	4.42149e2	1.54071e1	1.29808e1	5.14937e1	9.74377e1	9.3361196e-2	8.5585174e-2	1.2063004e1	7.6613397e-1	
2026-06-09	10:44:24	4.42149e2	1.54071e1	1.29808e1	5.14937e1	9.74377e1	9.3361196e-2	8.5585174e-2	1.2063004e1	7.6613397e-1	
2026-06-09	10:44:24	4.38204e2	1.52160e1	1.27899e1	5.14904e1	9.74372e1	9.2765092e-2	8.4839525e-2	1.2039506e1	7.5915355e-1	
2026-06-09	10:44:25	4.38477e2	1.51824e1	1.27551e1	5.14904e1	9.74302e1	9.2799072e-2	8.4702491e-2	1.2051255e1	7.5781297e-1	
2026-06-09	10:44:25	4.38234e2	1.51515e1	1.27243e1	5.14937e1	9.74324e1	9.2763481e-2	8.4582386e-2	1.2070558e1	7.6346454e-1	
2026-06-09	10:44:26	4.37334e2	1.51325e1	1.27064e1	5.14904e1	9.74400e1	9.2635393e-2	8.4514799e-2	1.2013489e1	7.5783090e-1	
2026-06-09	10:44:26	4.36936e2	1.51110e1	1.26846e1	5.14904e1	9.74392e1	9.2574234e-2	8.4429922e-2	1.2046220e1	7.4644713e-1	
2026-06-09	10:44:27	4.37377e2	1.50808e1	1.26545e1	5.15004e1	9.74422e1	9.2641468e-2	8.4311962e-2	1.2057130e1	7.6022100e-1	
2026-06-09	10:44:27	4.37067e2	1.50636e1	1.26381e1	5.14971e1	9.74487e1	9.2601480e-2	8.4250211e-2	1.2012649e1	7.5127339e-1	
2026-06-09	10:44:28	4.36879e2	1.50573e1	1.26297e1	5.14971e1	9.74355e1	9.2560052e-2	8.4214744e-2	1.2050416e1	7.5185737e-1	
2026-06-09	10:44:28	4.36553e2	1.50362e1	1.26087e1	5.14971e1	9.74380e1	9.2512845e-2	8.4133920e-2	1.2047898e1	7.6240682e-1	
2026-06-09	10:44:29	4.35877e2	1.50164e1	1.25884e1	5.14971e1	9.74367e1	9.2409191e-2	8.4055004e-2	1.2019363e1	7.5485925e-1	
2026-06-09	10:44:29	4.35513e2	1.49900e1	1.25612e1	5.14937e1	9.74342e1	9.2352094e-2	8.3949804e-2	1.2048738e1	7.6434922e-1	
2026-06-09	10:44:30	4.35513e2	1.49900e1	1.25612e1	5.14937e1	9.74342e1	9.2352094e-2	8.3949804e-2	1.2048738e1	7.6434922e-1	
2026-06-09	10:44:30	4.35582e2	1.49843e1	1.25566e1	5.14904e1	9.74424e1	9.2371101e-2	8.3934307e-2	1.2021881e1	7.6051239e-1	
2026-06-09	10:44:31	4.35667e2	1.49769e1	1.25471e1	5.14970e1	9.74294e1	9.2369918e-2	8.3893775e-2	1.2020202e1	7.5992255e-1	
2026-06-09	10:44:31	4.35390e2	1.49612e1	1.25309e1	5.15037e1	9.74277e1	9.2324733e-2	8.3829402e-2	1.2040345e1	7.6045465e-1	
2026-06-09	10:44:32	4.34626e2	1.49479e1	1.25195e1	5.14971e1	9.74422e1	9.2224302e-2	8.3789529e-2	1.2048738e1	7.4296712e-1	
2026-06-09	10:44:32	4.34755e2	1.49371e1	1.25090e1	5.14937e1	9.74450e1	9.2247066e-2	8.3750009e-2	1.2063004e1	7.5665116e-1	
2026-06-09	10:44:33	4.34755e2	1.49371e1	1.25090e1	5.14937e1	9.74450e1	9.2247066e-2	8.3750009e-2	1.2063004e1	7.5665116e-1	
2026-06-09	10:44:33	4.34462e2	1.49262e1	1.24990e1	5.14937e1	9.74517e1	9.2209157e-2	8.3712520e-2	1.2003418e1	7.4783015e-1	
2026-06-09	10:44:34	4.34392e2	1.49141e1	1.24848e1	5.14937e1	9.74400e1	9.2186985e-2	8.3655414e-2	1.2035310e1	7.5201134e-1	
2026-06-09	10:44:34	4.34184e2	1.49098e1	1.24809e1	5.14937e1	9.74437e1	9.2158975e-2	8.3641290e-2	1.2060487e1	7.5970983e-1	
2026-06-09	10:44:35	4.33913e2	1.49052e1	1.24754e1	5.14904e1	9.74384e1	9.2113380e-2	8.3619537e-2	1.1999221e1	7.5089006e-1	
2026-06-09	10:44:35	4.33928e2	1.49034e1	1.24732e1	5.14904e1	9.74365e1	9.2113790e-2	8.3610715e-2	1.2034471e1	7.5998888e-1	
2026-06-09	10:44:36	4.33946e2	1.48942e1	1.24647e1	5.14937e1	9.74419e1	9.2121067e-2	8.3578290e-2	1.2063004e1	7.6148815e-1	
2026-06-09	10:44:36	4.33711e2	1.48914e1	1.24611e1	5.14904e1	9.74370e1	9.2081184e-2	8.3563804e-2	1.2014328e1	7.5359792e-1	
2026-06-09	10:44:37	4.33610e2	1.49008e1	1.24703e1	5.14971e1	9.74345e1	9.2062110e-2	8.3597774e-2	1.2055451e1	7.5831313e-1	
2026-06-09	10:44:37	4.33710e2	1.48919e1	1.24621e1	5.14971e1	9.74402e1	9.2082862e-2	8.3567323e-2	1.2058808e1	7.6326780e-1	
2026-06-09	10:44:38	4.33335e2	1.48780e1	1.24476e1	5.14937e1	9.74384e1	9.2024745e-2	8.3511466e-2	1.2011810e1	7.5471220e-1	
2026-06-09	10:44:38	4.33482e2	1.48723e1	1.24406e1	5.14971e1	9.74315e1	9.2039527e-2	8.3482685e-2	1.2044541e1	7.6162223e-1	
2026-06-09	10:44:39	4.33871e2	1.48660e1	1.24343e1	5.14971e1	9.74320e1	9.2098894e-2	8.3458366e-2	1.2036988e1	7.6928701e-1	
2026-06-09	10:44:39	4.33915e2	1.48758e1	1.24449e1	5.14971e1	9.74357e1	9.2109384e-2	8.3499965e-2	1.2005096e1	7.5984244e-1	
2026-06-09	10:44:40	4.33915e2	1.48758e1	1.24449e1	5.14971e1	9.74357e1	9.2109384e-2	8.3499965e-2	1.2005096e1	7.5984244e-1	
2026-06-09	10:44:40	4.33614e2	1.48740e1	1.24421e1	5.14904e1	9.74292e1	9.2058715e-2	8.3488941e-2	1.2057130e1	7.6373143e-1	
2026-06-09	10:44:41	4.33086e2	1.48648e1	1.24338e1	5.14971e1	9.74370e1	9.1984691e-2	8.3457469e-2	1.1994186e1	7.5854067e-1	
2026-06-09	10:44:41	4.33666e2	1.48541e1	1.24215e1	5.15004e1	9.74279e1	9.2063064e-2	8.3407459e-2	1.2063844e1	7.5975728e-1	
2026-06-09	10:44:42	4.33234e2	1.48547e1	1.24231e1	5.14971e1	9.74345e1	9.2004594e-2	8.3415622e-2	1.2056291e1	7.6725144e-1	
2026-06-09	10:44:42	4.33010e2	1.48579e1	1.24276e1	5.14971e1	9.74422e1	9.1978187e-2	8.3434467e-2	1.2031114e1	7.5893883e-1	
2026-06-09	10:44:43	4.33010e2	1.48579e1	1.24276e1	5.14971e1	9.74422e1	9.1978187e-2	8.3434467e-2	1.2031114e1	7.5893883e-1	
2026-06-09	10:44:43	4.33585e2	1.48483e1	1.24163e1	5.14937e1	9.74329e1	9.2056989e-2	8.3389940e-2	1.2024399e1	7.5623588e-1	
2026-06-09	10:44:44	4.33333e2	1.48465e1	1.24161e1	5.14971e1	9.74432e1	9.2027959e-2	8.3390235e-2	1.2043702e1	7.5510339e-1	
2026-06-09	10:44:44	4.33376e2	1.48523e1	1.24216e1	5.14971e1	9.74400e1	9.2031421e-2	8.3410797e-2	1.2052934e1	7.4628825e-1	
2026-06-09	10:44:45	4.33252e2	1.48461e1	1.24159e1	5.15004e1	9.74442e1	9.2015981e-2	8.3389043e-2	1.2070558e1	7.6074218e-1	
2026-06-09	10:44:45	4.33142e2	1.48415e1	1.24123e1	5.14971e1	9.74517e1	9.2007217e-2	8.3377418e-2	1.2006775e1	7.4635672e-1	
2026-06-09	10:44:46	4.33142e2	1.48415e1	1.24123e1	5.14971e1	9.74517e1	9.2007217e-2	8.3377418e-2	1.2006775e1	7.4635672e-1	
2026-06-09	10:44:46	4.32908e2	1.48387e1	1.24085e1	5.14971e1	9.74455e1	9.1965560e-2	8.3361511e-2	1.2063004e1	7.5519280e-1	
2026-06-09	10:44:47	4.33261e2	1.48365e1	1.24052e1	5.15004e1	9.74394e1	9.2012701e-2	8.3347082e-2	1.2068040e1	7.6245212e-1	
2026-06-09	10:44:47	4.33451e2	1.48439e1	1.24132e1	5.14937e1	9.74422e1	9.2045545e-2	8.3379688e-2	1.2027755e1	7.4656324e-1	
2026-06-09	10:44:48	4.33443e2	1.48298e1	1.23998e1	5.14971e1	9.74487e1	9.2049894e-2	8.3328838e-2	1.2028595e1	7.5346555e-1	
2026-06-09	10:44:48	4.34133e2	1.48522e1	1.24249e1	5.14971e1	9.74625e1	9.2168216e-2	8.3428087e-2	1.2036988e1	7.5012063e-1	
2026-06-09	10:44:49	4.34133e2	1.48522e1	1.24249e1	5.14971e1	9.74625e1	9.2168216e-2	8.3428087e-2	1.2036988e1	7.5012063e-1	
2026-06-09	10:44:49	4.33523e2	1.48979e1	1.24721e1	5.14971e1	9.74650e1	9.2078685e-2	8.3610773e-2	1.2056291e1	7.6415467e-1	
2026-06-09	10:44:50	4.34731e2	1.48797e1	1.24492e1	5.14971e1	9.74374e1	9.2234849e-2	8.3516712e-2	1.2054612e1	7.5028743e-1	
2026-06-09	10:44:50	4.46716e2	1.52709e1	1.28458e1	5.14971e1	9.74427e1	9.4048385e-2	8.5057373e-2	1.2062165e1	7.6279087e-1	
2026-06-09	10:44:51	4.68064e2	1.59093e1	1.34731e1	5.14937e1	9.74437e1	9.7212553e-2	8.7531566e-2	1.2026916e1	7.5598421e-1	
2026-06-09	10:44:51	4.59967e2	1.57695e1	1.33357e1	5.14904e1	9.74315e1	9.6011276e-2	8.6983976e-2	1.2042863e1	7.5650444e-1	
2026-06-09	10:44:52	4.59967e2	1.57695e1	1.33357e1	5.14904e1	9.74315e1	9.6011276e-2	8.6983976e-2	1.2042863e1	7.5650444e-1	
2026-06-09	10:44:52	4.45302e2	1.52945e1	1.28681e1	5.14937e1	9.74345e1	9.3829631e-2	8.5143384e-2	1.2048738e1	7.6544165e-1	
2026-06-09	10:44:53	4.41464e2	1.51471e1	1.27203e1	5.14904e1	9.74352e1	9.3253431e-2	8.4568023e-2	1.2056291e1	7.5491008e-1	
2026-06-09	10:44:53	4.41306e2	1.51158e1	1.26888e1	5.14937e1	9.74349e1	9.3228340e-2	8.4444761e-2	1.2056291e1	7.6493682e-1	
2026-06-09	10:44:54	4.41238e2	1.51032e1	1.26767e1	5.14904e1	9.74394e1	9.3223094e-2	8.4399280e-2	1.1999221e1	7.5473642e-1	
2026-06-09	10:44:54	4.41238e2	1.51032e1	1.26767e1	5.14904e1	9.74394e1	9.3223094e-2	8.4399280e-2	1.1999221e1	7.5473642e-1	
2026-06-09	10:44:55	4.40384e2	1.50811e1	1.26537e1	5.14937e1	9.74352e1	9.3089342e-2	8.4308624e-2	1.2060487e1	7.5464353e-1	
2026-06-09	10:44:55	4.39711e2	1.50524e1	1.26251e1	5.14971e1	9.74374e1	9.2989330e-2	8.4197282e-2	1.2063004e1	7.6230721e-1	
2026-06-09	10:44:56	4.38667e2	1.50131e1	1.25849e1	5.14904e1	9.74359e1	9.2831249e-2	8.4042491e-2	1.2052094e1	7.5213937e-1	
2026-06-09	10:44:56	4.38210e2	1.49922e1	1.25648e1	5.14937e1	9.74429e1	9.2768306e-2	8.3965415e-2	1.2058808e1	7.6183166e-1	
2026-06-09	10:44:57	4.38110e2	1.49800e1	1.25519e1	5.14904e1	9.74400e1	9.2750730e-2	8.3915414e-2	1.2026077e1	7.5691900e-1	
2026-06-09	10:44:57	4.37806e2	1.49677e1	1.25379e1	5.14871e1	9.74302e1	9.2695894e-2	8.3859806e-2	1.2050416e1	7.5421104e-1	
2026-06-09	10:44:58	4.37806e2	1.49677e1	1.25379e1	5.14871e1	9.74302e1	9.2695894e-2	8.3859806e-2	1.2050416e1	7.5421104e-1	
2026-06-09	10:44:58	4.37214e2	1.49528e1	1.25245e1	5.14904e1	9.74417e1	9.2616920e-2	8.3809671e-2	1.1987472e1	7.5448923e-1	
2026-06-09	10:44:59	4.37530e2	1.49431e1	1.25133e1	5.14904e1	9.74332e1	9.2656135e-2	8.3764915e-2	1.2051255e1	7.5048513e-1	
2026-06-09	10:44:59	4.37530e2	1.49431e1	1.25133e1	5.14904e1	9.74332e1	9.2656135e-2	8.3764915e-2	1.2051255e1	7.5048513e-1	
2026-06-09	10:45:00	4.35461e2	1.49228e1	1.24941e1	5.14971e1	9.74429e1	9.2351322e-2	8.3691482e-2	1.2018524e1	7.4970169e-1	
2026-06-09	10:45:00	4.35461e2	1.49228e1	1.24941e1	5.14971e1	9.74429e1	9.2351322e-2	8.3691482e-2	1.2018524e1	7.4970169e-1	
2026-06-09	10:45:01	4.34605e2	1.49109e1	1.24814e1	5.15004e1	9.74397e1	9.2217559e-2	8.3641109e-2	1.2059648e1	7.5461206e-1	
2026-06-09	10:45:01	4.35267e2	1.49059e1	1.24759e1	5.14971e1	9.74365e1	9.2315254e-2	8.3619594e-2	1.2063004e1	7.6263046e-1	
2026-06-09	10:45:02	4.35495e2	1.49314e1	1.25008e1	5.14904e1	9.74292e1	9.2344341e-2	8.3715553e-2	1.2058808e1	7.5947375e-1	
2026-06-09	10:45:02	4.35594e2	1.48898e1	1.24587e1	5.14904e1	9.74322e1	9.2361869e-2	8.3553848e-2	1.2035310e1	7.6509084e-1	
2026-06-09	10:45:03	4.35249e2	1.48513e1	1.24208e1	5.14971e1	9.74419e1	9.2317285e-2	8.3408412e-2	1.2026916e1	7.5732011e-1	
2026-06-09	10:45:03	4.35233e2	1.48491e1	1.24171e1	5.15037e1	9.74327e1	9.2304525e-2	8.3390951e-2	1.2020202e1	7.5908370e-1	
2026-06-09	10:45:04	4.35233e2	1.48491e1	1.24171e1	5.15037e1	9.74327e1	9.2304525e-2	8.3390951e-2	1.2020202e1	7.5908370e-1	
2026-06-09	10:45:04	4.34436e2	1.48635e1	1.24330e1	5.14971e1	9.74400e1	9.2192287e-2	8.3455028e-2	1.2057969e1	7.5880808e-1	
2026-06-09	10:45:05	4.34436e2	1.48635e1	1.24330e1	5.14971e1	9.74400e1	9.2192287e-2	8.3455028e-2	1.2057969e1	7.5880808e-1	
2026-06-09	10:45:05	4.34966e2	1.48513e1	1.24202e1	5.14937e1	9.74380e1	9.2271213e-2	8.3405675e-2	1.2072236e1	7.5686020e-1	
2026-06-09	10:45:06	4.34953e2	1.48507e1	1.24219e1	5.14871e1	9.74527e1	9.2284975e-2	8.3416280e-2	1.1984955e1	7.5377578e-1	
2026-06-09	10:45:06	4.34953e2	1.48507e1	1.24219e1	5.14871e1	9.74527e1	9.2284975e-2	8.3416280e-2	1.1984955e1	7.5377578e-1	
2026-06-09	10:45:07	4.35059e2	1.48524e1	1.24212e1	5.14904e1	9.74372e1	9.2285270e-2	8.3410148e-2	1.2051255e1	7.4927182e-1	
2026-06-09	10:45:07	4.35044e2	1.48504e1	1.24200e1	5.14937e1	9.74427e1	9.2287654e-2	8.3405790e-2	1.2057130e1	7.6179094e-1	
2026-06-09	10:45:08	4.35479e2	1.48515e1	1.24198e1	5.14971e1	9.74339e1	9.2344284e-2	8.3402748e-2	1.2064683e1	7.5638599e-1	
2026-06-09	10:45:08	4.35479e2	1.48515e1	1.24198e1	5.14971e1	9.74339e1	9.2344284e-2	8.3402748e-2	1.2064683e1	7.5638599e-1	
2026-06-09	10:45:09	4.35399e2	1.48448e1	1.24135e1	5.14937e1	9.74377e1	9.2336473e-2	8.3379802e-2	1.2021881e1	7.5673527e-1	
2026-06-09	10:45:09	4.35399e2	1.48448e1	1.24135e1	5.14937e1	9.74377e1	9.2336473e-2	8.3379802e-2	1.2021881e1	7.5673527e-1	
2026-06-09	10:45:10	4.35545e2	1.48390e1	1.24064e1	5.14904e1	9.74307e1	9.2352390e-2	8.3351907e-2	1.2042863e1	7.5698618e-1	
2026-06-09	10:45:10	4.35201e2	1.48476e1	1.24172e1	5.14904e1	9.74432e1	9.2312574e-2	8.3395957e-2	1.2009292e1	7.5232248e-1	
2026-06-09	10:45:11	4.35701e2	1.48391e1	1.24073e1	5.14904e1	9.74357e1	9.2380819e-2	8.3356266e-2	1.2074754e1	7.5147624e-1	
2026-06-09	10:45:11	4.35596e2	1.48371e1	1.24055e1	5.14971e1	9.74370e1	9.2364845e-2	8.3348217e-2	1.2061326e1	7.6193852e-1	
2026-06-09	10:45:12	4.35666e2	1.48368e1	1.24061e1	5.15004e1	9.74427e1	9.2380342e-2	8.3351135e-2	1.1983276e1	7.5180363e-1	
2026-06-09	10:45:12	4.36178e2	1.48327e1	1.24002e1	5.15004e1	9.74320e1	9.2447280e-2	8.3326225e-2	1.2069718e1	7.5071554e-1	
2026-06-09	10:45:13	4.36178e2	1.48327e1	1.24002e1	5.15004e1	9.74320e1	9.2447280e-2	8.3326225e-2	1.2069718e1	7.5071554e-1	
2026-06-09	10:45:13	4.35896e2	1.48356e1	1.24038e1	5.15004e1	9.74362e1	9.2408838e-2	8.3340940e-2	1.2005935e1	7.5682168e-1	
2026-06-09	10:45:14	4.35733e2	1.48353e1	1.24024e1	5.14970e1	9.74289e1	9.2377719e-2	8.3334684e-2	1.2062165e1	7.5966978e-1	
2026-06-09	10:45:14	4.35778e2	1.48360e1	1.24026e1	5.14937e1	9.74262e1	9.2382488e-2	8.3335819e-2	1.2045381e1	7.6733379e-1	
2026-06-09	10:45:15	4.35778e2	1.48360e1	1.24026e1	5.14937e1	9.74262e1	9.2382488e-2	8.3335819e-2	1.2045381e1	7.6733379e-1	
2026-06-09	10:45:15	4.36053e2	1.48405e1	1.24080e1	5.14971e1	9.74310e1	9.2428092e-2	8.3356914e-2	1.2045381e1	7.5670547e-1	
2026-06-09	10:45:16	4.36053e2	1.48405e1	1.24080e1	5.14971e1	9.74310e1	9.2428092e-2	8.3356914e-2	1.2045381e1	7.5670547e-1	
2026-06-09	10:45:16	4.35935e2	1.48323e1	1.23999e1	5.14971e1	9.74329e1	9.2412109e-2	8.3326101e-2	1.2040345e1	7.6178741e-1	
2026-06-09	10:45:17	4.36204e2	1.48281e1	1.23967e1	5.14937e1	9.74400e1	9.2460336e-2	8.3315734e-2	1.2057130e1	7.4354543e-1	
2026-06-09	10:45:17	4.35786e2	1.48270e1	1.23964e1	5.14937e1	9.74457e1	9.2402639e-2	8.3315734e-2	1.2067201e1	7.5792026e-1	
2026-06-09	10:45:18	4.36370e2	1.48293e1	1.24012e1	5.14937e1	9.74607e1	9.2505693e-2	8.3337068e-2	1.1986633e1	7.4939336e-1	
2026-06-09	10:45:18	4.36360e2	1.48164e1	1.23838e1	5.14971e1	9.74345e1	9.2477741e-2	8.3264293e-2	1.2052094e1	7.5262107e-1	
2026-06-09	10:45:19	4.36360e2	1.48164e1	1.23838e1	5.14971e1	9.74345e1	9.2477741e-2	8.3264293e-2	1.2052094e1	7.5262107e-1	
2026-06-09	10:45:19	4.34318e2	1.48281e1	1.23965e1	5.15004e1	9.74382e1	9.2171611e-2	8.3313169e-2	1.2062165e1	7.6660165e-1	
2026-06-09	10:45:20	4.39343e2	1.48491e1	1.24164e1	5.14971e1	9.74279e1	9.2921972e-2	8.3388624e-2	1.2066361e1	7.5776576e-1	
2026-06-09	10:45:20	4.39343e2	1.48491e1	1.24164e1	5.14971e1	9.74279e1	9.2921972e-2	8.3388624e-2	1.2066361e1	7.5776576e-1	
2026-06-09	10:45:21	4.36403e2	1.48821e1	1.24501e1	5.14971e1	9.74270e1	9.2477684e-2	8.3518142e-2	1.2033631e1	7.6406822e-1	
2026-06-09	10:45:21	4.48250e2	1.55227e1	1.30957e1	5.14904e1	9.74415e1	9.4280776e-2	8.6037998e-2	1.2020202e1	7.5912308e-1	
2026-06-09	10:45:22	4.51046e2	1.57990e1	1.33645e1	5.14971e1	9.74322e1	9.4690141e-2	8.7096986e-2	1.2018524e1	7.5952157e-1	
2026-06-09	10:45:22	4.42276e2	1.53175e1	1.28897e1	5.14937e1	9.74260e1	9.3367691e-2	8.5226297e-2	1.2035310e1	7.6164793e-1	
2026-06-09	10:45:23	4.40340e2	1.51205e1	1.26936e1	5.14904e1	9.74355e1	9.3084154e-2	8.4464130e-2	1.2047059e1	7.4729628e-1	
2026-06-09	10:45:23	4.40340e2	1.51205e1	1.26936e1	5.14904e1	9.74355e1	9.3084154e-2	8.4464130e-2	1.2047059e1	7.4729628e-1	
2026-06-09	10:45:24	4.40575e2	1.50983e1	1.26735e1	5.14871e1	9.74505e1	9.3134822e-2	8.4389572e-2	1.2007614e1	7.4708442e-1	
2026-06-09	10:45:24	4.40575e2	1.50983e1	1.26735e1	5.14871e1	9.74505e1	9.3134822e-2	8.4389572e-2	1.2007614e1	7.4708442e-1	
2026-06-09	10:45:25	4.40239e2	1.50790e1	1.26529e1	5.14904e1	9.74434e1	9.3076410e-2	8.4307556e-2	1.2050416e1	7.5223708e-1	
2026-06-09	10:45:25	4.40441e2	1.50568e1	1.26294e1	5.14904e1	9.74372e1	9.3100433e-2	8.4215278e-2	1.2066361e1	7.6098799e-1	
2026-06-09	10:45:26	4.39687e2	1.50205e1	1.25920e1	5.14904e1	9.74329e1	9.2982177e-2	8.4069194e-2	1.2066361e1	7.5961627e-1	
2026-06-09	10:45:26	4.39480e2	1.50011e1	1.25711e1	5.14937e1	9.74252e1	9.2942476e-2	8.3986167e-2	1.2075593e1	7.6895017e-1	
2026-06-09	10:45:27	4.39456e2	1.49806e1	1.25514e1	5.14937e1	9.74322e1	9.2945575e-2	8.3911304e-2	1.2011810e1	7.6184587e-1	
2026-06-09	10:45:27	4.39550e2	1.49737e1	1.25432e1	5.14937e1	9.74250e1	9.2952489e-2	8.3878154e-2	1.2035310e1	7.5933694e-1	
2026-06-09	10:45:28	4.39550e2	1.49737e1	1.25432e1	5.14937e1	9.74250e1	9.2952489e-2	8.3878154e-2	1.2035310e1	7.5933694e-1	
2026-06-09	10:45:28	4.39198e2	1.49699e1	1.25391e1	5.14937e1	9.74237e1	9.2898130e-2	8.3862009e-2	1.2027755e1	7.6410865e-1	
2026-06-09	10:45:29	4.38740e2	1.49464e1	1.25177e1	5.14971e1	9.74394e1	9.2843532e-2	8.3781719e-2	1.2034471e1	7.4620504e-1	
2026-06-09	10:45:29	4.38427e2	1.49269e1	1.24971e1	5.14937e1	9.74357e1	9.2793169e-2	8.3702144e-2	1.2061326e1	7.5838847e-1	
2026-06-09	10:45:30	4.38468e2	1.49171e1	1.24891e1	5.14937e1	9.74482e1	9.2811470e-2	8.3673591e-2	1.2012649e1	7.4848036e-1	
2026-06-09	10:45:30	4.38711e2	1.49173e1	1.24878e1	5.14904e1	9.74384e1	9.2839241e-2	8.3667335e-2	1.2048738e1	7.4940829e-1	
2026-06-09	10:45:31	4.38711e2	1.49173e1	1.24878e1	5.14904e1	9.74384e1	9.2839241e-2	8.3667335e-2	1.2048738e1	7.4940829e-1	
2026-06-09	10:45:31	4.38087e2	1.49034e1	1.24737e1	5.15037e1	9.74392e1	9.2742919e-2	8.3610773e-2	1.2017685e1	7.5372972e-1	
2026-06-09	10:45:32	4.38087e2	1.49034e1	1.24737e1	5.15037e1	9.74392e1	9.2742919e-2	8.3610773e-2	1.2017685e1	7.5372972e-1	
2026-06-09	10:45:32	4.38366e2	1.48828e1	1.24507e1	5.14971e1	9.74262e1	9.2773380e-2	8.3520298e-2	1.2075593e1	7.6705789e-1	
2026-06-09	10:45:33	4.37785e2	1.48759e1	1.24454e1	5.14971e1	9.74380e1	9.2697086e-2	8.3502178e-2	1.2018524e1	7.5737757e-1	
2026-06-09	10:45:33	4.37624e2	1.48701e1	1.24381e1	5.14971e1	9.74297e1	9.2664718e-2	8.3472728e-2	1.2021042e1	7.5785679e-1	
2026-06-09	10:45:34	4.37624e2	1.48701e1	1.24381e1	5.14971e1	9.74297e1	9.2664718e-2	8.3472728e-2	1.2021042e1	7.5785679e-1	
2026-06-09	10:45:34	4.37467e2	1.48658e1	1.24352e1	5.14904e1	9.74392e1	9.2651548e-2	8.3464622e-2	1.2005935e1	7.5458598e-1	
2026-06-09	10:45:35	4.37154e2	1.48679e1	1.24369e1	5.14971e1	9.74359e1	9.2599754e-2	8.3469209e-2	1.2056291e1	7.5070233e-1	
2026-06-09	10:45:35	4.37149e2	1.48553e1	1.24234e1	5.14971e1	9.74320e1	9.2594985e-2	8.3416223e-2	1.2049577e1	7.6350812e-1	
2026-06-09	10:45:36	4.37174e2	1.48546e1	1.24241e1	5.14904e1	9.74415e1	9.2609348e-2	8.3422069e-2	1.2023559e1	7.5239963e-1	
2026-06-09	10:45:36	4.37120e2	1.48482e1	1.24166e1	5.14937e1	9.74352e1	9.2594385e-2	8.3391189e-2	1.2062165e1	7.5162129e-1	
2026-06-09	10:45:37	4.37120e2	1.48482e1	1.24166e1	5.14937e1	9.74352e1	9.2594385e-2	8.3391189e-2	1.2062165e1	7.5162129e-1	
2026-06-09	10:45:37	4.36810e2	1.48301e1	1.23990e1	5.14904e1	9.74412e1	9.2553796e-2	8.3325328e-2	1.2045381e1	7.6434946e-1	
2026-06-09	10:45:38	4.36657e2	1.48448e1	1.24127e1	5.14937e1	9.74332e1	9.2522325e-2	8.3376111e-2	1.2005935e1	7.5519523e-1	
2026-06-09	10:45:38	4.36316e2	1.48286e1	1.23954e1	5.14937e1	9.74284e1	9.2465934e-2	8.3308458e-2	1.2064683e1	7.6684718e-1	
2026-06-09	10:45:39	4.36316e2	1.48286e1	1.23954e1	5.14937e1	9.74284e1	9.2465934e-2	8.3308458e-2	1.2064683e1	7.6684718e-1	
2026-06-09	10:45:39	4.36559e2	1.48348e1	1.24014e1	5.14871e1	9.74257e1	9.2501401e-2	8.3332118e-2	1.1989990e1	7.5855298e-1	
2026-06-09	10:45:40	4.36559e2	1.48348e1	1.24014e1	5.14871e1	9.74257e1	9.2501401e-2	8.3332118e-2	1.1989990e1	7.5855298e-1	
2026-06-09	10:45:40	4.36119e2	1.48267e1	1.23929e1	5.14937e1	9.74244e1	9.2432260e-2	8.3297786e-2	1.2054612e1	7.6142721e-1	
2026-06-09	10:45:41	4.36267e2	1.48232e1	1.23916e1	5.14971e1	9.74392e1	9.2468376e-2	8.3295230e-2	1.2053773e1	7.6306819e-1	
2026-06-09	10:45:41	4.36521e2	1.48258e1	1.23915e1	5.14937e1	9.74217e1	9.2490377e-2	8.3292064e-2	1.2042863e1	7.5887546e-1	
2026-06-09	10:45:42	4.36496e2	1.48236e1	1.23910e1	5.14971e1	9.74324e1	9.2496395e-2	8.3291416e-2	1.2060487e1	7.6474380e-1	
2026-06-09	10:45:42	4.36517e2	1.48272e1	1.23959e1	5.14904e1	9.74412e1	9.2509450e-2	8.3313522e-2	1.2014328e1	7.5774221e-1	
2026-06-09	10:45:43	4.36517e2	1.48272e1	1.23959e1	5.14904e1	9.74412e1	9.2509450e-2	8.3313522e-2	1.2014328e1	7.5774221e-1	
2026-06-09	10:45:43	4.36453e2	1.48179e1	1.23844e1	5.14971e1	9.74287e1	9.2486143e-2	8.3265542e-2	1.2047059e1	7.6161909e-1	
2026-06-09	10:45:44	4.36363e2	1.48256e1	1.23961e1	5.14937e1	9.74524e1	9.2496509e-2	8.3315610e-2	1.2035310e1	7.5823950e-1	
2026-06-09	10:45:44	4.36460e2	1.48195e1	1.23888e1	5.14904e1	9.74462e1	9.2505636e-2	8.3287181e-2	1.2060487e1	7.4548377e-1	
2026-06-09	10:45:45	4.36460e2	1.48195e1	1.23888e1	5.14904e1	9.74462e1	9.2505636e-2	8.3287181e-2	1.2060487e1	7.4548377e-1	
2026-06-09	10:45:45	4.37716e2	1.48029e1	1.24115e1	5.14904e1	9.77007e1	9.2945213e-2	8.3424386e-2	1.2014328e1	7.4331903e-1	
2026-06-09	10:45:46	4.37716e2	1.48029e1	1.24115e1	5.14904e1	9.77007e1	9.2945213e-2	8.3424386e-2	1.2014328e1	7.4331903e-1	
2026-06-09	10:45:46	4.37039e2	1.49269e1	1.24997e1	5.14871e1	9.74514e1	9.2600288e-2	8.3716335e-2	1.2017685e1	7.5305004e-1	
2026-06-09	10:45:47	4.47050e2	1.55148e1	1.30883e1	5.14904e1	9.74442e1	9.4104175e-2	8.6009502e-2	1.2067201e1	7.4089069e-1	
2026-06-09	10:45:47	4.47050e2	1.55148e1	1.30883e1	5.14904e1	9.74442e1	9.4104175e-2	8.6009502e-2	1.2067201e1	7.4089069e-1	
2026-06-09	10:45:48	4.43928e2	1.53909e1	1.29658e1	5.14970e1	9.74452e1	9.3634843e-2	8.5527362e-2	1.2026916e1	7.4636740e-1	
2026-06-09	10:45:48	4.41050e2	1.51917e1	1.27661e1	5.14971e1	9.74407e1	9.3195734e-2	8.4746122e-2	1.2044541e1	7.5624780e-1	
2026-06-09	10:45:49	4.41050e2	1.51917e1	1.27661e1	5.14971e1	9.74407e1	9.3195734e-2	8.4746122e-2	1.2044541e1	7.5624780e-1	
2026-06-09	10:45:49	4.41223e2	1.51257e1	1.26992e1	5.14937e1	9.74382e1	9.3219165e-2	8.4486007e-2	1.2052934e1	7.5022602e-1	
2026-06-09	10:45:50	4.40541e2	1.51020e1	1.26759e1	5.14937e1	9.74419e1	9.3120040e-2	8.4396181e-2	1.2073075e1	7.6257171e-1	
2026-06-09	10:45:50	4.40088e2	1.50755e1	1.26491e1	5.14971e1	9.74415e1	9.3050241e-2	8.4291162e-2	1.1996704e1	7.5218858e-1	
2026-06-09	10:45:51	4.40173e2	1.50398e1	1.26123e1	5.14904e1	9.74380e1	9.3060550e-2	8.4149122e-2	1.2035310e1	7.5491342e-1	
2026-06-09	10:45:51	4.40182e2	1.50224e1	1.25950e1	5.14904e1	9.74400e1	9.3063716e-2	8.4082365e-2	1.2068040e1	7.6494970e-1	
2026-06-09	10:45:52	4.40182e2	1.50224e1	1.25950e1	5.14904e1	9.74400e1	9.3063716e-2	8.4082365e-2	1.2068040e1	7.6494970e-1	
2026-06-09	10:45:52	4.39134e2	1.49795e1	1.25502e1	5.14937e1	9.74320e1	9.2896642e-2	8.3906707e-2	1.2045381e1	7.5806798e-1	
2026-06-09	10:45:53	4.39022e2	1.49704e1	1.25406e1	5.14971e1	9.74304e1	9.2877569e-2	8.3868799e-2	1.2052094e1	7.6727571e-1	
2026-06-09	10:45:53	4.40077e2	1.49593e1	1.25304e1	5.14904e1	9.74370e1	9.3044166e-2	8.3831605e-2	1.2021042e1	7.5919637e-1	
2026-06-09	10:45:54	4.40156e2	1.49414e1	1.25115e1	5.14904e1	9.74327e1	9.3051614e-2	8.3757877e-2	1.2031114e1	7.5700645e-1	
2026-06-09	10:45:54	4.40156e2	1.49414e1	1.25115e1	5.14904e1	9.74327e1	9.3051614e-2	8.3757877e-2	1.2031114e1	7.5700645e-1	
2026-06-09	10:45:55	4.38771e2	1.49277e1	1.24976e1	5.14971e1	9.74329e1	9.2841567e-2	8.3702745e-2	1.2060487e1	7.6406326e-1	
2026-06-09	10:45:55	4.37167e2	1.49193e1	1.24886e1	5.14904e1	9.74304e1	9.2598323e-2	8.3668708e-2	1.2032792e1	7.5928764e-1	
2026-06-09	10:45:56	4.37409e2	1.49203e1	1.24885e1	5.14937e1	9.74234e1	9.2627410e-2	8.3666439e-2	1.2031953e1	7.6326413e-1	
2026-06-09	10:45:56	4.37674e2	1.49249e1	1.24949e1	5.14904e1	9.74337e1	9.2678127e-2	8.3693618e-2	1.2061326e1	7.6735095e-1	
2026-06-09	10:45:57	4.37707e2	1.48951e1	1.24642e1	5.15004e1	9.74329e1	9.2680034e-2	8.3573284e-2	1.2022720e1	7.6116175e-1	
2026-06-09	10:45:57	4.37573e2	1.48481e1	1.24157e1	5.15004e1	9.74300e1	9.265625e-2	8.3385581e-2	1.2039506e1	7.6010174e-1	
2026-06-09	10:45:58	4.37573e2	1.48481e1	1.24157e1	5.15004e1	9.74300e1	9.265625e-2	8.3385581e-2	1.2039506e1	7.6010174e-1	
2026-06-09	10:45:58	4.37407e2	1.48427e1	1.24100e1	5.14937e1	9.74289e1	9.2631521e-2	8.3364601e-2	1.2052094e1	7.6469736e-1	
2026-06-09	10:45:59	4.37075e2	1.48583e1	1.24272e1	5.14871e1	9.74365e1	9.2590274e-2	8.3433570e-2	1.2058808e1	7.4820003e-1	
2026-06-09	10:45:59	4.37480e2	1.48550e1	1.24242e1	5.14937e1	9.74394e1	9.2653036e-2	8.3421411e-2	1.2045381e1	7.5880641e-1	
2026-06-09	10:46:00	4.37521e2	1.48516e1	1.24216e1	5.14937e1	9.74455e1	9.2665014e-2	8.3412761e-2	1.2021042e1	7.5214252e-1	
2026-06-09	10:46:00	4.37039e2	1.48431e1	1.24120e1	5.14904e1	9.74390e1	9.2586402e-2	8.3374919e-2	1.2061326e1	7.5098681e-1	
2026-06-09	10:46:01	4.37039e2	1.48431e1	1.24120e1	5.14904e1	9.74390e1	9.2586402e-2	8.3374919e-2	1.2061326e1	7.5098681e-1	
2026-06-09	10:46:01	4.37174e2	1.48535e1	1.24231e1	5.14971e1	9.74417e1	9.2608213e-2	8.3416938e-2	1.2010132e1	7.5419750e-1	
2026-06-09	10:46:02	4.37174e2	1.48535e1	1.24231e1	5.14971e1	9.74417e1	9.2608213e-2	8.3416938e-2	1.2010132e1	7.5419750e-1	
2026-06-09	10:46:02	4.37778e2	1.48385e1	1.24053e1	5.14937e1	9.74265e1	9.2684984e-2	8.3346128e-2	1.2052094e1	7.6479024e-1	
2026-06-09	10:46:03	4.37134e2	1.48458e1	1.24149e1	5.14937e1	9.74407e1	9.2601776e-2	8.3386058e-2	1.2030273e1	7.5474557e-1	
2026-06-09	10:46:03	4.37134e2	1.48458e1	1.24149e1	5.14937e1	9.74407e1	9.2601776e-2	8.3386058e-2	1.2030273e1	7.5474557e-1	
2026-06-09	10:46:04	4.36758e2	1.48393e1	1.24075e1	5.14971e1	9.74357e1	9.2539367e-2	8.3355903e-2	1.2044541e1	7.5485205e-1	
2026-06-09	10:46:04	4.36858e2	1.48359e1	1.24053e1	5.15004e1	9.74440e1	9.2561779e-2	8.3348274e-2	1.2026077e1	7.5237588e-1	
2026-06-09	10:46:05	4.36990e2	1.48328e1	1.24021e1	5.15037e1	9.74434e1	9.2580614e-2	8.3335285e-2	1.2063004e1	7.4620389e-1	
2026-06-09	10:46:05	4.36990e2	1.48328e1	1.24021e1	5.15037e1	9.74434e1	9.2580614e-2	8.3335285e-2	1.2063004e1	7.4620389e-1	
2026-06-09	10:46:06	4.36686e2	1.48176e1	1.23871e1	5.14971e1	9.74475e1	9.2539672e-2	8.3279666e-2	1.2034471e1	7.4900631e-1	
2026-06-09	10:46:06	4.36686e2	1.48176e1	1.23871e1	5.14971e1	9.74475e1	9.2539672e-2	8.3279666e-2	1.2034471e1	7.4900631e-1	
2026-06-09	10:46:07	4.37190e2	1.48193e1	1.23871e1	5.15004e1	9.74359e1	9.2604045e-2	8.3276567e-2	1.2057969e1	7.5407929e-1	
2026-06-09	10:46:07	4.37210e2	1.48184e1	1.23863e1	5.15004e1	9.74372e1	9.2608156e-2	8.3273706e-2	1.2050416e1	7.6430506e-1	
2026-06-09	10:46:08	4.36534e2	1.48136e1	1.23800e1	5.14904e1	9.74282e1	9.2499141e-2	8.3249511e-2	1.2042863e1	7.5942187e-1	
2026-06-09	10:46:08	4.36534e2	1.48136e1	1.23800e1	5.14904e1	9.74282e1	9.2499141e-2	8.3249511e-2	1.2042863e1	7.5942187e-1	
2026-06-09	10:46:09	4.36401e2	1.48058e1	1.23713e1	5.14937e1	9.74244e1	9.2474575e-2	8.3214874e-2	1.2046220e1	7.6836090e-1	
2026-06-09	10:46:09	4.36331e2	1.48106e1	1.23785e1	5.14971e1	9.74384e1	9.2477207e-2	8.3244504e-2	1.2030273e1	7.5849299e-1	
2026-06-09	10:46:10	4.36484e2	1.48106e1	1.23781e1	5.15004e1	9.74357e1	9.2496871e-2	8.3241996e-2	1.2026077e1	7.6194338e-1	
2026-06-09	10:46:10	4.36574e2	1.48102e1	1.23757e1	5.14937e1	9.74232e1	9.2499618e-2	8.3231391e-2	1.2057969e1	7.6354699e-1	
2026-06-09	10:46:11	4.36562e2	1.48103e1	1.23774e1	5.14904e1	9.74329e1	9.2508077e-2	8.3240394e-2	1.2011810e1	7.6051764e-1	
2026-06-09	10:46:11	4.36802e2	1.48029e1	1.23681e1	5.14937e1	9.74227e1	9.2533531e-2	8.3202180e-2	1.2057969e1	7.5681819e-1	
2026-06-09	10:46:12	4.36871e2	1.48068e1	1.23739e1	5.15004e1	9.74339e1	9.2553672e-2	8.3225545e-2	1.2056291e1	7.6206135e-1	
2026-06-09	10:46:12	4.36900e2	1.48129e1	1.23819e1	5.14971e1	9.74452e1	9.2569828e-2	8.3259162e-2	1.2035310e1	7.5913629e-1	
2026-06-09	10:46:13	4.36900e2	1.48129e1	1.23819e1	5.14971e1	9.74452e1	9.2569828e-2	8.3259162e-2	1.2035310e1	7.5913629e-1	
2026-06-09	10:46:13	4.36723e2	1.47984e1	1.23644e1	5.14937e1	9.74282e1	9.2526969e-2	8.3188953e-2	1.2038667e1	7.6460819e-1	
2026-06-09	10:46:14	4.35393e2	1.48135e1	1.23923e1	5.14904e1	9.75074e1	9.2404069e-2	8.3312397e-2	1.2054612e1	7.6574440e-1	
2026-06-09	10:46:14	4.37215e2	1.48058e1	1.23863e1	5.14937e1	9.75202e1	9.2691602e-2	8.3291292e-2	1.2000900e1	7.5123739e-1	
2026-06-09	10:46:15	4.35422e2	1.47153e1	1.22793e1	5.14937e1	9.74320e1	9.2332839e-2	8.2862739e-2	1.2055451e1	7.5653047e-1	
2026-06-09	10:46:15	4.42800e2	1.51594e1	1.27343e1	5.14904e1	9.74447e1	9.3463602e-2	8.4624176e-2	1.2042024e1	7.5827331e-1	
2026-06-09	10:46:16	4.42800e2	1.51594e1	1.27343e1	5.14904e1	9.74447e1	9.3463602e-2	8.4624176e-2	1.2042024e1	7.5827331e-1	
2026-06-09	10:46:16	4.42800e2	1.51594e1	1.27343e1	5.14904e1	9.74447e1	9.3463602e-2	8.4624176e-2	1.2042024e1	7.5827331e-1	
2026-06-09	10:46:17	4.43732e2	1.52573e1	1.28321e1	5.14937e1	9.74415e1	9.3600864e-2	8.5004091e-2	1.2021042e1	7.5425171e-1	
2026-06-09	10:46:17	4.43732e2	1.52573e1	1.28321e1	5.14937e1	9.74415e1	9.3600864e-2	8.5004091e-2	1.2021042e1	7.5425171e-1	
2026-06-09	10:46:18	4.41469e2	1.51022e1	1.26768e1	5.14937e1	9.74464e1	9.3264045e-2	8.4400539e-2	1.2058808e1	7.6003737e-1	
2026-06-09	10:46:18	4.41711e2	1.50898e1	1.26633e1	5.14971e1	9.74405e1	9.3293609e-2	8.4346294e-2	1.2011810e1	7.4886178e-1	
2026-06-09	10:46:19	4.41711e2	1.50898e1	1.26633e1	5.14971e1	9.74405e1	9.3293609e-2	8.4346294e-2	1.2011810e1	7.4886178e-1	
2026-06-09	10:46:19	4.41711e2	1.50898e1	1.26633e1	5.14971e1	9.74405e1	9.3293609e-2	8.4346294e-2	1.2011810e1	7.4886178e-1	
2026-06-09	10:46:20	4.40967e2	1.50284e1	1.26008e1	5.14871e1	9.74382e1	9.3180770e-2	8.4105014e-2	1.2058808e1	7.4218349e-1	
2026-06-09	10:46:20	4.40537e2	1.50126e1	1.25864e1	5.14937e1	9.74485e1	9.3124685e-2	8.4050235e-2	1.2068879e1	7.5902605e-1	
2026-06-09	10:46:21	4.39919e2	1.49906e1	1.25631e1	5.14937e1	9.74429e1	9.3025922e-2	8.3958921e-2	1.2031114e1	7.4685811e-1	
2026-06-09	10:46:21	4.39866e2	1.49646e1	1.25364e1	5.14904e1	9.74405e1	9.3015851e-2	8.3855390e-2	1.2064683e1	7.5495982e-1	
2026-06-09	10:46:22	4.39866e2	1.49646e1	1.25364e1	5.14904e1	9.74405e1	9.3015851e-2	8.3855390e-2	1.2064683e1	7.5495982e-1	
2026-06-09	10:46:22	4.39821e2	1.49513e1	1.25212e1	5.14904e1	9.74307e1	9.2999343e-2	8.3795013e-2	1.2043702e1	7.4861660e-1	
2026-06-09	10:46:23	4.39821e2	1.49513e1	1.25212e1	5.14904e1	9.74307e1	9.2999343e-2	8.3795013e-2	1.2043702e1	7.4861660e-1	
2026-06-09	10:46:23	4.39233e2	1.49303e1	1.25017e1	5.14937e1	9.74422e1	9.2921075e-2	8.3721046e-2	1.2060487e1	7.6161222e-1	
2026-06-09	10:46:24	4.39213e2	1.49104e1	1.24799e1	5.14971e1	9.74327e1	9.2907905e-2	8.3634433e-2	1.2073915e1	7.5316472e-1	
2026-06-09	10:46:24	4.39213e2	1.49104e1	1.24799e1	5.14971e1	9.74327e1	9.2907905e-2	8.3634433e-2	1.2073915e1	7.5316472e-1	
2026-06-09	10:46:25	4.38903e2	1.49019e1	1.24717e1	5.14937e1	9.74365e1	9.2865352e-2	8.3604278e-2	1.2052094e1	7.6269035e-1	
2026-06-09	10:46:25	4.38903e2	1.49019e1	1.24717e1	5.14937e1	9.74365e1	9.2865352e-2	8.3604278e-2	1.2052094e1	7.6269035e-1	
2026-06-09	10:46:26	4.39031e2	1.48879e1	1.24566e1	5.14971e1	9.74315e1	9.2878875e-2	8.3544368e-2	1.2053773e1	7.5554137e-1	
2026-06-09	10:46:26	4.38841e2	1.48765e1	1.24445e1	5.14971e1	9.74282e1	9.2846870e-2	8.3496932e-2	1.2048738e1	7.6575164e-1	
2026-06-09	10:46:27	4.39108e2	1.48621e1	1.24299e1	5.15004e1	9.74297e1	9.2887763e-2	8.3440418e-2	1.2054612e1	7.5491738e-1	
2026-06-09	10:46:27	4.39108e2	1.48621e1	1.24299e1	5.15004e1	9.74297e1	9.2887763e-2	8.3440418e-2	1.2054612e1	7.5491738e-1	
2026-06-09	10:46:28	4.39046e2	1.48552e1	1.24230e1	5.14937e1	9.74302e1	9.2880249e-2	8.3415031e-2	1.2040345e1	7.6048665e-1	
2026-06-09	10:46:28	4.38975e2	1.48498e1	1.24174e1	5.14937e1	9.74300e1	9.2869224e-2	8.3393278e-2	1.2037827e1	7.5628952e-1	
2026-06-09	10:46:29	4.38776e2	1.48506e1	1.24180e1	5.15004e1	9.74287e1	9.2836561e-2	8.3394165e-2	1.2041184e1	7.6463394e-1	
2026-06-09	10:46:29	4.38577e2	1.48414e1	1.24102e1	5.14937e1	9.74384e1	9.2817420e-2	8.3367166e-2	1.2036988e1	7.6159911e-1	
2026-06-09	10:46:30	4.39010e2	1.48332e1	1.23996e1	5.14971e1	9.74252e1	9.2868862e-2	8.3323297e-2	1.2008453e1	7.6224403e-1	
2026-06-09	10:46:30	4.39010e2	1.48332e1	1.23996e1	5.14971e1	9.74252e1	9.2868862e-2	8.3323297e-2	1.2008453e1	7.6224403e-1	
2026-06-09	10:46:31	4.38991e2	1.48362e1	1.24019e1	5.15004e1	9.74199e1	9.2860221e-2	8.3330574e-2	1.2052094e1	7.6358289e-1	
2026-06-09	10:46:31	4.38991e2	1.48362e1	1.24019e1	5.15004e1	9.74199e1	9.2860221e-2	8.3330574e-2	1.2052094e1	7.6358289e-1	
2026-06-09	10:46:32	4.38739e2	1.48303e1	1.23970e1	5.14971e1	9.74275e1	9.2830238e-2	8.3313703e-2	1.2051255e1	7.5543074e-1	
2026-06-09	10:46:32	4.38866e2	1.48157e1	1.23820e1	5.14937e1	9.74275e1	9.2849845e-2	8.3256607e-2	1.2055451e1	7.6377987e-1	
2026-06-09	10:46:33	4.38764e2	1.48249e1	1.23934e1	5.14904e1	9.74394e1	9.2847108e-2	8.3303270e-2	1.2014328e1	7.5853099e-1	
2026-06-09	10:46:33	4.39219e2	1.48256e1	1.23923e1	5.14937e1	9.74282e1	9.2903976e-2	8.3296537e-2	1.2055451e1	7.5419354e-1	
2026-06-09	10:46:34	4.39219e2	1.48256e1	1.23923e1	5.14937e1	9.74282e1	9.2903976e-2	8.3296537e-2	1.2055451e1	7.5419354e-1	
2026-06-09	10:46:34	4.38978e2	1.48157e1	1.23836e1	5.15004e1	9.74372e1	9.2875061e-2	8.3263282e-2	1.2009292e1	7.5530586e-1	
2026-06-09	10:46:35	4.38755e2	1.48186e1	1.23857e1	5.15004e1	9.74320e1	9.2836322e-2	8.3270368e-2	1.2046220e1	7.4719638e-1	
2026-06-09	10:46:35	4.39125e2	1.48186e1	1.23868e1	5.14904e1	9.74394e1	9.2901525e-2	8.3278121e-2	1.2062165e1	7.6277585e-1	
2026-06-09	10:46:36	4.39110e2	1.48258e1	1.23941e1	5.14937e1	9.74384e1	9.2897653e-2	8.3305244e-2	1.2022720e1	7.5170736e-1	
2026-06-09	10:46:36	4.39110e2	1.48258e1	1.23941e1	5.14937e1	9.74384e1	9.2897653e-2	8.3305244e-2	1.2022720e1	7.5170736e-1	
2026-06-09	10:46:37	4.38844e2	1.48129e1	1.23799e1	5.14937e1	9.74322e1	9.2851219e-2	8.3249454e-2	1.2038667e1	7.5314993e-1	
2026-06-09	10:46:37	4.38931e2	1.48138e1	1.23814e1	5.14904e1	9.74357e1	9.2868566e-2	8.3256425e-2	1.1998382e1	7.5538177e-1	
2026-06-09	10:46:38	4.38931e2	1.48138e1	1.23814e1	5.14904e1	9.74357e1	9.2868566e-2	8.3256425e-2	1.1998382e1	7.5538177e-1	
2026-06-09	10:46:38	4.38930e2	1.48097e1	1.23754e1	5.14937e1	9.74250e1	9.2857065e-2	8.3230791e-2	1.2057130e1	7.6605467e-1	
2026-06-09	10:46:39	4.38774e2	1.48209e1	1.23881e1	5.14904e1	9.74322e1	9.2841510e-2	8.3281459e-2	1.2047059e1	7.6206393e-1	
2026-06-09	10:46:39	4.38774e2	1.48209e1	1.23881e1	5.14904e1	9.74322e1	9.2841510e-2	8.3281459e-2	1.2047059e1	7.6206393e-1	
2026-06-09	10:46:40	4.39182e2	1.48133e1	1.23791e1	5.14937e1	9.74244e1	9.2894611e-2	8.3244743e-2	1.2042863e1	7.6083326e-1	
2026-06-09	10:46:40	4.38829e2	1.48048e1	1.23709e1	5.15004e1	9.74279e1	9.2843294e-2	8.3212614e-2	1.2072236e1	7.6909632e-1	
2026-06-09	10:46:41	4.38632e2	1.48086e1	1.23758e1	5.14971e1	9.74339e1	9.2820224e-2	8.3233175e-2	1.2005935e1	7.6009998e-1	
2026-06-09	10:46:41	4.38159e2	1.48054e1	1.23718e1	5.14971e1	9.74300e1	9.2744884e-2	8.3217325e-2	1.2054612e1	7.5965585e-1	
2026-06-09	10:46:42	4.39473e2	1.47988e1	1.23953e1	5.15004e1	9.76237e1	9.3132972e-2	8.3344993e-2	1.2064683e1	7.6208343e-1	
2026-06-09	10:46:42	4.41412e2	1.48104e1	1.23767e1	5.15004e1	9.74279e1	9.3232393e-2	8.3234968e-2	1.2028595e1	7.6096849e-1	
2026-06-09	10:46:43	4.41412e2	1.48104e1	1.23767e1	5.15004e1	9.74279e1	9.3232393e-2	8.3234968e-2	1.2028595e1	7.6096849e-1	
2026-06-09	10:46:43	4.47449e2	1.55881e1	1.31586e1	5.14970e1	9.74322e1	9.4151439e-2	8.6282548e-2	1.2052934e1	7.6012082e-1	
2026-06-09	10:46:44	4.47449e2	1.55881e1	1.31586e1	5.14970e1	9.74322e1	9.4151439e-2	8.6282548e-2	1.2052934e1	7.6012082e-1	
2026-06-09	10:46:44	4.46579e2	1.55848e1	1.31548e1	5.14904e1	9.74287e1	9.4019231e-2	8.6268129e-2	1.2036149e1	7.5158777e-1	
2026-06-09	10:46:45	4.43250e2	1.52461e1	1.28193e1	5.14904e1	9.74320e1	9.3519687e-2	8.4953193e-2	1.2053773e1	7.5670156e-1	
2026-06-09	10:46:45	4.42739e2	1.51753e1	1.27494e1	5.14904e1	9.74394e1	9.3449478e-2	8.4682044e-2	1.2016006e1	7.5560541e-1	
2026-06-09	10:46:46	4.42739e2	1.51753e1	1.27494e1	5.14904e1	9.74394e1	9.3449478e-2	8.4682044e-2	1.2016006e1	7.5560541e-1	
2026-06-09	10:46:46	4.42196e2	1.51022e1	1.26747e1	5.14971e1	9.74329e1	9.3359289e-2	8.4389152e-2	1.2057969e1	7.6117568e-1	
2026-06-09	10:46:47	4.42101e2	1.50834e1	1.26568e1	5.14937e1	9.74400e1	9.3352375e-2	8.4321384e-2	1.2016006e1	7.5444278e-1	
2026-06-09	10:46:47	4.42101e2	1.50834e1	1.26568e1	5.14937e1	9.74400e1	9.3352375e-2	8.4321384e-2	1.2016006e1	7.5444278e-1	
2026-06-09	10:46:48	4.41863e2	1.50314e1	1.26034e1	5.14937e1	9.74355e1	9.3311491e-2	8.4113483e-2	1.2067201e1	7.6145372e-1	
2026-06-09	10:46:48	4.41863e2	1.50314e1	1.26034e1	5.14937e1	9.74355e1	9.3311491e-2	8.4113483e-2	1.2067201e1	7.6145372e-1	
2026-06-09	10:46:49	4.41551e2	1.50079e1	1.25798e1	5.14937e1	9.74372e1	9.3266067e-2	8.4022464e-2	1.2000061e1	7.4831037e-1	
2026-06-09	10:46:49	4.41326e2	1.49780e1	1.25496e1	5.14937e1	9.74382e1	9.3232870e-2	8.3905696e-2	1.2057130e1	7.5766658e-1	
2026-06-09	10:46:50	4.40426e2	1.49653e1	1.25364e1	5.14937e1	9.74365e1	9.3095664e-2	8.3854141e-2	1.2058808e1	7.4510803e-1	
2026-06-09	10:46:50	4.40426e2	1.49653e1	1.25364e1	5.14937e1	9.74365e1	9.3095664e-2	8.3854141e-2	1.2058808e1	7.4510803e-1	
2026-06-09	10:46:51	4.39756e2	1.49392e1	1.25116e1	5.15004e1	9.74482e1	9.3004589e-2	8.3759546e-2	1.2014328e1	7.4386982e-1	
2026-06-09	10:46:51	4.39756e2	1.49392e1	1.25116e1	5.15004e1	9.74482e1	9.3004589e-2	8.3759546e-2	1.2014328e1	7.4386982e-1	
2026-06-09	10:46:52	4.39750e2	1.49455e1	1.25164e1	5.14937e1	9.74372e1	9.2994213e-2	8.3776836e-2	1.2031953e1	7.5202198e-1	
2026-06-09	10:46:52	4.39643e2	1.48828e1	1.24519e1	5.14937e1	9.74345e1	9.2974662e-2	8.3527450e-2	1.2036149e1	7.4609522e-1	
2026-06-09	10:46:53	4.39643e2	1.48828e1	1.24519e1	5.14937e1	9.74345e1	9.2974662e-2	8.3527450e-2	1.2036149e1	7.4609522e-1	
2026-06-09	10:46:53	4.39582e2	1.48582e1	1.24263e1	5.14971e1	9.74322e1	9.2962379e-2	8.3427724e-2	1.2058808e1	7.5950384e-1	
2026-06-09	10:46:54	4.39029e2	1.48768e1	1.24445e1	5.14871e1	9.74265e1	9.2875595e-2	8.3498477e-2	1.2049577e1	7.5117373e-1	
2026-06-09	10:46:54	4.39029e2	1.48768e1	1.24445e1	5.14871e1	9.74265e1	9.2875595e-2	8.3498477e-2	1.2049577e1	7.5117373e-1	
2026-06-09	10:46:55	4.39597e2	1.48638e1	1.24319e1	5.14937e1	9.74315e1	9.2964591e-2	8.3449783e-2	1.2059648e1	7.6338982e-1	
2026-06-09	10:46:55	4.39597e2	1.48638e1	1.24319e1	5.14937e1	9.74315e1	9.2964591e-2	8.3449783e-2	1.2059648e1	7.6338982e-1	
2026-06-09	10:46:56	4.38825e2	1.48579e1	1.24261e1	5.14937e1	9.74322e1	9.2848892e-2	8.3427314e-2	1.2063004e1	7.5249156e-1	
2026-06-09	10:46:56	4.39514e2	1.48451e1	1.24128e1	5.14904e1	9.74312e1	9.2952251e-2	8.3376350e-2	1.2055451e1	7.6363582e-1	
2026-06-09	10:46:57	4.39653e2	1.48412e1	1.24082e1	5.14937e1	9.74277e1	9.2969055e-2	8.3357696e-2	1.2067201e1	7.5470066e-1	
2026-06-09	10:46:57	4.39185e2	1.48404e1	1.24084e1	5.14937e1	9.74345e1	9.2905225e-2	8.3359661e-2	1.2045381e1	7.6261491e-1	
2026-06-09	10:46:58	4.39185e2	1.48404e1	1.24084e1	5.14937e1	9.74345e1	9.2905225e-2	8.3359661e-2	1.2045381e1	7.6261491e-1	
2026-06-09	10:46:58	4.39185e2	1.48404e1	1.24084e1	5.14937e1	9.74345e1	9.2905225e-2	8.3359661e-2	1.2045381e1	7.6261491e-1	
2026-06-09	10:46:59	4.39331e2	1.48422e1	1.24101e1	5.14871e1	9.74335e1	9.2927513e-2	8.3367233e-2	1.2037827e1	7.5023226e-1	
2026-06-09	10:46:59	4.39783e2	1.48225e1	1.23899e1	5.14904e1	9.74327e1	9.2993974e-2	8.3288488e-2	1.2046220e1	7.6567869e-1	
2026-06-09	10:47:00	4.39437e2	1.48282e1	1.23949e1	5.15004e1	9.74275e1	9.2934722e-2	8.3304996e-2	1.2031953e1	7.5517845e-1	
2026-06-09	10:47:00	4.39437e2	1.48282e1	1.23949e1	5.15004e1	9.74275e1	9.2934722e-2	8.3304996e-2	1.2031953e1	7.5517845e-1	
2026-06-09	10:47:01	4.38954e2	1.48135e1	1.23805e1	5.14971e1	9.74322e1	9.2867136e-2	8.3251113e-2	1.2055451e1	7.6260986e-1	
2026-06-09	10:47:01	4.38954e2	1.48135e1	1.23805e1	5.14971e1	9.74322e1	9.2867136e-2	8.3251113e-2	1.2055451e1	7.6260986e-1	
2026-06-09	10:47:02	4.38760e2	1.48219e1	1.23890e1	5.14871e1	9.74315e1	9.2839298e-2	8.3285570e-2	1.2020202e1	7.5584959e-1	
2026-06-09	10:47:02	4.38810e2	1.48081e1	1.23741e1	5.14871e1	9.74270e1	9.2842216e-2	8.3227272e-2	1.2048738e1	7.6443309e-1	
2026-06-09	10:47:03	4.39286e2	1.48048e1	1.23710e1	5.14971e1	9.74287e1	9.2913684e-2	8.3213806e-2	1.1992508e1	7.5608439e-1	
2026-06-09	10:47:03	4.39253e2	1.48045e1	1.23704e1	5.14904e1	9.74272e1	9.2908496e-2	8.3212556e-2	1.2063844e1	7.5931806e-1	
2026-06-09	10:47:04	4.39253e2	1.48045e1	1.23704e1	5.14904e1	9.74272e1	9.2908496e-2	8.3212556e-2	1.2063844e1	7.5931806e-1	
2026-06-09	10:47:04	4.39277e2	1.47928e1	1.23592e1	5.14937e1	9.74320e1	9.2916069e-2	8.3169641e-2	1.2025238e1	7.5829133e-1	
2026-06-09	10:47:05	4.39505e2	1.48024e1	1.23681e1	5.14937e1	9.74260e1	9.2944564e-2	8.3202724e-2	1.2045381e1	7.5999193e-1	
2026-06-09	10:47:05	4.39345e2	1.47953e1	1.23604e1	5.14904e1	9.74237e1	9.2918815e-2	8.3173456e-2	1.2049577e1	7.6355433e-1	
2026-06-09	10:47:06	4.39185e2	1.47957e1	1.23627e1	5.14904e1	9.74349e1	9.2905883e-2	8.3184242e-2	1.2020202e1	7.6303873e-1	
2026-06-09	10:47:06	4.39185e2	1.47957e1	1.23627e1	5.14904e1	9.74349e1	9.2905883e-2	8.3184242e-2	1.2020202e1	7.6303873e-1	
2026-06-09	10:47:07	4.39379e2	1.48041e1	1.23696e1	5.14937e1	9.74242e1	9.2923879e-2	8.3208141e-2	1.2007614e1	7.5801792e-1	
2026-06-09	10:47:07	4.39404e2	1.47906e1	1.23588e1	5.14971e1	9.74437e1	9.2945938e-2	8.3169822e-2	1.2061326e1	7.6008987e-1	
2026-06-09	10:47:08	4.39153e2	1.47970e1	1.23653e1	5.14971e1	9.74440e1	9.2908563e-2	8.3195095e-2	1.2018524e1	7.5026245e-1	
2026-06-09	10:47:08	4.39057e2	1.48072e1	1.23789e1	5.14904e1	9.74632e1	9.2914466e-2	8.3252067e-2	1.2057130e1	7.5945658e-1	
2026-06-09	10:47:09	4.40911e2	1.48391e1	1.24338e1	5.14904e1	9.76049e1	9.3333835e-2	8.3491621e-2	1.2043702e1	7.5516357e-1	
2026-06-09	10:47:09	4.41881e2	1.48812e1	1.24493e1	5.14837e1	9.74284e1	9.3307495e-2	8.3518028e-2	1.2037827e1	7.5382747e-1	
2026-06-09	10:47:10	4.41881e2	1.48812e1	1.24493e1	5.14837e1	9.74284e1	9.3307495e-2	8.3518028e-2	1.2037827e1	7.5382747e-1	
2026-06-09	10:47:10	4.50325e2	1.55976e1	1.31686e1	5.14937e1	9.74370e1	9.4585781e-2	8.6323795e-2	1.2040345e1	7.5365142e-1	
2026-06-09	10:47:11	4.50325e2	1.55976e1	1.31686e1	5.14937e1	9.74370e1	9.4585781e-2	8.6323795e-2	1.2040345e1	7.5365142e-1	
2026-06-09	10:47:11	4.46636e2	1.53898e1	1.29644e1	5.14937e1	9.74432e1	9.4039077e-2	8.5522117e-2	1.2062165e1	7.5946478e-1	
2026-06-09	10:47:12	4.43310e2	1.51321e1	1.27072e1	5.14904e1	9.74472e1	9.3542337e-2	8.4519271e-2	1.2012649e1	7.4427199e-1	
2026-06-09	10:47:13	4.43151e2	1.50953e1	1.26684e1	5.14904e1	9.74370e1	9.3507947e-2	8.4366436e-2	1.2036988e1	7.5460872e-1	
2026-06-09	10:47:13	4.43151e2	1.50953e1	1.26684e1	5.14904e1	9.74370e1	9.3507947e-2	8.4366436e-2	1.2036988e1	7.5460872e-1	
2026-06-09	10:47:13	4.42831e2	1.50785e1	1.26515e1	5.14904e1	9.74382e1	9.3460922e-2	8.4301290e-2	1.2079789e1	7.6111340e-1	
2026-06-09	10:47:14	4.42831e2	1.50785e1	1.26515e1	5.14904e1	9.74382e1	9.3460922e-2	8.4301290e-2	1.2079789e1	7.6111340e-1	
2026-06-09	10:47:14	4.42554e2	1.50684e1	1.26407e1	5.14971e1	9.74337e1	9.3413352e-2	8.4257011e-2	1.2014328e1	7.5045704e-1	
2026-06-09	10:47:15	4.42008e2	1.49954e1	1.25663e1	5.15037e1	9.74315e1	9.3326988e-2	8.3967094e-2	1.2017685e1	7.5292797e-1	
2026-06-09	10:47:15	4.42008e2	1.49954e1	1.25663e1	5.15037e1	9.74315e1	9.3326988e-2	8.3967094e-2	1.2017685e1	7.5292797e-1	
2026-06-09	10:47:16	4.41688e2	1.49740e1	1.25443e1	5.14971e1	9.74300e1	9.3278408e-2	8.3882865e-2	1.2047059e1	7.5791172e-1	
2026-06-09	10:47:16	4.41552e2	1.49431e1	1.25128e1	5.14937e1	9.74302e1	9.3258562e-2	8.3761749e-2	1.2006775e1	7.5537815e-1	
2026-06-09	10:47:17	4.41210e2	1.49275e1	1.24961e1	5.14971e1	9.74250e1	9.3201160e-2	8.3695354e-2	1.2062165e1	7.6008939e-1	
2026-06-09	10:47:17	4.41210e2	1.49275e1	1.24961e1	5.14971e1	9.74250e1	9.3201160e-2	8.3695354e-2	1.2062165e1	7.6008939e-1	
2026-06-09	10:47:18	4.41065e2	1.49025e1	1.24714e1	5.14871e1	9.74304e1	9.3186378e-2	8.3603019e-2	1.1992508e1	7.5871949e-1	
2026-06-09	10:47:18	4.41084e2	1.48925e1	1.24601e1	5.14904e1	9.74240e1	9.3182086e-2	8.3557662e-2	1.2060487e1	7.5978684e-1	
2026-06-09	10:47:19	4.41084e2	1.48925e1	1.24601e1	5.14904e1	9.74240e1	9.3182086e-2	8.3557662e-2	1.2060487e1	7.5978684e-1	
2026-06-09	10:47:19	4.41084e2	1.48925e1	1.24601e1	5.14904e1	9.74240e1	9.3182086e-2	8.3557662e-2	1.2060487e1	7.5978684e-1	
2026-06-09	10:47:20	4.40649e2	1.48857e1	1.24546e1	5.15004e1	9.74329e1	9.3123378e-2	8.3536329e-2	1.2031114e1	7.5805015e-1	
2026-06-09	10:47:20	4.41011e2	1.48757e1	1.24440e1	5.14937e1	9.74304e1	9.3176603e-2	8.3496208e-2	1.2062165e1	7.5084824e-1	
2026-06-09	10:47:21	4.40568e2	1.48540e1	1.24231e1	5.14971e1	9.74390e1	9.3117351e-2	8.3416461e-2	1.2022720e1	7.5233645e-1	
2026-06-09	10:47:21	4.40876e2	1.48421e1	1.24102e1	5.14937e1	9.74342e1	9.3159561e-2	8.3366394e-2	1.2066361e1	7.5121650e-1	
2026-06-09	10:47:22	4.40876e2	1.48421e1	1.24102e1	5.14937e1	9.74342e1	9.3159561e-2	8.3366394e-2	1.2066361e1	7.5121650e-1	
2026-06-09	10:47:22	4.40714e2	1.48443e1	1.24127e1	5.14937e1	9.74359e1	9.3137025e-2	8.3376464e-2	1.1988311e1	7.5389676e-1	
2026-06-09	10:47:23	4.40525e2	1.48311e1	1.23979e1	5.14937e1	9.74279e1	9.3100490e-2	8.3317871e-2	1.2053773e1	7.5539779e-1	
2026-06-09	10:47:23	4.40525e2	1.48311e1	1.23979e1	5.14937e1	9.74279e1	9.3100490e-2	8.3317871e-2	1.2053773e1	7.5539779e-1	
2026-06-09	10:47:24	4.40214e2	1.48232e1	1.23904e1	5.14937e1	9.74317e1	9.3057336e-2	8.3289623e-2	1.1999221e1	7.5883655e-1	
2026-06-09	10:47:24	4.40136e2	1.48120e1	1.23773e1	5.14937e1	9.74209e1	9.3034858e-2	8.3236989e-2	1.2040345e1	7.5757999e-1	
2026-06-09	10:47:25	4.40136e2	1.48120e1	1.23773e1	5.14937e1	9.74209e1	9.3034858e-2	8.3236989e-2	1.2040345e1	7.5757999e-1	
2026-06-09	10:47:25	4.40006e2	1.48120e1	1.23795e1	5.14971e1	9.74357e1	9.3029022e-2	8.3248023e-2	1.2029434e1	7.5258817e-1	
2026-06-09	10:47:26	4.40273e2	1.48104e1	1.23771e1	5.14971e1	9.74312e1	9.3064842e-2	8.3238010e-2	1.2058808e1	7.5084533e-1	
2026-06-09	10:47:26	4.40273e2	1.48104e1	1.23771e1	5.14971e1	9.74312e1	9.3064842e-2	8.3238010e-2	1.2058808e1	7.5084533e-1	
2026-06-09	10:47:27	4.40213e2	1.48038e1	1.23711e1	5.14971e1	9.74359e1	9.3060436e-2	8.3215713e-2	1.2000900e1	7.5508947e-1	
2026-06-09	10:47:27	4.40213e2	1.48038e1	1.23711e1	5.14971e1	9.74359e1	9.3060436e-2	8.3215713e-2	1.2000900e1	7.5508947e-1	
2026-06-09	10:47:28	4.40353e2	1.48074e1	1.23738e1	5.14971e1	9.74300e1	9.3075571e-2	8.3225011e-2	1.2046220e1	7.5361099e-1	
2026-06-09	10:47:28	4.40363e2	1.47982e1	1.23657e1	5.14971e1	9.74382e1	9.3085107e-2	8.3195152e-2	1.2002578e1	7.5711097e-1	
2026-06-09	10:47:29	4.40363e2	1.47982e1	1.23657e1	5.14971e1	9.74382e1	9.3085107e-2	8.3195152e-2	1.2002578e1	7.5711097e-1	
2026-06-09	10:47:29	4.40371e2	1.47896e1	1.23550e1	5.14904e1	9.74267e1	9.3076343e-2	8.3153190e-2	1.2045381e1	7.5404491e-1	
2026-06-09	10:47:30	4.40334e2	1.47887e1	1.23544e1	5.14904e1	9.74282e1	9.3072175e-2	8.3150920e-2	1.2007614e1	7.6144032e-1	
2026-06-09	10:47:30	4.40334e2	1.47887e1	1.23544e1	5.14904e1	9.74282e1	9.3072175e-2	8.3150920e-2	1.2007614e1	7.6144032e-1	
2026-06-09	10:47:31	4.39856e2	1.47960e1	1.23609e1	5.14904e1	9.74225e1	9.2994575e-2	8.3175125e-2	1.2033631e1	7.5756015e-1	
2026-06-09	10:47:31	4.40129e2	1.47845e1	1.23511e1	5.14904e1	9.74347e1	9.3047618e-2	8.3139657e-2	1.2047898e1	7.5622587e-1	
2026-06-09	10:47:32	4.39881e2	1.47875e1	1.23538e1	5.14904e1	9.74327e1	9.3008337e-2	8.3149795e-2	1.2052934e1	7.4546327e-1	
2026-06-09	10:47:32	4.40255e2	1.47788e1	1.23458e1	5.14904e1	9.74390e1	9.3070745e-2	8.3120231e-2	1.2048738e1	7.6013622e-1	
2026-06-09	10:47:33	4.40720e2	1.47782e1	1.23456e1	5.14971e1	9.74412e1	9.3141613e-2	8.3118438e-2	1.2013489e1	7.4633889e-1	
2026-06-09	10:47:33	4.40720e2	1.47782e1	1.23456e1	5.14971e1	9.74412e1	9.3141613e-2	8.3118438e-2	1.2013489e1	7.4633889e-1	
2026-06-09	10:47:34	4.40272e2	1.47742e1	1.23410e1	5.14904e1	9.74382e1	9.3072471e-2	8.3101511e-2	1.2046220e1	7.5182099e-1	
2026-06-09	10:47:34	4.40272e2	1.47742e1	1.23410e1	5.14904e1	9.74382e1	9.3072471e-2	8.3101511e-2	1.2046220e1	7.5182099e-1	
2026-06-09	10:47:35	4.40259e2	1.47693e1	1.23364e1	5.15004e1	9.74410e1	9.3071165e-2	8.3082618e-2	1.2045381e1	7.5681724e-1	
2026-06-09	10:47:35	4.40172e2	1.47713e1	1.23405e1	5.14971e1	9.74540e1	9.3071517e-2	8.3101568e-2	1.2050416e1	7.5692391e-1	
2026-06-09	10:47:36	4.40172e2	1.47713e1	1.23405e1	5.14971e1	9.74540e1	9.3071517e-2	8.3101568e-2	1.2050416e1	7.5692391e-1	
2026-06-09	10:47:36	4.39694e2	1.47762e1	1.23419e1	5.15004e1	9.74307e1	9.2976093e-2	8.3101806e-2	1.2019363e1	7.5459089e-1	
2026-06-09	10:47:37	4.39910e2	1.47711e1	1.23364e1	5.14971e1	9.74287e1	9.3007326e-2	8.3080711e-2	1.2061326e1	7.6106710e-1	
2026-06-09	10:47:37	4.39910e2	1.47711e1	1.23364e1	5.14971e1	9.74287e1	9.3007326e-2	8.3080711e-2	1.2061326e1	7.6106710e-1	
2026-06-09	10:47:38	4.39596e2	1.47842e1	1.23526e1	5.14937e1	9.74469e1	9.2978839e-2	8.3147344e-2	1.2045381e1	7.6788635e-1	
2026-06-09	10:47:38	4.41676e2	1.47510e1	1.23482e1	5.14971e1	9.76375e1	9.3478860e-2	8.3166894e-2	1.2055451e1	7.6115150e-1	
2026-06-09	10:47:39	4.41012e2	1.47316e1	1.22953e1	5.14837e1	9.74270e1	9.3173618e-2	8.2924842e-2	1.1996704e1	7.5744485e-1	
2026-06-09	10:47:39	4.43557e2	1.49319e1	1.25010e1	5.14837e1	9.74277e1	9.3559083e-2	8.3717460e-2	1.2050416e1	7.5937180e-1	
2026-06-09	10:47:40	4.43557e2	1.49319e1	1.25010e1	5.14837e1	9.74277e1	9.3559083e-2	8.3717460e-2	1.2050416e1	7.5937180e-1	
2026-06-09	10:47:40	4.64393e2	1.57705e1	1.33383e1	5.14937e1	9.74415e1	9.6671285e-2	8.6995487e-2	1.1992508e1	7.5743384e-1	
2026-06-09	10:47:41	4.51795e2	1.53266e1	1.28986e1	5.14904e1	9.74250e1	9.4789800e-2	8.5261459e-2	1.2030273e1	7.5884885e-1	
2026-06-09	10:47:41	4.47944e2	1.51364e1	1.27077e1	5.14904e1	9.74227e1	9.4211692e-2	8.4516286e-2	1.2042863e1	7.6415414e-1	
2026-06-09	10:47:42	4.47526e2	1.51098e1	1.26831e1	5.14904e1	9.74377e1	9.4163837e-2	8.4423837e-2	1.2032792e1	7.6146306e-1	
2026-06-09	10:47:42	4.47503e2	1.50914e1	1.26632e1	5.14904e1	9.74294e1	9.4152030e-2	8.4345045e-2	1.2039506e1	7.5605344e-1	
2026-06-09	10:47:43	4.47503e2	1.50914e1	1.26632e1	5.14904e1	9.74294e1	9.4152030e-2	8.4345045e-2	1.2039506e1	7.5605344e-1	
2026-06-09	10:47:43	4.47503e2	1.50914e1	1.26632e1	5.14904e1	9.74294e1	9.4152030e-2	8.4345045e-2	1.2039506e1	7.5605344e-1	
2026-06-09	10:47:44	4.46559e2	1.50404e1	1.26127e1	5.14937e1	9.74362e1	9.4016370e-2	8.4149656e-2	1.2036988e1	7.5926523e-1	
2026-06-09	10:47:44	4.46730e2	1.50179e1	1.25894e1	5.14937e1	9.74335e1	9.4038848e-2	8.4058818e-2	1.2045381e1	7.4709148e-1	
2026-06-09	10:47:45	4.44053e2	1.49640e1	1.25371e1	5.15004e1	9.74492e1	9.3651771e-2	8.3858308e-2	1.2016006e1	7.4939517e-1	
2026-06-09	10:47:45	4.43453e2	1.49537e1	1.25248e1	5.14971e1	9.74377e1	9.3550863e-2	8.3808841e-2	1.2047898e1	7.5075197e-1	
2026-06-09	10:47:46	4.43453e2	1.49537e1	1.25248e1	5.14971e1	9.74377e1	9.3550863e-2	8.3808841e-2	1.2047898e1	7.5075197e-1	
2026-06-09	10:47:46	4.42986e2	1.49560e1	1.25268e1	5.14937e1	9.74359e1	9.3479747e-2	8.3817062e-2	1.1995025e1	7.5545387e-1	
2026-06-09	10:47:47	4.42481e2	1.49511e1	1.25210e1	5.14937e1	9.74307e1	9.3398752e-2	8.3793582e-2	1.2047059e1	7.5681834e-1	
2026-06-09	10:47:47	4.42903e2	1.48818e1	1.24502e1	5.14937e1	9.74302e1	9.3460798e-2	8.3520116e-2	1.2061326e1	7.6869635e-1	
2026-06-09	10:47:48	4.43013e2	1.48364e1	1.24036e1	5.14871e1	9.74302e1	9.3478021e-2	8.3341655e-2	1.1995865e1	7.6039319e-1	
2026-06-09	10:47:48	4.43013e2	1.48364e1	1.24036e1	5.14871e1	9.74302e1	9.3478021e-2	8.3341655e-2	1.1995865e1	7.6039319e-1	
2026-06-09	10:47:49	4.42251e2	1.48551e1	1.24224e1	5.14871e1	9.74275e1	9.3361139e-2	8.3413362e-2	1.2051255e1	7.5631322e-1	
2026-06-09	10:47:49	4.41599e2	1.48551e1	1.24247e1	5.14871e1	9.74419e1	9.3277511e-2	8.3425045e-2	1.2017685e1	7.5496811e-1	
2026-06-09	10:47:50	4.41599e2	1.48551e1	1.24247e1	5.14871e1	9.74419e1	9.3277511e-2	8.3425045e-2	1.2017685e1	7.5496811e-1	
2026-06-09	10:47:50	4.41695e2	1.48372e1	1.24051e1	5.14937e1	9.74339e1	9.3282461e-2	8.3346958e-2	1.2051255e1	7.6038846e-1	
2026-06-09	10:47:51	4.41398e2	1.48288e1	1.23979e1	5.14937e1	9.74429e1	9.3246574e-2	8.3320856e-2	1.1991668e1	7.5237970e-1	
2026-06-09	10:47:51	4.41485e2	1.48225e1	1.23896e1	5.14871e1	9.74315e1	9.3249559e-2	8.3287954e-2	1.2057130e1	7.5338034e-1	
2026-06-09	10:47:52	4.41485e2	1.48225e1	1.23896e1	5.14871e1	9.74315e1	9.3249559e-2	8.3287954e-2	1.2057130e1	7.5338034e-1	
2026-06-09	10:47:52	4.41492e2	1.48102e1	1.23778e1	5.14937e1	9.74362e1	9.3253850e-2	8.3241996e-2	1.2007614e1	7.5453863e-1	
2026-06-09	10:47:53	4.41047e2	1.48075e1	1.23741e1	5.14971e1	9.74302e1	9.3180236e-2	8.3225908e-2	1.2066361e1	7.5661048e-1	
2026-06-09	10:47:53	4.40689e2	1.47976e1	1.23637e1	5.14904e1	9.74289e1	9.3126478e-2	8.3186988e-2	1.2044541e1	7.6706604e-1	
2026-06-09	10:47:54	4.40727e2	1.47978e1	1.23648e1	5.14904e1	9.74352e1	9.3138275e-2	8.3192586e-2	1.2028595e1	7.5966320e-1	
2026-06-09	10:47:54	4.40727e2	1.47978e1	1.23648e1	5.14904e1	9.74352e1	9.3138275e-2	8.3192586e-2	1.2028595e1	7.5966320e-1	
2026-06-09	10:47:55	4.40557e2	1.47931e1	1.23596e1	5.14871e1	9.74322e1	9.3110380e-2	8.3172321e-2	1.2024399e1	7.5348987e-1	
2026-06-09	10:47:55	4.40557e2	1.47931e1	1.23596e1	5.14871e1	9.74322e1	9.3110380e-2	8.3172321e-2	1.2024399e1	7.5348987e-1	
2026-06-09	10:47:56	4.40823e2	1.47848e1	1.23517e1	5.14904e1	9.74370e1	9.3154373e-2	8.3142337e-2	1.2002578e1	7.5457782e-1	
2026-06-09	10:47:56	4.40755e2	1.47844e1	1.23498e1	5.14904e1	9.74270e1	9.3134288e-2	8.3133163e-2	1.2063004e1	7.4888539e-1	
2026-06-09	10:47:57	4.40671e2	1.47740e1	1.23405e1	5.14904e1	9.74362e1	9.3130531e-2	8.3099308e-2	1.1989151e1	7.5307826e-1	
2026-06-09	10:47:57	4.40574e2	1.47702e1	1.23356e1	5.14904e1	9.74302e1	9.3110141e-2	8.3079280e-2	1.2065522e1	7.5362133e-1	
2026-06-09	10:47:58	4.40574e2	1.47702e1	1.23356e1	5.14904e1	9.74302e1	9.3110141e-2	8.3079280e-2	1.2065522e1	7.5362133e-1	
2026-06-09	10:47:58	4.40480e2	1.47695e1	1.23363e1	5.14937e1	9.74390e1	9.3103828e-2	8.3082971e-2	1.1994186e1	7.5513391e-1	
2026-06-09	10:47:59	4.40480e2	1.47695e1	1.23363e1	5.14937e1	9.74390e1	9.3103828e-2	8.3082971e-2	1.1994186e1	7.5513391e-1	
2026-06-09	10:47:59	4.40419e2	1.47650e1	1.23297e1	5.14937e1	9.74267e1	9.3082485e-2	8.3055257e-2	1.2059648e1	7.5866074e-1	
2026-06-09	10:48:00	4.39959e2	1.47558e1	1.23215e1	5.14904e1	9.74347e1	9.3021688e-2	8.3025875e-2	1.2026916e1	7.6076536e-1	
2026-06-09	10:48:00	4.40146e2	1.47563e1	1.23206e1	5.14971e1	9.74252e1	9.3039216e-2	8.3019199e-2	1.2025238e1	7.5891761e-1	
2026-06-09	10:48:01	4.40146e2	1.47563e1	1.23206e1	5.14971e1	9.74252e1	9.3039216e-2	8.3019199e-2	1.2025238e1	7.5891761e-1	
2026-06-09	10:48:01	4.39534e2	1.47540e1	1.23199e1	5.14937e1	9.74359e1	9.2958269e-2	8.3019256e-2	1.2047059e1	7.6105265e-1	
2026-06-09	10:48:02	4.39542e2	1.47566e1	1.23222e1	5.15004e1	9.74342e1	9.2956428e-2	8.3026704e-2	1.2043702e1	7.4803886e-1	
2026-06-09	10:48:02	4.39889e2	1.47534e1	1.23187e1	5.14937e1	9.74324e1	9.3008279e-2	8.3013896e-2	1.2038667e1	7.5714392e-1	
2026-06-09	10:48:03	4.39923e2	1.47438e1	1.23110e1	5.14971e1	9.74472e1	9.3027057e-2	8.2986888e-2	1.2042024e1	7.5054616e-1	
2026-06-09	10:48:03	4.39923e2	1.47438e1	1.23110e1	5.14971e1	9.74472e1	9.3027057e-2	8.2986888e-2	1.2042024e1	7.5054616e-1	
2026-06-09	10:48:04	4.40013e2	1.47445e1	1.23097e1	5.15004e1	9.74337e1	9.3026638e-2	8.2978610e-2	1.2064683e1	7.4945287e-1	
2026-06-09	10:48:04	4.40013e2	1.47445e1	1.23097e1	5.15004e1	9.74337e1	9.3026638e-2	8.2978610e-2	1.2064683e1	7.4945287e-1	
2026-06-09	10:48:05	4.39799e2	1.47499e1	1.23145e1	5.14971e1	9.74287e1	9.2990341e-2	8.2996482e-2	1.2060487e1	7.5806665e-1	
2026-06-09	10:48:05	4.39901e2	1.47423e1	1.23067e1	5.14937e1	9.74287e1	9.3006191e-2	8.2967100e-2	1.2058808e1	7.6707558e-1	
2026-06-09	10:48:06	4.39768e2	1.47463e1	1.23120e1	5.14871e1	9.74370e1	9.2995700e-2	8.2990465e-2	1.2013489e1	7.5999078e-1	
2026-06-09	10:48:06	4.38823e2	1.47568e1	1.23266e1	5.14904e1	9.74609e1	9.2876319e-2	8.3050727e-2	1.2040345e1	7.5939564e-1	
2026-06-09	10:48:07	4.38823e2	1.47568e1	1.23266e1	5.14904e1	9.74609e1	9.2876319e-2	8.3050727e-2	1.2040345e1	7.5939564e-1	
2026-06-09	10:48:07	4.40136e2	1.47132e1	1.22781e1	5.14937e1	9.74382e1	9.3050661e-2	8.2859096e-2	1.2049577e1	7.5527696e-1	
2026-06-09	10:48:08	4.44632e2	1.50073e1	1.25789e1	5.14937e1	9.74349e1	9.3726272e-2	8.4018411e-2	1.2056291e1	7.4779376e-1	
2026-06-09	10:48:08	4.64184e2	1.58393e1	1.34042e1	5.14904e1	9.74365e1	9.6637067e-2	8.7256908e-2	1.2068040e1	7.5972800e-1	
2026-06-09	10:48:09	4.64720e2	1.59550e1	1.35170e1	5.14937e1	9.74427e1	9.6722717e-2	8.7706146e-2	1.2017685e1	7.4827342e-1	
2026-06-09	10:48:09	4.51168e2	1.53877e1	1.29608e1	5.14937e1	9.74335e1	9.4705219e-2	8.5506200e-2	1.2030273e1	7.5321798e-1	
2026-06-09	10:48:10	4.51168e2	1.53877e1	1.29608e1	5.14937e1	9.74335e1	9.4705219e-2	8.5506200e-2	1.2030273e1	7.5321798e-1	
2026-06-09	10:48:10	4.46197e2	1.50836e1	1.26560e1	5.14904e1	9.74332e1	9.3960466e-2	8.4317626e-2	1.2005935e1	7.5086584e-1	
2026-06-09	10:48:11	4.45613e2	1.50482e1	1.26195e1	5.14871e1	9.74289e1	9.3869152e-2	8.4175767e-2	1.2045381e1	7.5880908e-1	
2026-06-09	10:48:11	4.45076e2	1.50206e1	1.25932e1	5.14937e1	9.74402e1	9.3798160e-2	8.4074974e-2	1.2042863e1	7.5975518e-1	
2026-06-09	10:48:12	4.44678e2	1.50070e1	1.25775e1	5.14904e1	9.74279e1	9.3726997e-2	8.4012269e-2	1.2005935e1	7.5392489e-1	
2026-06-09	10:48:12	4.44373e2	1.49861e1	1.25561e1	5.14871e1	9.74267e1	9.3680381e-2	8.3929595e-2	1.2051255e1	7.5975208e-1	
2026-06-09	10:48:13	4.44373e2	1.49861e1	1.25561e1	5.14871e1	9.74267e1	9.3680381e-2	8.3929595e-2	1.2051255e1	7.5975208e-1	
2026-06-09	10:48:13	4.43890e2	1.49428e1	1.25130e1	5.14904e1	9.74332e1	9.3613262e-2	8.3763656e-2	1.2003418e1	7.5665473e-1	
2026-06-09	10:48:14	4.43427e2	1.49240e1	1.24925e1	5.14937e1	9.74250e1	9.3534708e-2	8.3682298e-2	1.2058808e1	7.5967531e-1	
2026-06-09	10:48:14	4.43427e2	1.49240e1	1.24925e1	5.14937e1	9.74250e1	9.3534708e-2	8.3682298e-2	1.2058808e1	7.5967531e-1	
2026-06-09	10:48:15	4.42801e2	1.49085e1	1.24775e1	5.14971e1	9.74300e1	9.3444881e-2	8.3624658e-2	1.2031953e1	7.6230883e-1	
2026-06-09	10:48:15	4.42801e2	1.49085e1	1.24775e1	5.14971e1	9.74300e1	9.3444881e-2	8.3624658e-2	1.2031953e1	7.6230883e-1	
2026-06-09	10:48:16	4.42331e2	1.48939e1	1.24621e1	5.14937e1	9.74275e1	9.3372287e-2	8.3565473e-2	1.2010132e1	7.5875906e-1	
2026-06-09	10:48:16	4.41859e2	1.48548e1	1.24226e1	5.14904e1	9.74304e1	9.3304634e-2	8.3414316e-2	1.2028595e1	7.6049957e-1	
2026-06-09	10:48:17	4.41595e2	1.48576e1	1.24261e1	5.14871e1	9.74342e1	9.3269233e-2	8.3428802e-2	1.2031953e1	7.4508929e-1	
2026-06-09	10:48:17	4.41595e2	1.48576e1	1.24261e1	5.14871e1	9.74342e1	9.3269233e-2	8.3428802e-2	1.2031953e1	7.4508929e-1	
2026-06-09	10:48:18	4.41852e2	1.48190e1	1.23883e1	5.14937e1	9.74460e1	9.3317689e-2	8.3284492e-2	1.2015167e1	7.4935121e-1	
2026-06-09	10:48:18	4.41319e2	1.48160e1	1.23831e1	5.14937e1	9.74324e1	9.3224163e-2	8.3261604e-2	1.2070558e1	7.4991149e-1	
2026-06-09	10:48:19	4.41319e2	1.48160e1	1.23831e1	5.14937e1	9.74324e1	9.3224163e-2	8.3261604e-2	1.2070558e1	7.4991149e-1	
2026-06-09	10:48:19	4.40971e2	1.48030e1	1.23702e1	5.14904e1	9.74349e1	9.3174819e-2	8.3213090e-2	1.2028595e1	7.5301284e-1	
2026-06-09	10:48:20	4.41098e2	1.48011e1	1.23673e1	5.14904e1	9.74292e1	9.3188228e-2	8.3201045e-2	1.2072236e1	7.5745348e-1	
2026-06-09	10:48:20	4.40546e2	1.48052e1	1.23709e1	5.14904e1	9.74254e1	9.3101615e-2	8.3213920e-2	1.2047898e1	7.6799864e-1	
2026-06-09	10:48:21	4.39943e2	1.47974e1	1.23640e1	5.14904e1	9.74322e1	9.3017339e-2	8.3188648e-2	1.2036988e1	7.5844392e-1	
2026-06-09	10:48:21	4.39943e2	1.47974e1	1.23640e1	5.14904e1	9.74322e1	9.3017339e-2	8.3188648e-2	1.2036988e1	7.5844392e-1	
2026-06-09	10:48:22	4.40455e2	1.47947e1	1.23601e1	5.14937e1	9.74254e1	9.3087139e-2	8.3171958e-2	1.2027755e1	7.5672683e-1	
2026-06-09	10:48:22	4.39996e2	1.47720e1	1.23390e1	5.14971e1	9.74397e1	9.3030986e-2	8.3092985e-2	1.2010971e1	7.5552344e-1	
2026-06-09	10:48:23	4.40045e2	1.47726e1	1.23391e1	5.14971e1	9.74370e1	9.3035697e-2	8.3092870e-2	1.2060487e1	7.4972476e-1	
2026-06-09	10:48:23	4.39851e2	1.47726e1	1.23390e1	5.14871e1	9.74357e1	9.3007268e-2	8.3094005e-2	1.2076432e1	7.6378912e-1	
2026-06-09	10:48:24	4.39736e2	1.47718e1	1.23384e1	5.14904e1	9.74372e1	9.2990818e-2	8.3091440e-2	1.1986633e1	7.5234317e-1	
2026-06-09	10:48:24	4.39279e2	1.47613e1	1.23276e1	5.14904e1	9.74372e1	9.2921791e-2	8.3049659e-2	1.2058808e1	7.5271139e-1	
2026-06-09	10:48:25	4.39279e2	1.47613e1	1.23276e1	5.14904e1	9.74372e1	9.2921791e-2	8.3049659e-2	1.2058808e1	7.5271139e-1	
2026-06-09	10:48:25	4.39279e2	1.47613e1	1.23276e1	5.14904e1	9.74372e1	9.2921791e-2	8.3049659e-2	1.2058808e1	7.5271139e-1	
2026-06-09	10:48:26	4.39120e2	1.47524e1	1.23181e1	5.14937e1	9.74359e1	9.2895803e-2	8.3012638e-2	1.2015167e1	7.5654621e-1	
2026-06-09	10:48:26	4.39665e2	1.47607e1	1.23243e1	5.14904e1	9.74202e1	9.2963161e-2	8.3033857e-2	1.2051255e1	7.6709527e-1	
2026-06-09	10:48:27	4.39505e2	1.47509e1	1.23162e1	5.14904e1	9.74327e1	9.2951240e-2	8.3004951e-2	1.2026077e1	7.6030988e-1	
2026-06-09	10:48:27	4.39661e2	1.47491e1	1.23129e1	5.14904e1	9.74242e1	9.2966375e-2	8.2990884e-2	1.2041184e1	7.5705342e-1	
2026-06-09	10:48:28	4.39661e2	1.47491e1	1.23129e1	5.14904e1	9.74242e1	9.2966375e-2	8.2990884e-2	1.2041184e1	7.5705342e-1	
2026-06-09	10:48:28	4.39432e2	1.47440e1	1.23099e1	5.14971e1	9.74384e1	9.2944440e-2	8.2980871e-2	1.2023559e1	7.5768308e-1	
2026-06-09	10:48:29	4.39748e2	1.47419e1	1.23067e1	5.14971e1	9.74320e1	9.2985687e-2	8.2967338e-2	1.2047898e1	7.4730973e-1	
2026-06-09	10:48:29	4.39816e2	1.47378e1	1.23030e1	5.14937e1	9.74355e1	9.3000049e-2	8.2954521e-2	1.2070558e1	7.5939364e-1	
2026-06-09	10:48:30	4.39335e2	1.47360e1	1.23025e1	5.14871e1	9.74434e1	9.2936811e-2	8.2955064e-2	1.1999221e1	7.4978446e-1	
2026-06-09	10:48:30	4.39335e2	1.47360e1	1.23025e1	5.14871e1	9.74434e1	9.2936811e-2	8.2955064e-2	1.1999221e1	7.4978446e-1	
2026-06-09	10:48:31	4.39360e2	1.47364e1	1.23008e1	5.14937e1	9.74300e1	9.2925910e-2	8.2944755e-2	1.2052094e1	7.5520782e-1	
2026-06-09	10:48:31	4.39360e2	1.47364e1	1.23008e1	5.14937e1	9.74300e1	9.2925910e-2	8.2944755e-2	1.2052094e1	7.5520782e-1	
2026-06-09	10:48:32	4.39411e2	1.47384e1	1.23036e1	5.14904e1	9.74347e1	9.2938957e-2	8.2957029e-2	1.1985794e1	7.5395774e-1	
2026-06-09	10:48:32	4.39493e2	1.47384e1	1.23024e1	5.14904e1	9.74275e1	9.2944202e-2	8.2951068e-2	1.2054612e1	7.5804710e-1	
2026-06-09	10:48:33	4.38352e2	1.47251e1	1.23082e1	5.14904e1	9.75520e1	9.2894258e-2	8.2997503e-2	1.2010132e1	7.6284437e-1	
2026-06-09	10:48:33	4.38352e2	1.47251e1	1.23082e1	5.14904e1	9.75520e1	9.2894258e-2	8.2997503e-2	1.2010132e1	7.6284437e-1	
2026-06-09	10:48:34	4.39745e2	1.46971e1	1.22806e1	5.14904e1	9.75612e1	9.3113241e-2	8.2893371e-2	1.2051255e1	7.5639591e-1	
2026-06-09	10:48:34	4.55290e2	1.53808e1	1.29542e1	5.15004e1	9.74352e1	9.5317182e-2	8.5479259e-2	1.2020202e1	7.5833816e-1	
2026-06-09	10:48:35	4.71981e2	1.60527e1	1.36098e1	5.14904e1	9.74365e1	9.7778501e-2	8.8075933e-2	1.2054612e1	7.4459743e-1	
2026-06-09	10:48:35	4.61606e2	1.57284e1	1.32964e1	5.14871e1	9.74355e1	9.6256732e-2	8.6829481e-2	1.2057130e1	7.6038665e-1	
2026-06-09	10:48:36	4.49652e2	1.52289e1	1.28035e1	5.14837e1	9.74412e1	9.4487304e-2	8.4894599e-2	1.2017685e1	7.4959545e-1	
2026-06-09	10:48:36	4.47249e2	1.50999e1	1.26720e1	5.14904e1	9.74304e1	9.4115142e-2	8.4379081e-2	1.2061326e1	7.5001602e-1	
2026-06-09	10:48:37	4.47249e2	1.50999e1	1.26720e1	5.14904e1	9.74304e1	9.4115142e-2	8.4379081e-2	1.2061326e1	7.5001602e-1	
2026-06-09	10:48:37	4.47249e2	1.50999e1	1.26720e1	5.14904e1	9.74304e1	9.4115142e-2	8.4379081e-2	1.2061326e1	7.5001602e-1	
2026-06-09	10:48:38	4.45850e2	1.50602e1	1.26323e1	5.14837e1	9.74332e1	9.3909559e-2	8.4226789e-2	1.2005935e1	7.4999332e-1	
2026-06-09	10:48:38	4.45608e2	1.50346e1	1.26058e1	5.14970e1	9.74294e1	9.3866643e-2	8.4120750e-2	1.2059648e1	7.5789618e-1	
2026-06-09	10:48:39	4.46521e2	1.49799e1	1.25503e1	5.14937e1	9.74307e1	9.4004516e-2	8.3907012e-2	1.2016845e1	7.5548524e-1	
2026-06-09	10:48:39	4.45705e2	1.49628e1	1.25322e1	5.14971e1	9.74257e1	9.3876600e-2	8.3835363e-2	1.2042863e1	7.5791425e-1	
2026-06-09	10:48:40	4.45705e2	1.49628e1	1.25322e1	5.14971e1	9.74257e1	9.3876600e-2	8.3835363e-2	1.2042863e1	7.5791425e-1	
2026-06-09	10:48:40	4.43795e2	1.49269e1	1.24965e1	5.14937e1	9.74315e1	9.3596401e-2	8.3698863e-2	1.2002578e1	7.6012372e-1	
2026-06-09	10:48:41	4.42766e2	1.49097e1	1.24780e1	5.14904e1	9.74257e1	9.3436832e-2	8.3626985e-2	1.2045381e1	7.5989532e-1	
2026-06-09	10:48:41	4.43102e2	1.49156e1	1.24836e1	5.15004e1	9.74232e1	9.3482789e-2	8.3646354e-2	1.2036149e1	7.6319570e-1	
2026-06-09	10:48:42	4.43001e2	1.49073e1	1.24770e1	5.15004e1	9.74345e1	9.3478679e-2	8.3622932e-2	1.2054612e1	7.6226778e-1	
2026-06-09	10:48:42	4.42561e2	1.48698e1	1.24370e1	5.14971e1	9.74242e1	9.3402624e-2	8.3467121e-2	1.2025238e1	7.5900526e-1	
2026-06-09	10:48:43	4.42561e2	1.48698e1	1.24370e1	5.14971e1	9.74242e1	9.3402624e-2	8.3467121e-2	1.2025238e1	7.5900526e-1	
2026-06-09	10:48:43	4.42246e2	1.48107e1	1.23774e1	5.14904e1	9.74310e1	9.3362693e-2	8.3240089e-2	1.2076432e1	7.6310987e-1	
2026-06-09	10:48:44	4.42113e2	1.48293e1	1.23965e1	5.14971e1	9.74307e1	9.3341350e-2	8.3312511e-2	1.2016006e1	7.5853352e-1	
2026-06-09	10:48:44	4.42470e2	1.48273e1	1.23935e1	5.14971e1	9.74242e1	9.3388442e-2	8.3299455e-2	1.2047059e1	7.5995702e-1	
2026-06-09	10:48:45	4.42152e2	1.48024e1	1.23682e1	5.14937e1	9.74262e1	9.3343076e-2	8.3203134e-2	1.2055451e1	7.6512818e-1	
2026-06-09	10:48:45	4.41688e2	1.47985e1	1.23651e1	5.14937e1	9.74322e1	9.3279247e-2	8.3192529e-2	1.2020202e1	7.5902986e-1	
2026-06-09	10:48:46	4.41688e2	1.47985e1	1.23651e1	5.14937e1	9.74322e1	9.3279247e-2	8.3192529e-2	1.2020202e1	7.5902986e-1	
2026-06-09	10:48:46	4.41688e2	1.47985e1	1.23651e1	5.14937e1	9.74322e1	9.3279247e-2	8.3192529e-2	1.2020202e1	7.5902986e-1	
2026-06-09	10:48:47	4.42063e2	1.47919e1	1.23573e1	5.14904e1	9.74254e1	9.3329486e-2	8.3161535e-2	1.2045381e1	7.6176114e-1	
2026-06-09	10:48:47	4.42221e2	1.47867e1	1.23540e1	5.14971e1	9.74392e1	9.3365373e-2	8.3150568e-2	1.2022720e1	7.5798745e-1	
2026-06-09	10:48:48	4.42013e2	1.47746e1	1.23422e1	5.14971e1	9.74427e1	9.3337421e-2	8.3105621e-2	1.2065522e1	7.5705151e-1	
2026-06-09	10:48:48	4.42013e2	1.47746e1	1.23422e1	5.14971e1	9.74427e1	9.3337421e-2	8.3105621e-2	1.2065522e1	7.5705151e-1	
2026-06-09	10:48:49	4.42418e2	1.47738e1	1.23415e1	5.15004e1	9.74440e1	9.3398866e-2	8.3102817e-2	1.1995025e1	7.4863810e-1	
2026-06-09	10:48:49	4.42418e2	1.47738e1	1.23415e1	5.15004e1	9.74440e1	9.3398866e-2	8.3102817e-2	1.1995025e1	7.4863810e-1	
2026-06-09	10:48:50	4.41863e2	1.47495e1	1.23159e1	5.14937e1	9.74405e1	9.3313102e-2	8.3004837e-2	1.2031953e1	7.5534934e-1	
2026-06-09	10:48:50	4.42011e2	1.47616e1	1.23283e1	5.14971e1	9.74400e1	9.3334255e-2	8.3051862e-2	1.2066361e1	7.4214882e-1	
2026-06-09	10:48:51	4.41888e2	1.47576e1	1.23235e1	5.14937e1	9.74355e1	9.3311967e-2	8.3033084e-2	1.2017685e1	7.4665870e-1	
2026-06-09	10:48:51	4.41888e2	1.47576e1	1.23235e1	5.14937e1	9.74355e1	9.3311967e-2	8.3033084e-2	1.2017685e1	7.4665870e-1	
2026-06-09	10:48:52	4.41509e2	1.47518e1	1.23176e1	5.14937e1	9.74359e1	9.3255519e-2	8.3010616e-2	1.2060487e1	7.5360178e-1	
2026-06-09	10:48:52	4.41509e2	1.47518e1	1.23176e1	5.14937e1	9.74359e1	9.3255519e-2	8.3010616e-2	1.2060487e1	7.5360178e-1	
2026-06-09	10:48:53	4.42072e2	1.47431e1	1.23084e1	5.15004e1	9.74349e1	9.3337650e-2	8.2973842e-2	1.2046220e1	7.5087537e-1	
2026-06-09	10:48:53	4.41755e2	1.47415e1	1.23080e1	5.14937e1	9.74424e1	9.3298797e-2	8.2974729e-2	1.2007614e1	7.5712242e-1	
2026-06-09	10:48:54	4.41755e2	1.47415e1	1.23080e1	5.14937e1	9.74424e1	9.3298797e-2	8.2974729e-2	1.2007614e1	7.5712242e-1	
2026-06-09	10:48:54	4.42064e2	1.47448e1	1.23091e1	5.14904e1	9.74275e1	9.3331155e-2	8.2976703e-2	1.2043702e1	7.5391554e-1	
2026-06-09	10:48:55	4.41982e2	1.47370e1	1.23013e1	5.14937e1	9.74292e1	9.3319711e-2	8.2946481e-2	1.2083146e1	7.6057405e-1	
2026-06-09	10:48:55	4.41520e2	1.47375e1	1.23016e1	5.14904e1	9.74284e1	9.3250160e-2	8.2948389e-2	1.2052094e1	7.5153465e-1	
2026-06-09	10:48:56	4.42100e2	1.47333e1	1.22969e1	5.14904e1	9.74262e1	9.3335151e-2	8.2929849e-2	1.2040345e1	7.6228184e-1	
2026-06-09	10:48:56	4.42262e2	1.47306e1	1.22955e1	5.14971e1	9.74342e1	9.3365964e-2	8.2924604e-2	1.2034471e1	7.5909180e-1	
2026-06-09	10:48:57	4.41939e2	1.47277e1	1.22907e1	5.14904e1	9.74232e1	9.3307914e-2	8.2905473e-2	1.2031114e1	7.5590963e-1	
2026-06-09	10:48:57	4.41678e2	1.47204e1	1.22835e1	5.14937e1	9.74250e1	9.3269710e-2	8.2877397e-2	1.2060487e1	7.6189775e-1	
2026-06-09	10:48:58	4.41678e2	1.47204e1	1.22835e1	5.14937e1	9.74250e1	9.3269710e-2	8.2877397e-2	1.2060487e1	7.6189775e-1	
2026-06-09	10:48:58	4.40617e2	1.47237e1	1.22904e1	5.14904e1	9.74482e1	9.3133687e-2	8.2909221e-2	1.2044541e1	7.6233463e-1	
2026-06-09	10:48:59	4.42724e2	1.47033e1	1.23012e1	5.15004e1	9.76522e1	9.3649921e-2	8.2988443e-2	1.2059648e1	7.6220779e-1	
2026-06-09	10:48:59	4.38890e2	1.46853e1	1.22478e1	5.14971e1	9.74287e1	9.2852478e-2	8.2740488e-2	1.2052094e1	7.6489214e-1	
2026-06-09	10:49:00	4.55117e2	1.49547e1	1.25240e1	5.14971e1	9.74265e1	9.5278148e-2	8.3803710e-2	1.2013489e1	7.5905599e-1	
2026-06-09	10:49:00	5.06776e2	1.57552e1	1.33203e1	5.14937e1	9.74219e1	1.0272568e-1	8.6920442e-2	1.2067201e1	7.5930685e-1	
2026-06-09	10:49:01	5.06776e2	1.57552e1	1.33203e1	5.14937e1	9.74219e1	1.0272568e-1	8.6920442e-2	1.2067201e1	7.5930685e-1	
2026-06-09	10:49:01	4.77812e2	1.54356e1	1.30079e1	5.14937e1	9.74307e1	9.8608970e-2	8.5690259e-2	1.1991668e1	7.5785293e-1	
2026-06-09	10:49:02	4.63272e2	1.51547e1	1.27264e1	5.14904e1	9.74254e1	9.6483230e-2	8.4589900e-2	1.2052934e1	7.5862369e-1	
2026-06-09	10:49:02	4.63272e2	1.51547e1	1.27264e1	5.14904e1	9.74254e1	9.6483230e-2	8.4589900e-2	1.2052934e1	7.5862369e-1	
2026-06-09	10:49:03	4.57531e2	1.50455e1	1.26174e1	5.14971e1	9.74335e1	9.5643339e-2	8.4166822e-2	1.2033631e1	7.5987906e-1	
2026-06-09	10:49:03	4.56685e2	1.50165e1	1.25866e1	5.14971e1	9.74247e1	9.5509166e-2	8.4045648e-2	1.2008453e1	7.5927200e-1	
2026-06-09	10:49:04	4.56685e2	1.50165e1	1.25866e1	5.14971e1	9.74247e1	9.5509166e-2	8.4045648e-2	1.2008453e1	7.5927200e-1	
2026-06-09	10:49:04	4.56685e2	1.50165e1	1.25866e1	5.14971e1	9.74247e1	9.5509166e-2	8.4045648e-2	1.2008453e1	7.5927200e-1	
2026-06-09	10:49:05	4.54059e2	1.49533e1	1.25233e1	5.14937e1	9.74310e1	9.5126628e-2	8.3802461e-2	1.2010971e1	7.5335412e-1	
2026-06-09	10:49:05	4.53288e2	1.49280e1	1.24971e1	5.14937e1	9.74279e1	9.5009031e-2	8.3700475e-2	1.2050416e1	7.5895252e-1	
2026-06-09	10:49:06	4.52245e2	1.49052e1	1.24740e1	5.14937e1	9.74294e1	9.4855308e-2	8.3611669e-2	1.2052934e1	7.6767115e-1	
2026-06-09	10:49:06	4.52245e2	1.49052e1	1.24740e1	5.14937e1	9.74294e1	9.4855308e-2	8.3611669e-2	1.2052934e1	7.6767115e-1	
2026-06-09	10:49:07	4.51188e2	1.48933e1	1.24621e1	5.15037e1	9.74304e1	9.4697055e-2	8.3563919e-2	1.2011810e1	7.5743465e-1	
2026-06-09	10:49:07	4.51188e2	1.48933e1	1.24621e1	5.15037e1	9.74304e1	9.4697055e-2	8.3563919e-2	1.2011810e1	7.5743465e-1	
2026-06-09	10:49:08	4.49630e2	1.48684e1	1.24357e1	5.14971e1	9.74252e1	9.4460906e-2	8.3462533e-2	1.2047898e1	7.6504907e-1	
2026-06-09	10:49:08	4.48465e2	1.48448e1	1.24124e1	5.14904e1	9.74312e1	9.4294309e-2	8.3375158e-2	1.2060487e1	7.5176353e-1	
2026-06-09	10:49:09	4.47937e2	1.48321e1	1.23988e1	5.14937e1	9.74270e1	9.4210443e-2	8.3321094e-2	1.2066361e1	7.6229281e-1	
2026-06-09	10:49:09	4.47578e2	1.48224e1	1.23906e1	5.15004e1	9.74384e1	9.4166755e-2	8.3290576e-2	1.2013489e1	7.5287537e-1	
2026-06-09	10:49:10	4.47578e2	1.48224e1	1.23906e1	5.15004e1	9.74384e1	9.4166755e-2	8.3290576e-2	1.2013489e1	7.5287537e-1	
2026-06-09	10:49:10	4.47578e2	1.48224e1	1.23906e1	5.15004e1	9.74384e1	9.4166755e-2	8.3290576e-2	1.2013489e1	7.5287537e-1	
2026-06-09	10:49:11	4.46091e2	1.47992e1	1.23658e1	5.14937e1	9.74324e1	9.3939666e-2	8.3195266e-2	1.1988311e1	7.5378112e-1	
2026-06-09	10:49:11	4.46091e2	1.47992e1	1.23658e1	5.14937e1	9.74324e1	9.3939666e-2	8.3195266e-2	1.1988311e1	7.5378112e-1	
2026-06-09	10:49:12	4.45637e2	1.47783e1	1.23430e1	5.14937e1	9.74240e1	9.3863067e-2	8.3105678e-2	1.2068879e1	7.6536741e-1	
2026-06-09	10:49:12	4.45235e2	1.47793e1	1.23454e1	5.14904e1	9.74327e1	9.3812284e-2	8.3117542e-2	1.2012649e1	7.5581674e-1	
2026-06-09	10:49:13	4.45235e2	1.47793e1	1.23454e1	5.14904e1	9.74327e1	9.3812284e-2	8.3117542e-2	1.2012649e1	7.5581674e-1	
2026-06-09	10:49:13	4.45235e2	1.47793e1	1.23454e1	5.14904e1	9.74327e1	9.3812284e-2	8.3117542e-2	1.2012649e1	7.5581674e-1	
2026-06-09	10:49:14	4.45068e2	1.47697e1	1.23343e1	5.14937e1	9.74250e1	9.3778791e-2	8.3072423e-2	1.2056291e1	7.6368803e-1	
2026-06-09	10:49:14	4.44547e2	1.47687e1	1.23349e1	5.14971e1	9.74355e1	9.3710422e-2	8.3076362e-2	1.2020202e1	7.5702376e-1	
2026-06-09	10:49:15	4.44368e2	1.47552e1	1.23203e1	5.14904e1	9.74307e1	9.3680143e-2	8.3020505e-2	1.2057969e1	7.6093406e-1	
2026-06-09	10:49:15	4.44345e2	1.47557e1	1.23220e1	5.14971e1	9.74384e1	9.3683061e-2	8.3027305e-2	1.2025238e1	7.5216956e-1	
2026-06-09	10:49:16	4.44345e2	1.47557e1	1.23220e1	5.14971e1	9.74384e1	9.3683061e-2	8.3027305e-2	1.2025238e1	7.5216956e-1	
2026-06-09	10:49:16	4.44139e2	1.47410e1	1.23055e1	5.14971e1	9.74300e1	9.3643550e-2	8.2962093e-2	1.2064683e1	7.6339120e-1	
2026-06-09	10:49:17	4.44139e2	1.47410e1	1.23055e1	5.14971e1	9.74300e1	9.3643550e-2	8.2962093e-2	1.2064683e1	7.6339120e-1	
2026-06-09	10:49:17	4.44019e2	1.47424e1	1.23077e1	5.14904e1	9.74349e1	9.3631925e-2	8.2972946e-2	1.1998382e1	7.5367317e-1	
2026-06-09	10:49:18	4.43731e2	1.47444e1	1.23086e1	5.14937e1	9.74275e1	9.3580608e-2	8.2974319e-2	1.2051255e1	7.6522912e-1	
2026-06-09	10:49:18	4.43368e2	1.47444e1	1.23098e1	5.14871e1	9.74352e1	9.3535184e-2	8.2981767e-2	1.2011810e1	7.5656309e-1	
2026-06-09	10:49:19	4.43368e2	1.47444e1	1.23098e1	5.14871e1	9.74352e1	9.3535184e-2	8.2981767e-2	1.2011810e1	7.5656309e-1	
2026-06-09	10:49:19	4.43368e2	1.47444e1	1.23098e1	5.14871e1	9.74352e1	9.3535184e-2	8.2981767e-2	1.2011810e1	7.5656309e-1	
2026-06-09	10:49:20	4.43331e2	1.47339e1	1.22982e1	5.14871e1	9.74297e1	9.3524036e-2	8.2935867e-2	1.2054612e1	7.6285119e-1	
2026-06-09	10:49:20	4.43136e2	1.47428e1	1.23077e1	5.14937e1	9.74317e1	9.3495550e-2	8.2971572e-2	1.2055451e1	7.4875407e-1	
2026-06-09	10:49:21	4.42799e2	1.47387e1	1.23035e1	5.14937e1	9.74322e1	9.3445482e-2	8.2955541e-2	1.2068040e1	7.6104927e-1	
2026-06-09	10:49:21	4.42919e2	1.47415e1	1.23071e1	5.14971e1	9.74370e1	9.3467473e-2	8.2969903e-2	1.2005096e1	7.5186805e-1	
2026-06-09	10:49:22	4.42919e2	1.47415e1	1.23071e1	5.14971e1	9.74370e1	9.3467473e-2	8.2969903e-2	1.2005096e1	7.5186805e-1	
2026-06-09	10:49:22	4.43223e2	1.47248e1	1.22896e1	5.14971e1	9.74355e1	9.3511343e-2	8.2902431e-2	1.2047898e1	7.6341581e-1	
2026-06-09	10:49:23	4.43074e2	1.47336e1	1.22983e1	5.14904e1	9.74324e1	9.3487558e-2	8.2936229e-2	1.2002578e1	7.5331759e-1	
2026-06-09	10:49:23	4.43074e2	1.47336e1	1.22983e1	5.14904e1	9.74324e1	9.3487558e-2	8.2936229e-2	1.2002578e1	7.5331759e-1	
2026-06-09	10:49:24	4.43434e2	1.47215e1	1.22854e1	5.14937e1	9.74304e1	9.3538761e-2	8.2885856e-2	1.2063004e1	7.6721196e-1	
2026-06-09	10:49:24	4.43446e2	1.47329e1	1.22971e1	5.14937e1	9.74302e1	9.3540430e-2	8.2930803e-2	1.2019363e1	7.5620460e-1	
2026-06-09	10:49:25	4.43446e2	1.47329e1	1.22971e1	5.14937e1	9.74302e1	9.3540430e-2	8.2930803e-2	1.2019363e1	7.5620460e-1	
2026-06-09	10:49:25	4.43446e2	1.47329e1	1.22971e1	5.14937e1	9.74302e1	9.3540430e-2	8.2930803e-2	1.2019363e1	7.5620460e-1	
2026-06-09	10:49:26	4.43256e2	1.47289e1	1.22938e1	5.14871e1	9.74355e1	9.3518438e-2	8.2920312e-2	1.2003418e1	7.5246500e-1	
2026-06-09	10:49:26	4.43466e2	1.47253e1	1.22890e1	5.14904e1	9.74284e1	9.3542280e-2	8.2899990e-2	1.2062165e1	7.5340328e-1	
2026-06-09	10:49:27	4.43466e2	1.47253e1	1.22890e1	5.14904e1	9.74284e1	9.3542280e-2	8.2899990e-2	1.2062165e1	7.5340328e-1	
2026-06-09	10:49:27	4.43612e2	1.47281e1	1.22919e1	5.14971e1	9.74282e1	9.3562660e-2	8.2909641e-2	1.2063844e1	7.6156969e-1	
2026-06-09	10:49:28	4.43773e2	1.47313e1	1.22973e1	5.14937e1	9.74415e1	9.3600568e-2	8.2933425e-2	1.2007614e1	7.5280752e-1	
2026-06-09	10:49:28	4.43773e2	1.47313e1	1.22973e1	5.14937e1	9.74415e1	9.3600568e-2	8.2933425e-2	1.2007614e1	7.5280752e-1	
2026-06-09	10:49:29	4.43680e2	1.47291e1	1.22940e1	5.15004e1	9.74352e1	9.3579111e-2	8.2918586e-2	1.1997543e1	7.5498018e-1	
2026-06-09	10:49:29	4.43680e2	1.47291e1	1.22940e1	5.15004e1	9.74352e1	9.3579111e-2	8.2918586e-2	1.1997543e1	7.5498018e-1	
2026-06-09	10:49:30	4.43489e2	1.46789e1	1.22691e1	5.14971e1	9.76082e1	9.3721809e-2	8.2857313e-2	1.2068040e1	7.6213002e-1	
2026-06-09	10:49:30	4.43489e2	1.46789e1	1.22691e1	5.14971e1	9.76082e1	9.3721809e-2	8.2857313e-2	1.2068040e1	7.6213002e-1	
2026-06-09	10:49:31	4.42953e2	1.46923e1	1.22554e1	5.15037e1	9.74315e1	9.3465213e-2	8.2769031e-2	1.2026077e1	7.5537323e-1	
2026-06-09	10:49:31	4.42953e2	1.46923e1	1.22554e1	5.15037e1	9.74315e1	9.3465213e-2	8.2769031e-2	1.2026077e1	7.5537323e-1	
2026-06-09	10:49:32	4.91480e2	1.58714e1	1.34345e1	5.14904e1	9.74310e1	1.0057657e-1	8.7376003e-2	1.2074754e1	7.6384930e-1	
2026-06-09	10:49:32	4.85155e2	1.58358e1	1.34005e1	5.14904e1	9.74339e1	9.9675292e-2	8.7241411e-2	1.2031953e1	7.5562667e-1	
2026-06-09	10:49:33	4.58154e2	1.51431e1	1.27157e1	5.14937e1	9.74315e1	9.5735254e-2	8.4548711e-2	1.2069718e1	7.6399984e-1	
2026-06-09	10:49:33	4.56604e2	1.51011e1	1.26734e1	5.14937e1	9.74320e1	9.5506305e-2	8.4384441e-2	1.1997543e1	7.5549435e-1	
2026-06-09	10:49:34	4.56604e2	1.51011e1	1.26734e1	5.14937e1	9.74320e1	9.5506305e-2	8.4384441e-2	1.1997543e1	7.5549435e-1	
2026-06-09	10:49:34	4.55919e2	1.50332e1	1.26045e1	5.14937e1	9.74304e1	9.5402660e-2	8.4116754e-2	1.2056291e1	7.6299142e-1	
2026-06-09	10:49:35	4.54676e2	1.50054e1	1.25775e1	5.14904e1	9.74382e1	9.5226650e-2	8.4014120e-2	1.2027755e1	7.5516486e-1	
2026-06-09	10:49:35	4.52951e2	1.49769e1	1.25462e1	5.14971e1	9.74230e1	9.4953775e-2	8.3888645e-2	1.2062165e1	7.5684518e-1	
2026-06-09	10:49:36	4.51342e2	1.49465e1	1.25158e1	5.14971e1	9.74272e1	9.4718694e-2	8.3772125e-2	1.2066361e1	7.6574678e-1	
2026-06-09	10:49:36	4.50588e2	1.49354e1	1.25056e1	5.14971e1	9.74342e1	9.4613370e-2	8.3733854e-2	1.2015167e1	7.5735020e-1	
2026-06-09	10:49:37	4.50588e2	1.49354e1	1.25056e1	5.14971e1	9.74342e1	9.4613370e-2	8.3733854e-2	1.2015167e1	7.5735020e-1	
2026-06-09	10:49:37	4.50218e2	1.49540e1	1.25231e1	5.14937e1	9.74247e1	9.4549770e-2	8.3800497e-2	1.2048738e1	7.6367516e-1	
2026-06-09	10:49:38	4.49310e2	1.49253e1	1.24957e1	5.14937e1	9.74367e1	9.4426040e-2	8.3696842e-2	1.1988311e1	7.5424203e-1	
2026-06-09	10:49:38	4.49310e2	1.49253e1	1.24957e1	5.14937e1	9.74367e1	9.4426040e-2	8.3696842e-2	1.1988311e1	7.5424203e-1	
2026-06-09	10:49:39	4.48698e2	1.48348e1	1.24032e1	5.14971e1	9.74374e1	9.4333829e-2	8.3339395e-2	1.2048738e1	7.6175589e-1	
2026-06-09	10:49:39	4.48698e2	1.48348e1	1.24032e1	5.14971e1	9.74374e1	9.4333829e-2	8.3339395e-2	1.2048738e1	7.6175589e-1	
2026-06-09	10:49:40	4.48203e2	1.48388e1	1.24072e1	5.14937e1	9.74367e1	9.4259920e-2	8.3355426e-2	1.2025238e1	7.5104970e-1	
2026-06-09	10:49:40	4.47509e2	1.48219e1	1.23898e1	5.14971e1	9.74365e1	9.4155130e-2	8.3287601e-2	1.2053773e1	7.6287083e-1	
2026-06-09	10:49:41	4.47241e2	1.48162e1	1.23835e1	5.14937e1	9.74337e1	9.4113111e-2	8.3263397e-2	1.1984955e1	7.5393080e-1	
2026-06-09	10:49:41	4.46836e2	1.48150e1	1.23811e1	5.14871e1	9.74260e1	9.4046115e-2	8.3254041e-2	1.2065522e1	7.5685081e-1	
2026-06-09	10:49:42	4.46749e2	1.48009e1	1.23668e1	5.14871e1	9.74275e1	9.4034433e-2	8.3199138e-2	1.2068040e1	7.6576848e-1	
2026-06-09	10:49:42	4.46749e2	1.48009e1	1.23668e1	5.14871e1	9.74275e1	9.4034433e-2	8.3199138e-2	1.2068040e1	7.6576848e-1	
2026-06-09	10:49:43	4.46654e2	1.47959e1	1.23622e1	5.14904e1	9.74304e1	9.4022569e-2	8.3181438e-2	1.2005935e1	7.5828323e-1	
2026-06-09	10:49:43	4.46654e2	1.47959e1	1.23622e1	5.14904e1	9.74304e1	9.4022569e-2	8.3181438e-2	1.2005935e1	7.5828323e-1	
2026-06-09	10:49:44	4.46471e2	1.47885e1	1.23537e1	5.14971e1	9.74252e1	9.3988418e-2	8.3146514e-2	1.2054612e1	7.6200795e-1	
2026-06-09	10:49:44	4.46597e2	1.47808e1	1.23467e1	5.14937e1	9.74310e1	9.4013633e-2	8.3121356e-2	1.2024399e1	7.5582036e-1	
2026-06-09	10:49:45	4.46550e2	1.47682e1	1.23338e1	5.14904e1	9.74315e1	9.4007673e-2	8.3072366e-2	1.2075593e1	7.6250171e-1	
2026-06-09	10:49:45	4.46460e2	1.47726e1	1.23395e1	5.14971e1	9.74394e1	9.4000759e-2	8.3094892e-2	1.2036988e1	7.5129275e-1	
2026-06-09	10:49:46	4.46460e2	1.47726e1	1.23395e1	5.14971e1	9.74394e1	9.4000759e-2	8.3094892e-2	1.2036988e1	7.5129275e-1	
2026-06-09	10:49:46	4.46460e2	1.47726e1	1.23395e1	5.14971e1	9.74394e1	9.4000759e-2	8.3094892e-2	1.2036988e1	7.5129275e-1	
2026-06-09	10:49:47	4.46506e2	1.47603e1	1.23261e1	5.14971e1	9.74345e1	9.4002542e-2	8.3042325e-2	1.2066361e1	7.6297578e-1	
2026-06-09	10:49:47	4.46121e2	1.47642e1	1.23303e1	5.14904e1	9.74357e1	9.3947591e-2	8.3060026e-2	1.1995865e1	7.4941883e-1	
2026-06-09	10:49:48	4.46582e2	1.47559e1	1.23208e1	5.14937e1	9.74297e1	9.4009819e-2	8.3021583e-2	1.2047059e1	7.5662317e-1	
2026-06-09	10:49:48	4.46563e2	1.47548e1	1.23205e1	5.14904e1	9.74355e1	9.4013452e-2	8.3022356e-2	1.2067201e1	7.6430277e-1	
2026-06-09	10:49:49	4.45845e2	1.47639e1	1.23293e1	5.14937e1	9.74315e1	9.3901519e-2	8.3054723e-2	1.2036149e1	7.5541524e-1	
2026-06-09	10:49:49	4.45845e2	1.47639e1	1.23293e1	5.14937e1	9.74315e1	9.3901519e-2	8.3054723e-2	1.2036149e1	7.5541524e-1	
2026-06-09	10:49:50	4.45896e2	1.47472e1	1.23120e1	5.14937e1	9.74304e1	9.3907833e-2	8.2988023e-2	1.2058808e1	7.6520833e-1	
2026-06-09	10:49:50	4.46683e2	1.47455e1	1.23092e1	5.14904e1	9.74234e1	9.4019231e-2	8.2976284e-2	1.2068040e1	7.5568146e-1	
2026-06-09	10:49:51	4.46683e2	1.47455e1	1.23092e1	5.14904e1	9.74234e1	9.4019231e-2	8.2976284e-2	1.2068040e1	7.5568146e-1	
2026-06-09	10:49:51	4.46813e2	1.47440e1	1.23086e1	5.14971e1	9.74297e1	9.4043493e-2	8.2973957e-2	1.2062165e1	7.6220302e-1	
2026-06-09	10:49:52	4.46483e2	1.47465e1	1.23123e1	5.14971e1	9.74372e1	9.4001712e-2	8.2989873e-2	1.2018524e1	7.5204763e-1	
2026-06-09	10:49:52	4.46483e2	1.47465e1	1.23123e1	5.14971e1	9.74372e1	9.4001712e-2	8.2989873e-2	1.2018524e1	7.5204763e-1	
2026-06-09	10:49:53	4.46635e2	1.47392e1	1.23038e1	5.14937e1	9.74312e1	9.4019117e-2	8.2956609e-2	1.2060487e1	7.6302566e-1	
2026-06-09	10:49:53	4.46399e2	1.47421e1	1.23075e1	5.14971e1	9.74355e1	9.3987350e-2	8.2971038e-2	1.2009292e1	7.5508837e-1	
2026-06-09	10:49:54	4.46784e2	1.47361e1	1.23000e1	5.14937e1	9.74267e1	9.4036817e-2	8.2940940e-2	1.2052094e1	7.5365161e-1	
2026-06-09	10:49:54	4.46786e2	1.47350e1	1.23002e1	5.15004e1	9.74352e1	9.4044208e-2	8.2942247e-2	1.2065522e1	7.6212596e-1	
2026-06-09	10:49:55	4.46846e2	1.47372e1	1.23025e1	5.14971e1	9.74359e1	9.4054641e-2	8.2952079e-2	1.2026916e1	7.5397825e-1	
2026-06-09	10:49:55	4.46846e2	1.47372e1	1.23025e1	5.14971e1	9.74359e1	9.4054641e-2	8.2952079e-2	1.2026916e1	7.5397825e-1	
2026-06-09	10:49:56	4.46441e2	1.47401e1	1.23041e1	5.14904e1	9.74270e1	9.3986568e-2	8.2957506e-2	1.2068879e1	7.6058287e-1	
2026-06-09	10:49:56	4.46553e2	1.47399e1	1.23058e1	5.14904e1	9.74392e1	9.4015417e-2	8.2966327e-2	1.2005096e1	7.5495061e-1	
2026-06-09	10:49:57	4.46924e2	1.47307e1	1.22948e1	5.14904e1	9.74292e1	9.4060783e-2	8.2922096e-2	1.2048738e1	7.5452651e-1	
2026-06-09	10:49:57	4.46886e2	1.47268e1	1.22909e1	5.14971e1	9.74302e1	9.4054756e-2	8.2906303e-2	1.2063844e1	7.6355657e-1	
2026-06-09	10:49:58	4.46918e2	1.47317e1	1.22971e1	5.15037e1	9.74377e1	9.4065666e-2	8.2930202e-2	1.2024399e1	7.5450758e-1	
2026-06-09	10:49:58	4.46918e2	1.47317e1	1.22971e1	5.15037e1	9.74377e1	9.4065666e-2	8.2930202e-2	1.2024399e1	7.5450758e-1	
2026-06-09	10:49:59	4.46182e2	1.47336e1	1.23138e1	5.14937e1	9.75317e1	9.4051065e-2	8.3014545e-2	1.2059648e1	7.6581487e-1	
2026-06-09	10:49:59	4.46328e2	1.46545e1	1.22159e1	5.14937e1	9.74292e1	9.3970117e-2	8.2619009e-2	1.2065522e1	7.5272827e-1	
2026-06-09	10:50:00	4.46328e2	1.46545e1	1.22159e1	5.14937e1	9.74292e1	9.3970117e-2	8.2619009e-2	1.2065522e1	7.5272827e-1	
2026-06-09	10:50:00	4.51993e2	1.51525e1	1.27254e1	5.14971e1	9.74329e1	9.4823722e-2	8.4586086e-2	1.2053773e1	7.6395235e-1	
2026-06-09	10:50:01	4.61600e2	1.58603e1	1.34246e1	5.14971e1	9.74359e1	9.6255893e-2	8.7336244e-2	1.2016006e1	7.5232238e-1	
2026-06-09	10:50:01	4.61600e2	1.58603e1	1.34246e1	5.14971e1	9.74359e1	9.6255893e-2	8.7336244e-2	1.2016006e1	7.5232238e-1	
2026-06-09	10:50:02	4.50881e2	1.51516e1	1.27241e1	5.14937e1	9.74300e1	9.4656047e-2	8.4580955e-2	1.2059648e1	7.6336345e-1	
2026-06-09	10:50:02	4.50319e2	1.50444e1	1.26161e1	5.14937e1	9.74322e1	9.4573316e-2	8.4162120e-2	1.2003418e1	7.5489068e-1	
2026-06-09	10:50:03	4.50651e2	1.50250e1	1.25960e1	5.14937e1	9.74294e1	9.4619865e-2	8.4083614e-2	1.2067201e1	7.5718693e-1	
2026-06-09	10:50:03	4.50596e2	1.50120e1	1.25823e1	5.14937e1	9.74267e1	9.4608726e-2	8.4030094e-2	1.2057969e1	7.6484947e-1	
2026-06-09	10:50:04	4.50114e2	1.50007e1	1.25721e1	5.14971e1	9.74342e1	9.4543638e-2	8.3991107e-2	1.2018524e1	7.5600700e-1	
2026-06-09	10:50:04	4.50114e2	1.50007e1	1.25721e1	5.14971e1	9.74342e1	9.4543638e-2	8.3991107e-2	1.2018524e1	7.5600700e-1	
2026-06-09	10:50:05	4.49339e2	1.49534e1	1.25234e1	5.14904e1	9.74304e1	9.4425258e-2	8.3803176e-2	1.2062165e1	7.6192226e-1	
2026-06-09	10:50:05	4.48998e2	1.49336e1	1.25044e1	5.14904e1	9.74384e1	9.4382171e-2	8.3731412e-2	1.2016845e1	7.5500965e-1	
2026-06-09	10:50:06	4.49050e2	1.49162e1	1.24850e1	5.14904e1	9.74277e1	9.4378948e-2	8.3654403e-2	1.2056291e1	7.5354938e-1	
2026-06-09	10:50:06	4.49346e2	1.48978e1	1.24668e1	5.14937e1	9.74317e1	9.4426097e-2	8.3584365e-2	1.2070558e1	7.6351366e-1	
2026-06-09	10:50:07	4.49118e2	1.48820e1	1.24513e1	5.14904e1	9.74362e1	9.4397125e-2	8.3526077e-2	1.2006775e1	7.5113830e-1	
2026-06-09	10:50:07	4.49118e2	1.48820e1	1.24513e1	5.14904e1	9.74362e1	9.4397125e-2	8.3526077e-2	1.2006775e1	7.5113830e-1	
2026-06-09	10:50:08	4.48434e2	1.48461e1	1.24141e1	5.14937e1	9.74337e1	9.4291448e-2	8.3381595e-2	1.2066361e1	7.6610827e-1	
2026-06-09	10:50:08	4.48442e2	1.48452e1	1.24130e1	5.14971e1	9.74322e1	9.4290494e-2	8.3376464e-2	1.2001739e1	7.5323429e-1	
2026-06-09	10:50:09	4.48595e2	1.48359e1	1.24026e1	5.14937e1	9.74265e1	9.4308195e-2	8.3335580e-2	1.2066361e1	7.5754809e-1	
2026-06-09	10:50:09	4.48495e2	1.48196e1	1.23859e1	5.14937e1	9.74265e1	9.4293117e-2	8.3271389e-2	1.2057969e1	7.6660132e-1	
2026-06-09	10:50:10	4.48082e2	1.48118e1	1.23790e1	5.14904e1	9.74332e1	9.4238758e-2	8.3246526e-2	1.1997543e1	7.5664081e-1	
2026-06-09	10:50:10	4.48082e2	1.48118e1	1.23790e1	5.14904e1	9.74332e1	9.4238758e-2	8.3246526e-2	1.1997543e1	7.5664081e-1	
2026-06-09	10:50:11	4.47720e2	1.47938e1	1.23593e1	5.14937e1	9.74265e1	9.4177131e-2	8.3169097e-2	1.2042024e1	7.6211414e-1	
2026-06-09	10:50:11	4.47692e2	1.47958e1	1.23628e1	5.14971e1	9.74355e1	9.4181175e-2	8.3183708e-2	1.2019363e1	7.5749564e-1	
2026-06-09	10:50:12	4.47772e2	1.47897e1	1.23557e1	5.15004e1	9.74300e1	9.4186897e-2	8.3154497e-2	1.2053773e1	7.4932794e-1	
2026-06-09	10:50:12	4.47524e2	1.47748e1	1.23413e1	5.14937e1	9.74359e1	9.4157104e-2	8.3101634e-2	1.2075593e1	7.6212306e-1	
2026-06-09	10:50:13	4.47346e2	1.47698e1	1.23365e1	5.14971e1	9.74382e1	9.4132003e-2	8.3082971e-2	1.2016845e1	7.5236992e-1	
2026-06-09	10:50:13	4.47346e2	1.47698e1	1.23365e1	5.14971e1	9.74382e1	9.4132003e-2	8.3082971e-2	1.2016845e1	7.5236992e-1	
2026-06-09	10:50:14	4.47921e2	1.47633e1	1.23288e1	5.14904e1	9.74317e1	9.4212713e-2	8.3053169e-2	1.2068040e1	7.6297273e-1	
2026-06-09	10:50:14	4.48066e2	1.47611e1	1.23266e1	5.14904e1	9.74322e1	9.4234704e-2	8.3044891e-2	1.2004257e1	7.5333261e-1	
2026-06-09	10:50:15	4.47657e2	1.47490e1	1.23129e1	5.14937e1	9.74242e1	9.4164962e-2	8.2990112e-2	1.2068879e1	7.5741362e-1	
2026-06-09	10:50:15	4.47226e2	1.47389e1	1.23037e1	5.15004e1	9.74322e1	9.4107036e-2	8.2955064e-2	1.2058808e1	7.6514620e-1	
2026-06-09	10:50:16	4.47432e2	1.47442e1	1.23090e1	5.14971e1	9.74315e1	9.4137849e-2	8.2976045e-2	1.2034471e1	7.5731897e-1	
2026-06-09	10:50:16	4.47432e2	1.47442e1	1.23090e1	5.14971e1	9.74315e1	9.4137849e-2	8.2976045e-2	1.2034471e1	7.5731897e-1	
2026-06-09	10:50:17	4.46951e2	1.47358e1	1.22996e1	5.14971e1	9.74260e1	9.4060306e-2	8.2938671e-2	1.2059648e1	7.6486625e-1	
2026-06-09	10:50:17	4.47097e2	1.47360e1	1.23012e1	5.14971e1	9.74355e1	9.4091653e-2	8.2946662e-2	1.2035310e1	7.5363183e-1	
2026-06-09	10:50:18	4.47470e2	1.47367e1	1.23005e1	5.14937e1	9.74265e1	9.4139099e-2	8.2943019e-2	1.2061326e1	7.5443606e-1	
2026-06-09	10:50:18	4.47091e2	1.47265e1	1.22920e1	5.15004e1	9.74394e1	9.4093856e-2	8.2911548e-2	1.2025238e1	7.5371465e-1	
2026-06-09	10:50:19	4.47091e2	1.47265e1	1.22920e1	5.15004e1	9.74394e1	9.4093856e-2	8.2911548e-2	1.2025238e1	7.5371465e-1	
2026-06-09	10:50:19	4.47091e2	1.47265e1	1.22920e1	5.15004e1	9.74394e1	9.4093856e-2	8.2911548e-2	1.2025238e1	7.5371465e-1	
2026-06-09	10:50:20	4.46656e2	1.47253e1	1.22891e1	5.14937e1	9.74287e1	9.4019527e-2	8.2899627e-2	1.2080628e1	7.6324801e-1	
2026-06-09	10:50:20	4.46655e2	1.47253e1	1.22903e1	5.15004e1	9.74362e1	9.4025497e-2	8.2904520e-2	1.2005096e1	7.5397725e-1	
2026-06-09	10:50:21	4.47281e2	1.47196e1	1.22841e1	5.14971e1	9.74347e1	9.4118118e-2	8.2881088e-2	1.2067201e1	7.5478577e-1	
2026-06-09	10:50:21	4.47688e2	1.47255e1	1.22896e1	5.14937e1	9.74307e1	9.4175634e-2	8.2901840e-2	1.2073915e1	7.6594038e-1	
2026-06-09	10:50:22	4.47255e2	1.47216e1	1.22866e1	5.14937e1	9.74370e1	9.4117164e-2	8.2891578e-2	1.2017685e1	7.5452451e-1	
2026-06-09	10:50:22	4.47255e2	1.47216e1	1.22866e1	5.14937e1	9.74370e1	9.4117164e-2	8.2891578e-2	1.2017685e1	7.5452451e-1	
2026-06-09	10:50:23	4.47349e2	1.47143e1	1.22775e1	5.14971e1	9.74275e1	9.4120979e-2	8.2854452e-2	1.2060487e1	7.6435713e-1	
2026-06-09	10:50:23	4.47652e2	1.47242e1	1.22890e1	5.14971e1	9.74357e1	9.4174623e-2	8.2900047e-2	1.2029434e1	7.5368432e-1	
2026-06-09	10:50:24	4.47588e2	1.47229e1	1.22867e1	5.14971e1	9.74287e1	9.4158058e-2	8.2889671e-2	1.2042863e1	7.5405116e-1	
2026-06-09	10:50:24	4.47385e2	1.47100e1	1.22737e1	5.14937e1	9.74312e1	9.4130811e-2	8.2841100e-2	1.2083985e1	7.6405620e-1	
2026-06-09	10:50:25	4.47644e2	1.47109e1	1.22750e1	5.14937e1	9.74339e1	9.4172239e-2	8.2846584e-2	1.1984115e1	7.5359277e-1	
2026-06-09	10:50:25	4.47644e2	1.47109e1	1.22750e1	5.14937e1	9.74339e1	9.4172239e-2	8.2846584e-2	1.1984115e1	7.5359277e-1	
2026-06-09	10:50:26	4.47802e2	1.47152e1	1.22795e1	5.14971e1	9.74345e1	9.4195661e-2	8.2863445e-2	1.1998382e1	7.5443315e-1	
2026-06-09	10:50:26	4.47802e2	1.47152e1	1.22795e1	5.14971e1	9.74345e1	9.4195661e-2	8.2863445e-2	1.1998382e1	7.5443315e-1	
2026-06-09	10:50:27	4.47325e2	1.47037e1	1.22677e1	5.14971e1	9.74349e1	9.4124736e-2	8.2818269e-2	1.2049577e1	7.5988717e-1	
2026-06-09	10:50:27	4.47252e2	1.46847e1	1.22651e1	5.14971e1	9.75444e1	9.4222602e-2	8.2829589e-2	1.2068879e1	7.6765942e-1	
2026-06-09	10:50:28	4.49303e2	1.46913e1	1.22764e1	5.15004e1	9.75729e1	9.4556808e-2	8.2877874e-2	1.2007614e1	7.5147051e-1	
2026-06-09	10:50:28	4.49303e2	1.46913e1	1.22764e1	5.15004e1	9.75729e1	9.4556808e-2	8.2877874e-2	1.2007614e1	7.5147051e-1	
2026-06-09	10:50:29	4.50905e2	1.53982e1	1.29712e1	5.14971e1	9.74337e1	9.4665765e-2	8.5546436e-2	1.2049577e1	7.6282606e-1	
2026-06-09	10:50:29	4.55291e2	1.59980e1	1.35574e1	5.14904e1	9.74370e1	9.5328989e-2	8.7866783e-2	1.1989151e1	7.5463676e-1	
2026-06-09	10:50:30	4.53572e2	1.56724e1	1.32406e1	5.14904e1	9.74282e1	9.5061302e-2	8.6606740e-2	1.2057969e1	7.5146288e-1	
2026-06-09	10:50:30	4.50088e2	1.51799e1	1.27532e1	5.14971e1	9.74342e1	9.4541912e-2	8.4694681e-2	1.2057130e1	7.6233816e-1	
2026-06-09	10:50:31	4.48279e2	1.50517e1	1.26245e1	5.14937e1	9.74382e1	9.4275360e-2	8.4195613e-2	1.2023559e1	7.5049614e-1	
2026-06-09	10:50:31	4.48279e2	1.50517e1	1.26245e1	5.14937e1	9.74382e1	9.4275360e-2	8.4195613e-2	1.2023559e1	7.5049614e-1	
2026-06-09	10:50:32	4.48734e2	1.50443e1	1.26165e1	5.14937e1	9.74352e1	9.4340209e-2	8.4164142e-2	1.2071397e1	7.6266756e-1	
2026-06-09	10:50:32	4.48767e2	1.50430e1	1.26150e1	5.14971e1	9.74339e1	9.4343128e-2	8.4157466e-2	1.2027755e1	7.5189132e-1	
2026-06-09	10:50:33	4.49329e2	1.49813e1	1.25504e1	5.15004e1	9.74222e1	9.4413814e-2	8.3904504e-2	1.2040345e1	7.5644235e-1	
2026-06-09	10:50:33	4.48876e2	1.49209e1	1.24906e1	5.14971e1	9.74324e1	9.4356355e-2	8.3675622e-2	1.2054612e1	7.6371870e-1	
2026-06-09	10:50:34	4.48352e2	1.48981e1	1.24668e1	5.14937e1	9.74300e1	9.4276132e-2	8.3584070e-2	1.1984115e1	7.5786981e-1	
2026-06-09	10:50:34	4.48352e2	1.48981e1	1.24668e1	5.14937e1	9.74300e1	9.4276132e-2	8.3584070e-2	1.1984115e1	7.5786981e-1	
2026-06-09	10:50:35	4.48411e2	1.48800e1	1.24475e1	5.14871e1	9.74252e1	9.4281377e-2	8.3509922e-2	1.2063004e1	7.6509957e-1	
2026-06-09	10:50:35	4.47743e2	1.48686e1	1.24374e1	5.14937e1	9.74345e1	9.4189462e-2	8.3471298e-2	1.2034471e1	7.5533361e-1	
2026-06-09	10:50:36	4.48298e2	1.48479e1	1.24154e1	5.14937e1	9.74300e1	9.4267549e-2	8.3385829e-2	1.2048738e1	7.5400424e-1	
2026-06-09	10:50:36	4.48496e2	1.48292e1	1.23965e1	5.14904e1	9.74317e1	9.4299259e-2	8.3313941e-2	1.2077271e1	7.6244516e-1	
2026-06-09	10:50:37	4.47776e2	1.48285e1	1.23963e1	5.14971e1	9.74347e1	9.4193401e-2	8.3312511e-2	1.2010971e1	7.5257787e-1	
2026-06-09	10:50:37	4.47776e2	1.48285e1	1.23963e1	5.14971e1	9.74347e1	9.4193401e-2	8.3312511e-2	1.2010971e1	7.5257787e-1	
2026-06-09	10:50:38	4.47844e2	1.47979e1	1.23641e1	5.14937e1	9.74304e1	9.4199600e-2	8.3188419e-2	1.2074754e1	7.6361560e-1	
2026-06-09	10:50:38	4.47612e2	1.47968e1	1.23636e1	5.14937e1	9.74342e1	9.4168720e-2	8.3187160e-2	1.1991668e1	7.5459136e-1	
2026-06-09	10:50:39	4.47734e2	1.47837e1	1.23491e1	5.14904e1	9.74272e1	9.4180469e-2	8.3130474e-2	1.2073075e1	7.5589413e-1	
2026-06-09	10:50:39	4.47763e2	1.47741e1	1.23395e1	5.14937e1	9.74292e1	9.4186067e-2	8.3093347e-2	1.2073075e1	7.6470117e-1	
2026-06-09	10:50:40	4.47375e2	1.47724e1	1.23378e1	5.14904e1	9.74292e1	9.4128789e-2	8.3087387e-2	1.2003418e1	7.5640115e-1	
2026-06-09	10:50:40	4.47375e2	1.47724e1	1.23378e1	5.14904e1	9.74292e1	9.4128789e-2	8.3087387e-2	1.2003418e1	7.5640115e-1	
2026-06-09	10:50:41	4.47458e2	1.47709e1	1.23359e1	5.14971e1	9.74270e1	9.4137554e-2	8.3078498e-2	1.2065522e1	7.6383266e-1	
2026-06-09	10:50:41	4.46971e2	1.47638e1	1.23297e1	5.14904e1	9.74339e1	9.4072999e-2	8.3057041e-2	1.2023559e1	7.5547561e-1	
2026-06-09	10:50:42	4.47227e2	1.47518e1	1.23153e1	5.14937e1	9.74215e1	9.4097909e-2	8.2998752e-2	1.2044541e1	7.5491833e-1	
2026-06-09	10:50:42	4.47251e2	1.47450e1	1.23092e1	5.14971e1	9.74272e1	9.4106616e-2	8.2975921e-2	1.2069718e1	7.6499977e-1	
2026-06-09	10:50:43	4.46788e2	1.47407e1	1.23058e1	5.14971e1	9.74337e1	9.4043788e-2	8.2964000e-2	1.2029434e1	7.5512619e-1	
2026-06-09	10:50:43	4.46788e2	1.47407e1	1.23058e1	5.14971e1	9.74337e1	9.4043788e-2	8.2964000e-2	1.2029434e1	7.5512619e-1	
2026-06-09	10:50:44	4.47090e2	1.47306e1	1.22945e1	5.14904e1	9.74282e1	9.4084625e-2	8.2920846e-2	1.2073915e1	7.6495428e-1	
2026-06-09	10:50:44	4.47068e2	1.47216e1	1.22854e1	5.15004e1	9.74297e1	9.4080743e-2	8.2884550e-2	1.2016006e1	7.5599331e-1	
2026-06-09	10:50:45	4.47033e2	1.47247e1	1.22872e1	5.14971e1	9.74207e1	9.4067277e-2	8.2890329e-2	1.2042024e1	7.5403728e-1	
2026-06-09	10:50:45	4.46617e2	1.47134e1	1.22774e1	5.14971e1	9.74327e1	9.4016914e-2	8.2854986e-2	1.2010132e1	7.5245904e-1	
2026-06-09	10:50:46	4.46617e2	1.47134e1	1.22774e1	5.14971e1	9.74327e1	9.4016914e-2	8.2854986e-2	1.2010132e1	7.5245904e-1	
2026-06-09	10:50:46	4.46617e2	1.47134e1	1.22774e1	5.14971e1	9.74327e1	9.4016914e-2	8.2854986e-2	1.2010132e1	7.5245904e-1	
2026-06-09	10:50:47	4.46438e2	1.47014e1	1.22646e1	5.14904e1	9.74302e1	9.3988895e-2	8.2806529e-2	1.2068040e1	7.6418485e-1	
2026-06-09	10:50:47	4.46415e2	1.47097e1	1.22733e1	5.15004e1	9.74310e1	9.3984241e-2	8.2838354e-2	1.2003418e1	7.5347795e-1	
2026-06-09	10:50:48	4.46551e2	1.47001e1	1.22625e1	5.14971e1	9.74250e1	9.3999147e-2	8.2796154e-2	1.2040345e1	7.5552458e-1	
2026-06-09	10:50:48	4.46324e2	1.46928e1	1.22553e1	5.14971e1	9.74277e1	9.3967857e-2	8.2769336e-2	1.2056291e1	7.6437473e-1	
2026-06-09	10:50:49	4.46230e2	1.47057e1	1.22691e1	5.14971e1	9.74304e1	9.3956584e-2	8.2822504e-2	1.2011810e1	7.5731945e-1	
2026-06-09	10:50:49	4.46230e2	1.47057e1	1.22691e1	5.14971e1	9.74304e1	9.3956584e-2	8.2822504e-2	1.2011810e1	7.5731945e-1	
2026-06-09	10:50:50	4.46535e2	1.46969e1	1.22592e1	5.14904e1	9.74254e1	9.3998613e-2	8.2784891e-2	1.2063844e1	7.6335787e-1	
2026-06-09	10:50:50	4.46424e2	1.47037e1	1.22672e1	5.14971e1	9.74317e1	9.3986873e-2	8.2815589e-2	1.2028595e1	7.5534420e-1	
2026-06-09	10:50:51	4.46259e2	1.47009e1	1.22631e1	5.14971e1	9.74237e1	9.3954267e-2	8.2798299e-2	1.2064683e1	7.5156474e-1	
2026-06-09	10:50:51	4.44467e2	1.46999e1	1.22686e1	5.14904e1	9.74654e1	9.3728723e-2	8.2828760e-2	1.2068879e1	7.6653594e-1	
2026-06-09	10:50:52	4.46143e2	1.46689e1	1.22581e1	5.14971e1	9.76045e1	9.4116096e-2	8.2814455e-2	1.2022720e1	7.5220422e-1	
2026-06-09	10:50:52	4.46143e2	1.46689e1	1.22581e1	5.14971e1	9.76045e1	9.4116096e-2	8.2814455e-2	1.2022720e1	7.5220422e-1	
2026-06-09	10:50:53	4.49531e2	1.49868e1	1.25567e1	5.14937e1	9.74262e1	9.4449281e-2	8.3930730e-2	1.2057130e1	7.6465277e-1	
2026-06-09	10:50:53	4.62428e2	1.58385e1	1.34025e1	5.14937e1	9.74297e1	9.6371765e-2	8.7247905e-2	1.2016006e1	7.5342659e-1	
2026-06-09	10:50:54	4.60942e2	1.58236e1	1.33869e1	5.14904e1	9.74232e1	9.6147174e-2	8.7185440e-2	1.2058808e1	7.5571041e-1	
2026-06-09	10:50:54	4.52813e2	1.52408e1	1.28125e1	5.14937e1	9.74222e1	9.4936609e-2	8.4923744e-2	1.2075593e1	7.6337995e-1	
2026-06-09	10:50:55	4.49955e2	1.50546e1	1.26269e1	5.14904e1	9.74357e1	9.4523544e-2	8.4205389e-2	1.2005935e1	7.5374321e-1	
2026-06-09	10:50:55	4.49955e2	1.50546e1	1.26269e1	5.14904e1	9.74357e1	9.4523544e-2	8.4205389e-2	1.2005935e1	7.5374321e-1	
2026-06-09	10:50:56	4.50244e2	1.50268e1	1.25970e1	5.15004e1	9.74240e1	9.4552402e-2	8.4085168e-2	1.2068040e1	7.6378898e-1	
2026-06-09	10:50:56	4.50356e2	1.50207e1	1.25922e1	5.14937e1	9.74329e1	9.4579277e-2	8.4069490e-2	1.2005096e1	7.5491580e-1	
2026-06-09	10:50:57	4.50212e2	1.49949e1	1.25647e1	5.14937e1	9.74247e1	9.4549417e-2	8.3961429e-2	1.2052934e1	7.5504884e-1	
2026-06-09	10:50:57	4.49756e2	1.49672e1	1.25373e1	5.14971e1	9.74297e1	9.4485340e-2	8.3855628e-2	1.2082307e1	7.6451921e-1	
2026-06-09	10:50:58	4.49827e2	1.49513e1	1.25215e1	5.14937e1	9.74322e1	9.4498996e-2	8.3795843e-2	1.1998382e1	7.5434646e-1	
2026-06-09	10:50:58	4.49827e2	1.49513e1	1.25215e1	5.14937e1	9.74322e1	9.4498996e-2	8.3795843e-2	1.1998382e1	7.5434646e-1	
2026-06-09	10:50:59	4.48616e2	1.48997e1	1.24679e1	5.14971e1	9.74262e1	9.4311180e-2	8.3586692e-2	1.2065522e1	7.6339197e-1	
2026-06-09	10:50:59	4.48533e2	1.48821e1	1.24505e1	5.14904e1	9.74300e1	9.4303722e-2	8.3521480e-2	1.2014328e1	7.5488543e-1	
2026-06-09	10:51:00	4.48956e2	1.48666e1	1.24337e1	5.14904e1	9.74242e1	9.4360885e-2	8.3455677e-2	1.2057969e1	7.5491065e-1	
2026-06-09	10:51:00	4.48294e2	1.48444e1	1.24116e1	5.14937e1	9.74284e1	9.4265403e-2	8.3370866e-2	1.2068040e1	7.6457953e-1	
2026-06-09	10:51:01	4.47704e2	1.48346e1	1.24018e1	5.14904e1	9.74300e1	9.4179334e-2	8.3333787e-2	1.2025238e1	7.5321488e-1	
2026-06-09	10:51:01	4.47704e2	1.48346e1	1.24018e1	5.14904e1	9.74300e1	9.4179334e-2	8.3333787e-2	1.2025238e1	7.5321488e-1	
2026-06-09	10:51:02	4.47867e2	1.48131e1	1.23796e1	5.14971e1	9.74292e1	9.4201269e-2	8.3247003e-2	1.2064683e1	7.6206607e-1	
2026-06-09	10:51:02	4.47769e2	1.48022e1	1.23692e1	5.15037e1	9.74345e1	9.4190483e-2	8.3206892e-2	1.2026077e1	7.5319743e-1	
2026-06-09	10:51:03	4.47669e2	1.47949e1	1.23606e1	5.14971e1	9.74277e1	9.4170093e-2	8.3173809e-2	1.2059648e1	7.5277619e-1	
2026-06-09	10:51:03	4.47639e2	1.47854e1	1.23512e1	5.14904e1	9.74300e1	9.4169082e-2	8.3139181e-2	1.2055451e1	7.6360373e-1	
2026-06-09	10:51:04	4.47927e2	1.47762e1	1.23424e1	5.14937e1	9.74337e1	9.4214973e-2	8.3105382e-2	1.2012649e1	7.5564475e-1	
2026-06-09	10:51:04	4.47927e2	1.47762e1	1.23424e1	5.14937e1	9.74337e1	9.4214973e-2	8.3105382e-2	1.2012649e1	7.5564475e-1	
2026-06-09	10:51:05	4.47277e2	1.47676e1	1.23332e1	5.14971e1	9.74317e1	9.4115142e-2	8.3069028e-2	1.2061326e1	7.6391563e-1	
2026-06-09	10:51:05	4.47178e2	1.47667e1	1.23316e1	5.14937e1	9.74275e1	9.4096841e-2	8.3062763e-2	1.2000061e1	7.5594606e-1	
2026-06-09	10:51:06	4.47267e2	1.47464e1	1.23100e1	5.14904e1	9.74234e1	9.4106616e-2	8.2979564e-2	1.2050416e1	7.5624475e-1	
2026-06-09	10:51:06	4.47338e2	1.47417e1	1.23049e1	5.14971e1	9.74212e1	9.4113531e-2	8.2958106e-2	1.2059648e1	7.6565480e-1	
2026-06-09	10:51:07	4.47522e2	1.47493e1	1.23140e1	5.14904e1	9.74294e1	9.4150657e-2	8.2996006e-2	1.2004257e1	7.5466294e-1	
2026-06-09	10:51:07	4.47522e2	1.47493e1	1.23140e1	5.14904e1	9.74294e1	9.4150657e-2	8.2996006e-2	1.2004257e1	7.5466294e-1	
2026-06-09	10:51:08	4.46576e2	1.47380e1	1.23022e1	5.14971e1	9.74282e1	9.4006481e-2	8.2949161e-2	1.2081468e1	7.6438660e-1	
2026-06-09	10:51:08	4.47090e2	1.47420e1	1.23070e1	5.14904e1	9.74327e1	9.4089212e-2	8.2969779e-2	1.2001739e1	7.5417332e-1	
2026-06-09	10:51:09	4.47811e2	1.47370e1	1.23000e1	5.14871e1	9.74207e1	9.4185714e-2	8.2941055e-2	1.2050416e1	7.5465478e-1	
2026-06-09	10:51:09	4.47868e2	1.47297e1	1.22933e1	5.14937e1	9.74265e1	9.4198341e-2	8.2915363e-2	1.2068040e1	7.6346492e-1	
2026-06-09	10:51:10	4.47461e2	1.47303e1	1.22946e1	5.14937e1	9.74307e1	9.4141902e-2	8.2920970e-2	1.2005935e1	7.5427932e-1	
2026-06-09	10:51:10	4.47461e2	1.47303e1	1.22946e1	5.14937e1	9.74307e1	9.4141902e-2	8.2920970e-2	1.2005935e1	7.5427932e-1	
2026-06-09	10:51:11	4.47023e2	1.47131e1	1.22761e1	5.14937e1	9.74262e1	9.4071683e-2	8.2849388e-2	1.2049577e1	7.6440830e-1	
2026-06-09	10:51:11	4.47133e2	1.47146e1	1.22789e1	5.14904e1	9.74342e1	9.4096899e-2	8.2862138e-2	1.2031953e1	7.5585293e-1	
2026-06-09	10:51:12	4.47198e2	1.47148e1	1.22775e1	5.14904e1	9.74242e1	9.4096603e-2	8.2854986e-2	1.2062165e1	7.5481243e-1	
2026-06-09	10:51:12	4.46952e2	1.47199e1	1.22833e1	5.14904e1	9.74272e1	9.4062919e-2	8.2877635e-2	1.2064683e1	7.6383633e-1	
2026-06-09	10:51:13	4.46792e2	1.47191e1	1.22833e1	5.14871e1	9.74329e1	9.4045343e-2	8.2879428e-2	1.2019363e1	7.5330429e-1	
2026-06-09	10:51:13	4.46792e2	1.47191e1	1.22833e1	5.14871e1	9.74329e1	9.4045343e-2	8.2879428e-2	1.2019363e1	7.5330429e-1	
2026-06-09	10:51:14	4.47490e2	1.47065e1	1.22709e1	5.14904e1	9.74367e1	9.4152507e-2	8.2831974e-2	1.2066361e1	7.6314735e-1	
2026-06-09	10:51:14	4.46357e2	1.47095e1	1.22734e1	5.15004e1	9.74327e1	9.3977336e-2	8.2839012e-2	1.2034471e1	7.5697517e-1	
2026-06-09	10:51:15	4.46063e2	1.46981e1	1.22773e1	5.15004e1	9.75337e1	9.4033536e-2	8.2873821e-2	1.2078950e1	7.6022214e-1	
2026-06-09	10:51:15	4.48163e2	1.46739e1	1.22616e1	5.14971e1	9.75934e1	9.4407444e-2	8.2825479e-2	1.2056291e1	7.6161451e-1	
2026-06-09	10:51:16	4.48462e2	1.47158e1	1.22795e1	5.15004e1	9.74300e1	9.4288940e-2	8.2861843e-2	1.2048738e1	7.5527791e-1	
2026-06-09	10:51:16	4.48462e2	1.47158e1	1.22795e1	5.15004e1	9.74300e1	9.4288940e-2	8.2861843e-2	1.2048738e1	7.5527791e-1	
2026-06-09	10:51:17	4.86649e2	1.59840e1	1.35424e1	5.14971e1	9.74272e1	9.9882841e-2	8.7803840e-2	1.2057969e1	7.6318006e-1	
2026-06-09	10:51:17	4.76942e2	1.57872e1	1.33532e1	5.14937e1	9.74327e1	9.8489942e-2	8.7052822e-2	1.2016006e1	7.5505704e-1	
2026-06-09	10:51:18	4.60310e2	1.52604e1	1.28325e1	5.14904e1	9.74244e1	9.6048173e-2	8.5002956e-2	1.2063004e1	7.5301384e-1	
2026-06-09	10:51:18	4.56291e2	1.50674e1	1.26388e1	5.14937e1	9.74284e1	9.5456066e-2	8.4249382e-2	1.2068040e1	7.6348476e-1	
2026-06-09	10:51:19	4.56236e2	1.50362e1	1.26081e1	5.15004e1	9.74337e1	9.5451412e-2	8.4129924e-2	1.2035310e1	7.5498600e-1	
2026-06-09	10:51:19	4.56236e2	1.50362e1	1.26081e1	5.15004e1	9.74337e1	9.5451412e-2	8.4129924e-2	1.2035310e1	7.5498600e-1	
2026-06-09	10:51:20	4.53777e2	1.49847e1	1.25547e1	5.15004e1	9.74275e1	9.5080375e-2	8.3922090e-2	1.2047898e1	7.6427407e-1	
2026-06-09	10:51:20	4.53364e2	1.49623e1	1.25330e1	5.14904e1	9.74342e1	9.5027561e-2	8.3841142e-2	1.2031953e1	7.5306043e-1	
2026-06-09	10:51:21	4.53422e2	1.49404e1	1.25088e1	5.14837e1	9.74219e1	9.5025005e-2	8.3746376e-2	1.2062165e1	7.5366730e-1	
2026-06-09	10:51:21	4.53131e2	1.49208e1	1.24899e1	5.14937e1	9.74287e1	9.4986381e-2	8.3672819e-2	1.2072236e1	7.6249856e-1	
2026-06-09	10:51:22	4.52186e2	1.49051e1	1.24753e1	5.14904e1	9.74382e1	9.4855966e-2	8.3618822e-2	1.2016845e1	7.5322775e-1	
2026-06-09	10:51:22	4.52186e2	1.49051e1	1.24753e1	5.14904e1	9.74382e1	9.4855966e-2	8.3618822e-2	1.2016845e1	7.5322775e-1	
2026-06-09	10:51:23	4.50671e2	1.48599e1	1.24276e1	5.14937e1	9.74289e1	9.4620227e-2	8.3432435e-2	1.2066361e1	7.6400957e-1	
2026-06-09	10:51:23	4.50591e2	1.48529e1	1.24217e1	5.14937e1	9.74370e1	9.4616231e-2	8.3411273e-2	1.1994186e1	7.5326066e-1	
2026-06-09	10:51:24	4.50745e2	1.48389e1	1.24051e1	5.14871e1	9.74232e1	9.4626665e-2	8.3346071e-2	1.2063004e1	7.5052361e-1	
2026-06-09	10:51:24	4.51067e2	1.48251e1	1.23921e1	5.14937e1	9.74302e1	9.4679946e-2	8.3296117e-2	1.2058808e1	7.6347341e-1	
2026-06-09	10:51:25	4.50617e2	1.48131e1	1.23800e1	5.14971e1	9.74317e1	9.4613666e-2	8.3249273e-2	1.1989990e1	7.5548439e-1	
2026-06-09	10:51:25	4.50617e2	1.48131e1	1.23800e1	5.14971e1	9.74317e1	9.4613666e-2	8.3249273e-2	1.1989990e1	7.5548439e-1	
2026-06-09	10:51:26	4.48385e2	1.47993e1	1.23652e1	5.14937e1	9.74272e1	9.4277143e-2	8.3191690e-2	1.2068879e1	7.6400260e-1	
2026-06-09	10:51:26	4.48100e2	1.47933e1	1.23596e1	5.14937e1	9.74315e1	9.4238758e-2	8.3171129e-2	1.2010132e1	7.5447282e-1	
2026-06-09	10:51:27	4.48643e2	1.48131e1	1.23788e1	5.14970e1	9.74242e1	9.4312133e-2	8.3243007e-2	1.2053773e1	7.5489659e-1	
2026-06-09	10:51:27	4.48190e2	1.48060e1	1.23717e1	5.14937e1	9.74252e1	9.4246091e-2	8.3216428e-2	1.2066361e1	7.6435208e-1	
2026-06-09	10:51:28	4.47963e2	1.47651e1	1.23306e1	5.14971e1	9.74315e1	9.4217243e-2	8.3058834e-2	1.2024399e1	7.5422024e-1	
2026-06-09	10:51:28	4.47963e2	1.47651e1	1.23306e1	5.14971e1	9.74315e1	9.4217243e-2	8.3058834e-2	1.2024399e1	7.5422024e-1	
2026-06-09	10:51:29	4.47895e2	1.47313e1	1.22951e1	5.14937e1	9.74272e1	9.4203233e-2	8.2922344e-2	1.2068040e1	7.6347131e-1	
2026-06-09	10:51:29	4.47629e2	1.47430e1	1.23078e1	5.14904e1	9.74315e1	9.4168548e-2	8.2972707e-2	1.2008453e1	7.5573444e-1	
2026-06-09	10:51:30	4.47485e2	1.47364e1	1.22990e1	5.14904e1	9.74184e1	9.4133968e-2	8.2936229e-2	1.2066361e1	7.5310473e-1	
2026-06-09	10:51:30	4.47452e2	1.47282e1	1.22917e1	5.14904e1	9.74262e1	9.4136657e-2	8.2909879e-2	1.2070558e1	7.6348905e-1	
2026-06-09	10:51:31	4.47357e2	1.47219e1	1.22863e1	5.14871e1	9.74332e1	9.4130096e-2	8.2890930e-2	1.2003418e1	7.5596885e-1	
2026-06-09	10:51:31	4.47357e2	1.47219e1	1.22863e1	5.14871e1	9.74332e1	9.4130096e-2	8.2890930e-2	1.2003418e1	7.5596885e-1	
2026-06-09	10:51:32	4.47130e2	1.47342e1	1.22978e1	5.14971e1	9.74252e1	9.4086351e-2	8.2931632e-2	1.2068040e1	7.6523790e-1	
2026-06-09	10:51:32	4.47335e2	1.47356e1	1.23002e1	5.14937e1	9.74315e1	9.4123897e-2	8.2942724e-2	1.2012649e1	7.5472536e-1	
2026-06-09	10:51:33	4.47221e2	1.47269e1	1.22900e1	5.14937e1	9.74242e1	9.4099521e-2	8.2902317e-2	1.2056291e1	7.5520510e-1	
2026-06-09	10:51:33	4.47358e2	1.47170e1	1.22809e1	5.14971e1	9.74310e1	9.4125928e-2	8.2867918e-2	1.2046220e1	7.6386313e-1	
2026-06-09	10:51:34	4.47432e2	1.47178e1	1.22814e1	5.14937e1	9.74289e1	9.4135704e-2	8.2870187e-2	1.2026077e1	7.5598220e-1	
2026-06-09	10:51:34	4.47432e2	1.47178e1	1.22814e1	5.14937e1	9.74289e1	9.4135704e-2	8.2870187e-2	1.2026077e1	7.5598220e-1	
2026-06-09	10:51:35	4.47066e2	1.47203e1	1.22845e1	5.14937e1	9.74327e1	9.4084739e-2	8.2882881e-2	1.2067201e1	7.6241350e-1	
2026-06-09	10:51:35	4.46796e2	1.47100e1	1.22742e1	5.14971e1	9.74345e1	9.4045343e-2	8.2843122e-2	1.2027755e1	7.5602006e-1	
2026-06-09	10:51:36	4.47191e2	1.47027e1	1.22650e1	5.14904e1	9.74240e1	9.4095115e-2	8.2806768e-2	1.2051255e1	7.5530424e-1	
2026-06-09	10:51:36	4.46886e2	1.47052e1	1.22680e1	5.14904e1	9.74270e1	9.4052677e-2	8.2819042e-2	1.2068879e1	7.6337976e-1	
2026-06-09	10:51:37	4.46812e2	1.47152e1	1.22788e1	5.15004e1	9.74292e1	9.4041824e-2	8.2858858e-2	1.2039506e1	7.5509862e-1	
2026-06-09	10:51:37	4.46812e2	1.47152e1	1.22788e1	5.15004e1	9.74292e1	9.4041824e-2	8.2858858e-2	1.2039506e1	7.5509862e-1	
2026-06-09	10:51:38	4.47044e2	1.46975e1	1.22598e1	5.15004e1	9.74254e1	9.4072637e-2	8.2785491e-2	1.2052094e1	7.6491875e-1	
2026-06-09	10:51:38	4.46892e2	1.47176e1	1.22817e1	5.15004e1	9.74324e1	9.4057140e-2	8.2870845e-2	1.2016006e1	7.5413222e-1	
2026-06-09	10:51:39	4.46832e2	1.47151e1	1.22781e1	5.14904e1	9.74257e1	9.4043493e-2	8.2857427e-2	1.2044541e1	7.5279803e-1	
2026-06-09	10:51:39	4.47043e2	1.46928e1	1.22555e1	5.14904e1	9.74284e1	9.4077348e-2	8.2771301e-2	1.2071397e1	7.6329998e-1	
2026-06-09	10:51:40	4.46713e2	1.47070e1	1.22710e1	5.14971e1	9.74339e1	9.4032402e-2	8.2830667e-2	1.2005096e1	7.5380616e-1	
2026-06-09	10:51:40	4.46713e2	1.47070e1	1.22710e1	5.14971e1	9.74339e1	9.4032402e-2	8.2830667e-2	1.2005096e1	7.5380616e-1	
2026-06-09	10:51:41	4.46742e2	1.46935e1	1.22571e1	5.15004e1	9.74342e1	9.4036159e-2	8.2776784e-2	1.2066361e1	7.6493072e-1	
2026-06-09	10:51:41	4.46975e2	1.47064e1	1.22701e1	5.14971e1	9.74320e1	9.4069480e-2	8.2826614e-2	1.1994186e1	7.5433058e-1	
2026-06-09	10:51:42	4.46885e2	1.47070e1	1.22695e1	5.14937e1	9.74244e1	9.4049339e-2	8.2823514e-2	1.2069718e1	7.5412378e-1	
2026-06-09	10:51:42	4.46863e2	1.47018e1	1.22659e1	5.14937e1	9.74359e1	9.4057378e-2	8.2812194e-2	1.2081468e1	7.6428699e-1	
2026-06-09	10:51:43	4.46753e2	1.46983e1	1.22631e1	5.14904e1	9.74412e1	9.4046831e-2	8.2803068e-2	1.2011810e1	7.5673236e-1	
2026-06-09	10:51:43	4.46753e2	1.46983e1	1.22631e1	5.14904e1	9.74412e1	9.4046831e-2	8.2803068e-2	1.2011810e1	7.5673236e-1	
2026-06-09	10:51:44	4.47555e2	1.46874e1	1.22621e1	5.14971e1	9.75069e1	9.4230651e-2	8.2810583e-2	1.2060487e1	7.6226191e-1	
2026-06-09	10:51:44	4.47168e2	1.47534e1	1.23192e1	5.14937e1	9.74357e1	9.4103393e-2	8.3016576e-2	1.2042024e1	7.5580511e-1	
2026-06-09	10:51:45	4.57571e2	1.54178e1	1.29892e1	5.14937e1	9.74240e1	9.5645065e-2	8.5615396e-2	1.2042024e1	7.5450472e-1	
2026-06-09	10:51:45	4.65773e2	1.59457e1	1.35062e1	5.14904e1	9.74310e1	9.6865596e-2	8.7661380e-2	1.2059648e1	7.6179523e-1	
2026-06-09	10:51:46	4.58208e2	1.55724e1	1.31433e1	5.14937e1	9.74337e1	9.5750865e-2	8.6223487e-2	1.2021881e1	7.5308794e-1	
2026-06-09	10:51:46	4.58208e2	1.55724e1	1.31433e1	5.14937e1	9.74337e1	9.5750865e-2	8.6223487e-2	1.2021881e1	7.5308794e-1	
2026-06-09	10:51:47	4.51009e2	1.50171e1	1.25883e1	5.14971e1	9.74315e1	9.4674348e-2	8.4053573e-2	1.2063004e1	7.6338529e-1	
2026-06-09	10:51:47	4.50504e2	1.49829e1	1.25541e1	5.14971e1	9.74352e1	9.4602527e-2	8.3921909e-2	1.2046220e1	7.5378727e-1	
2026-06-09	10:51:48	4.50454e2	1.49638e1	1.25329e1	5.14937e1	9.74237e1	9.4584045e-2	8.3837985e-2	1.2055451e1	7.5723385e-1	
2026-06-09	10:51:48	4.50392e2	1.49392e1	1.25083e1	5.14937e1	9.74267e1	9.4577426e-2	8.3743753e-2	1.2071397e1	7.6570725e-1	
2026-06-09	10:51:49	4.49703e2	1.49256e1	1.24947e1	5.14871e1	9.74282e1	9.4477596e-2	8.3692493e-2	1.2005096e1	7.5630712e-1	
2026-06-09	10:51:49	4.49703e2	1.49256e1	1.24947e1	5.14871e1	9.74282e1	9.4477596e-2	8.3692493e-2	1.2005096e1	7.5630712e-1	
2026-06-09	10:51:50	4.49933e2	1.48963e1	1.24644e1	5.14971e1	9.74262e1	9.4507331e-2	8.3573226e-2	1.2049577e1	7.6490192e-1	
2026-06-09	10:51:50	4.49675e2	1.48771e1	1.24458e1	5.14904e1	9.74329e1	9.4476814e-2	8.3504199e-2	1.2030273e1	7.5441093e-1	
2026-06-09	10:51:51	4.49328e2	1.48605e1	1.24281e1	5.14904e1	9.74279e1	9.4420013e-2	8.3434820e-2	1.2057130e1	7.5221247e-1	
2026-06-09	10:51:51	4.49129e2	1.48415e1	1.24090e1	5.14937e1	9.74310e1	9.4392414e-2	8.3361387e-2	1.2071397e1	7.6527557e-1	
2026-06-09	10:51:52	4.48918e2	1.48331e1	1.24001e1	5.15004e1	9.74289e1	9.4357490e-2	8.3325328e-2	1.2017685e1	7.5380873e-1	
2026-06-09	10:51:52	4.48918e2	1.48331e1	1.24001e1	5.15004e1	9.74289e1	9.4357490e-2	8.3325328e-2	1.2017685e1	7.5380873e-1	
2026-06-09	10:51:53	4.48413e2	1.48052e1	1.23717e1	5.14937e1	9.74304e1	9.4284591e-2	8.3217439e-2	1.2063844e1	7.6446084e-1	
2026-06-09	10:51:53	4.48321e2	1.47995e1	1.23657e1	5.14904e1	9.74297e1	9.4270763e-2	8.3194789e-2	1.2000900e1	7.5547509e-1	
2026-06-09	10:51:54	4.48664e2	1.47853e1	1.23509e1	5.14904e1	9.74279e1	9.4320058e-2	8.3137397e-2	1.2077271e1	7.5817089e-1	
2026-06-09	10:51:54	4.48537e2	1.47765e1	1.23413e1	5.14937e1	9.74250e1	9.4297294e-2	8.3099603e-2	1.2069718e1	7.6516079e-1	
2026-06-09	10:51:55	4.48191e2	1.47721e1	1.23379e1	5.14937e1	9.74317e1	9.4252347e-2	8.3087625e-2	1.2016845e1	7.5598869e-1	
2026-06-09	10:51:55	4.48191e2	1.47721e1	1.23379e1	5.14937e1	9.74317e1	9.4252347e-2	8.3087625e-2	1.2016845e1	7.5598869e-1	
2026-06-09	10:51:56	4.47872e2	1.47609e1	1.23254e1	5.14937e1	9.74254e1	9.4198341e-2	8.3038330e-2	1.2053773e1	7.6457266e-1	
2026-06-09	10:51:56	4.47735e2	1.47574e1	1.23225e1	5.14937e1	9.74304e1	9.4182910e-2	8.3028259e-2	1.2011810e1	7.5418205e-1	
2026-06-09	10:51:57	4.48095e2	1.47465e1	1.23109e1	5.14971e1	9.74284e1	9.4233751e-2	8.2982835e-2	1.2061326e1	7.5337786e-1	
2026-06-09	10:51:57	4.48128e2	1.47385e1	1.23025e1	5.14904e1	9.74275e1	9.4238939e-2	8.2951364e-2	1.2067201e1	7.6372437e-1	
2026-06-09	10:51:58	4.47774e2	1.47367e1	1.23013e1	5.14871e1	9.74315e1	9.4190778e-2	8.2948150e-2	1.2014328e1	7.5053415e-1	
2026-06-09	10:51:58	4.47774e2	1.47367e1	1.23013e1	5.14871e1	9.74315e1	9.4190778e-2	8.2948150e-2	1.2014328e1	7.5053415e-1	
2026-06-09	10:51:59	4.47699e2	1.47249e1	1.22892e1	5.14971e1	9.74320e1	9.4177904e-2	8.2900047e-2	1.2058808e1	7.6320753e-1	
2026-06-09	10:51:59	4.47745e2	1.47224e1	1.22870e1	5.14871e1	9.74345e1	9.4189348e-2	8.2893791e-2	1.2014328e1	7.5318603e-1	
2026-06-09	10:52:00	4.47968e2	1.47243e1	1.22877e1	5.14904e1	9.74262e1	9.4213724e-2	8.2894439e-2	1.2067201e1	7.5435566e-1	
2026-06-09	10:52:00	4.47895e2	1.47209e1	1.22849e1	5.14971e1	9.74312e1	9.4206333e-2	8.2883539e-2	1.2068879e1	7.6308565e-1	
2026-06-09	10:52:01	4.47371e2	1.47193e1	1.22839e1	5.14904e1	9.74349e1	9.4133262e-2	8.2881336e-2	1.2007614e1	7.5485496e-1	
2026-06-09	10:52:01	4.47371e2	1.47193e1	1.22839e1	5.14904e1	9.74349e1	9.4133262e-2	8.2881336e-2	1.2007614e1	7.5485496e-1	
2026-06-09	10:52:02	4.47674e2	1.47098e1	1.22729e1	5.15004e1	9.74279e1	9.4169321e-2	8.2836208e-2	1.2068040e1	7.6423521e-1	
2026-06-09	10:52:02	4.47473e2	1.47111e1	1.22750e1	5.14937e1	9.74324e1	9.4145116e-2	8.2846460e-2	1.2006775e1	7.5457005e-1	
2026-06-09	10:52:03	4.47756e2	1.47109e1	1.22738e1	5.14971e1	9.74257e1	9.4179925e-2	8.2839670e-2	1.2058808e1	7.5542049e-1	
2026-06-09	10:52:03	4.48113e2	1.47097e1	1.22726e1	5.14971e1	9.74265e1	9.4233989e-2	8.2835378e-2	1.2052094e1	7.6403326e-1	
2026-06-09	10:52:04	4.47594e2	1.47029e1	1.22672e1	5.14904e1	9.74370e1	9.4168243e-2	8.2817916e-2	1.2047059e1	7.5444035e-1	
2026-06-09	10:52:04	4.47594e2	1.47029e1	1.22672e1	5.14904e1	9.74370e1	9.4168243e-2	8.2817916e-2	1.2047059e1	7.5444035e-1	
2026-06-09	10:52:05	4.47985e2	1.46986e1	1.22613e1	5.14937e1	9.74272e1	9.4216165e-2	8.2792758e-2	1.2066361e1	7.6422433e-1	
2026-06-09	10:52:05	4.47587e2	1.47029e1	1.22671e1	5.15037e1	9.74359e1	9.4163599e-2	8.2814750e-2	1.2025238e1	7.5473885e-1	
2026-06-09	10:52:06	4.48195e2	1.47058e1	1.22696e1	5.15004e1	9.74329e1	9.4251928e-2	8.2824287e-2	1.2063844e1	7.5623269e-1	
2026-06-09	10:52:06	4.48469e2	1.47028e1	1.22685e1	5.14937e1	9.74457e1	9.4306888e-2	8.2823867e-2	1.2073075e1	7.6329240e-1	
2026-06-09	10:52:07	4.47452e2	1.46838e1	1.22495e1	5.14871e1	9.74499e1	9.4160499e-2	8.2752943e-2	1.2000900e1	7.5662846e-1	
2026-06-09	10:52:07	4.47452e2	1.46838e1	1.22495e1	5.14871e1	9.74499e1	9.4160499e-2	8.2752943e-2	1.2000900e1	7.5662846e-1	
2026-06-09	10:52:08	4.51835e2	1.48158e1	1.23848e1	5.14904e1	9.74447e1	9.4809236e-2	8.3271446e-2	1.2058808e1	7.6190824e-1	
2026-06-09	10:52:08	4.52780e2	1.49074e1	1.24770e1	5.14871e1	9.74342e1	9.4940900e-2	8.3625497e-2	1.2016006e1	7.5269231e-1	
2026-06-09	10:52:09	4.65630e2	1.53598e1	1.29326e1	5.14871e1	9.74307e1	9.6837577e-2	8.5396404e-2	1.2058808e1	7.5537614e-1	
2026-06-09	10:52:09	4.73444e2	1.56619e1	1.32301e1	5.14871e1	9.74267e1	9.7976570e-2	8.6565675e-2	1.2048738e1	7.6469717e-1	
2026-06-09	10:52:10	4.63051e2	1.53286e1	1.29017e1	5.14871e1	9.74315e1	9.6459865e-2	8.5275468e-2	1.2018524e1	7.5388331e-1	
2026-06-09	10:52:10	4.63051e2	1.53286e1	1.29017e1	5.14871e1	9.74315e1	9.6459865e-2	8.5275468e-2	1.2018524e1	7.5388331e-1	
2026-06-09	10:52:11	4.54496e2	1.49516e1	1.25206e1	5.14937e1	9.74247e1	9.5185098e-2	8.3790836e-2	1.2057969e1	7.6402163e-1	
2026-06-09	10:52:11	4.54383e2	1.49408e1	1.25112e1	5.14904e1	9.74345e1	9.5178661e-2	8.3756866e-2	1.2025238e1	7.5466051e-1	
2026-06-09	10:52:12	4.54741e2	1.49363e1	1.25053e1	5.14937e1	9.74260e1	9.5222473e-2	8.3731708e-2	1.2055451e1	7.5379495e-1	
2026-06-09	10:52:12	4.54610e2	1.49181e1	1.24868e1	5.14971e1	9.74272e1	9.5203456e-2	8.3660125e-2	1.2064683e1	7.6409492e-1	
2026-06-09	10:52:13	4.53896e2	1.49053e1	1.24748e1	5.14904e1	9.74342e1	9.5105886e-2	8.3616371e-2	1.2031953e1	7.5419836e-1	
2026-06-09	10:52:13	4.53896e2	1.49053e1	1.24748e1	5.14904e1	9.74342e1	9.5105886e-2	8.3616371e-2	1.2031953e1	7.5419836e-1	
2026-06-09	10:52:14	4.53501e2	1.48649e1	1.24325e1	5.15004e1	9.74279e1	9.5038356e-2	8.3450078e-2	1.2052934e1	7.6457672e-1	
2026-06-09	10:52:14	4.53179e2	1.48563e1	1.24242e1	5.14871e1	9.74310e1	9.4996271e-2	8.3420934e-2	1.1993347e1	7.5559625e-1	
2026-06-09	10:52:15	4.52819e2	1.48461e1	1.24126e1	5.14904e1	9.74232e1	9.4934225e-2	8.3374080e-2	1.2070558e1	7.5443744e-1	
2026-06-09	10:52:15	4.52795e2	1.48359e1	1.24026e1	5.14971e1	9.74265e1	9.4932374e-2	8.3335037e-2	1.2085664e1	7.6375145e-1	
2026-06-09	10:52:16	4.52841e2	1.48240e1	1.23912e1	5.14937e1	9.74320e1	9.4945249e-2	8.3292903e-2	1.2018524e1	7.5371289e-1	
2026-06-09	10:52:16	4.52841e2	1.48240e1	1.23912e1	5.14937e1	9.74320e1	9.4945249e-2	8.3292903e-2	1.2018524e1	7.5371289e-1	
2026-06-09	10:52:17	4.52093e2	1.47956e1	1.23613e1	5.14937e1	9.74270e1	9.4828901e-2	8.3176851e-2	1.2059648e1	7.6362938e-1	
2026-06-09	10:52:17	4.52137e2	1.47914e1	1.23582e1	5.15004e1	9.74352e1	9.4842319e-2	8.3165283e-2	1.2023559e1	7.5486803e-1	
2026-06-09	10:52:18	4.52236e2	1.47759e1	1.23407e1	5.14971e1	9.74250e1	9.4847145e-2	8.3096389e-2	1.2057130e1	7.5520219e-1	
2026-06-09	10:52:18	4.51935e2	1.47660e1	1.23311e1	5.14937e1	9.74292e1	9.4807262e-2	8.3061275e-2	1.2068040e1	7.6314897e-1	
2026-06-09	10:52:19	4.51514e2	1.47712e1	1.23370e1	5.14971e1	9.74322e1	9.4747066e-2	8.3083868e-2	1.2009292e1	7.5472240e-1	
2026-06-09	10:52:19	4.51514e2	1.47712e1	1.23370e1	5.14971e1	9.74322e1	9.4747066e-2	8.3083868e-2	1.2009292e1	7.5472240e-1	
2026-06-09	10:52:20	4.52963e2	1.47529e1	1.23171e1	5.14937e1	9.74257e1	9.4956283e-2	8.3006620e-2	1.2058808e1	7.6404542e-1	
2026-06-09	10:52:20	4.51860e2	1.47520e1	1.23170e1	5.14871e1	9.74312e1	9.4799337e-2	8.3008527e-2	1.1993347e1	7.5490856e-1	
2026-06-09	10:52:21	4.50713e2	1.47429e1	1.23067e1	5.14837e1	9.74254e1	9.4623622e-2	8.2968473e-2	1.2084825e1	7.5407781e-1	
2026-06-09	10:52:21	4.50619e2	1.47308e1	1.22944e1	5.14904e1	9.74260e1	9.4608669e-2	8.2920017e-2	1.2069718e1	7.6376729e-1	
2026-06-09	10:52:22	4.51149e2	1.47454e1	1.23106e1	5.14838e1	9.74337e1	9.4696702e-2	8.2984981e-2	1.2003418e1	7.5522432e-1	
2026-06-09	10:52:22	4.51149e2	1.47454e1	1.23106e1	5.14838e1	9.74337e1	9.4696702e-2	8.2984981e-2	1.2003418e1	7.5522432e-1	
2026-06-09	10:52:23	4.50529e2	1.47562e1	1.23206e1	5.14937e1	9.74265e1	9.4595317e-2	8.3020210e-2	1.2068879e1	7.6551461e-1	
2026-06-09	10:52:23	4.50806e2	1.47287e1	1.22930e1	5.14937e1	9.74317e1	9.4641447e-2	8.2915363e-2	1.2024399e1	7.5426425e-1	
2026-06-09	10:52:24	4.51405e2	1.47034e1	1.22656e1	5.14971e1	9.74227e1	9.4720478e-2	8.2807540e-2	1.2046220e1	7.5373458e-1	
2026-06-09	10:52:24	4.51702e2	1.47105e1	1.22732e1	5.14971e1	9.74252e1	9.4767274e-2	8.2837467e-2	1.2067201e1	7.6345591e-1	
2026-06-09	10:52:25	4.51453e2	1.47230e1	1.22877e1	5.14904e1	9.74347e1	9.4741287e-2	8.2896051e-2	1.1994186e1	7.5409817e-1	
2026-06-09	10:52:25	4.51453e2	1.47230e1	1.22877e1	5.14904e1	9.74347e1	9.4741287e-2	8.2896051e-2	1.1994186e1	7.5409817e-1	
2026-06-09	10:52:26	4.51413e2	1.47169e1	1.22808e1	5.14971e1	9.74312e1	9.4730377e-2	8.2867860e-2	1.2058808e1	7.6393151e-1	
2026-06-09	10:52:26	4.51216e2	1.47187e1	1.22827e1	5.14904e1	9.74317e1	9.4703016e-2	8.2876386e-2	1.2037827e1	7.5270457e-1	
2026-06-09	10:52:27	4.51319e2	1.47107e1	1.22728e1	5.14904e1	9.74212e1	9.4707670e-2	8.2836208e-2	1.2059648e1	7.5734143e-1	
2026-06-09	10:52:27	4.51480e2	1.47103e1	1.22733e1	5.14937e1	9.74270e1	9.4736690e-2	8.2838773e-2	1.2082307e1	7.6576161e-1	
2026-06-09	10:52:28	4.51209e2	1.47221e1	1.22864e1	5.14971e1	9.74329e1	9.4701824e-2	8.2889671e-2	1.2032792e1	7.5685162e-1	
2026-06-09	10:52:28	4.51209e2	1.47221e1	1.22864e1	5.14971e1	9.74329e1	9.4701824e-2	8.2889671e-2	1.2032792e1	7.5685162e-1	
2026-06-09	10:52:29	4.50928e2	1.47020e1	1.22711e1	5.14937e1	9.74677e1	9.4695329e-2	8.2838058e-2	1.2072236e1	7.6707916e-1	
2026-06-09	10:52:29	4.51769e2	1.47057e1	1.22915e1	5.14971e1	9.75739e1	9.4926176e-2	8.2936649e-2	1.2001739e1	7.5507349e-1	
2026-06-09	10:52:30	4.52908e2	1.47449e1	1.23087e1	5.14871e1	9.74252e1	9.4948949e-2	8.2975568e-2	1.2052094e1	7.5251860e-1	
2026-06-09	10:52:30	4.61802e2	1.51318e1	1.27035e1	5.14937e1	9.74257e1	9.6266689e-2	8.4500017e-2	1.2059648e1	7.6251983e-1	
2026-06-09	10:52:31	4.79041e2	1.58083e1	1.33733e1	5.14904e1	9.74307e1	9.8792018e-2	8.7132930e-2	1.2024399e1	7.5193204e-1	
2026-06-09	10:52:31	4.79041e2	1.58083e1	1.33733e1	5.14904e1	9.74307e1	9.8792018e-2	8.7132930e-2	1.2024399e1	7.5193204e-1	
2026-06-09	10:52:32	4.63369e2	1.52887e1	1.28614e1	5.14937e1	9.74287e1	9.6501827e-2	8.5116271e-2	1.2070558e1	7.6306319e-1	
2026-06-09	10:52:32	4.58964e2	1.50783e1	1.26499e1	5.14904e1	9.74289e1	9.5852136e-2	8.4293069e-2	1.2000061e1	7.5422997e-1	
2026-06-09	10:52:33	4.58028e2	1.50044e1	1.25740e1	5.14904e1	9.74230e1	9.5707054e-2	8.3997783e-2	1.2071397e1	7.5669455e-1	
2026-06-09	10:52:33	4.57171e2	1.49939e1	1.25642e1	5.14971e1	9.74277e1	9.5583801e-2	8.3959398e-2	1.2059648e1	7.6577243e-1	
2026-06-09	10:52:34	4.56510e2	1.49891e1	1.25587e1	5.14904e1	9.74240e1	9.5483598e-2	8.3938655e-2	1.2005096e1	7.5629563e-1	
2026-06-09	10:52:34	4.56510e2	1.49891e1	1.25587e1	5.14904e1	9.74240e1	9.5483598e-2	8.3938655e-2	1.2005096e1	7.5629563e-1	
2026-06-09	10:52:35	4.56088e2	1.49370e1	1.25065e1	5.14971e1	9.74292e1	9.5424413e-2	8.3736419e-2	1.2078950e1	7.6485347e-1	
2026-06-09	10:52:35	4.55331e2	1.49198e1	1.24887e1	5.14937e1	9.74279e1	9.5311698e-2	8.3668231e-2	1.1999221e1	7.5583209e-1	
2026-06-09	10:52:36	4.55229e2	1.49000e1	1.24679e1	5.14937e1	9.74240e1	9.5292272e-2	8.3586988e-2	1.2070558e1	7.5286107e-1	
2026-06-09	10:52:36	4.54347e2	1.48818e1	1.24494e1	5.14971e1	9.74254e1	9.5162210e-2	8.3515462e-2	1.2059648e1	7.6235857e-1	
2026-06-09	10:52:37	4.53831e2	1.48661e1	1.24347e1	5.14937e1	9.74337e1	9.5094499e-2	8.3460807e-2	1.2017685e1	7.5328469e-1	
2026-06-09	10:52:37	4.53831e2	1.48661e1	1.24347e1	5.14937e1	9.74337e1	9.5094499e-2	8.3460807e-2	1.2017685e1	7.5328469e-1	
2026-06-09	10:52:38	4.53602e2	1.48413e1	1.24085e1	5.14971e1	9.74284e1	9.5054264e-2	8.3358049e-2	1.2060487e1	7.6249957e-1	
2026-06-09	10:52:38	4.53306e2	1.48272e1	1.23950e1	5.14937e1	9.74349e1	9.5017433e-2	8.3307924e-2	1.2009292e1	7.5340895e-1	
2026-06-09	10:52:39	4.52904e2	1.48094e1	1.23750e1	5.14937e1	9.74237e1	9.4946203e-2	8.3228883e-2	1.2069718e1	7.5599174e-1	
2026-06-09	10:52:39	4.52423e2	1.47989e1	1.23642e1	5.14937e1	9.74237e1	9.4874677e-2	8.3187284e-2	1.2065522e1	7.6531791e-1	
2026-06-09	10:52:40	4.51912e2	1.47948e1	1.23610e1	5.14871e1	9.74307e1	9.4807033e-2	8.3177680e-2	1.2011810e1	7.5532007e-1	
2026-06-09	10:52:40	4.51912e2	1.47948e1	1.23610e1	5.14871e1	9.74307e1	9.4807033e-2	8.3177680e-2	1.2011810e1	7.5532007e-1	
2026-06-09	10:52:41	4.51582e2	1.47729e1	1.23378e1	5.14937e1	9.74265e1	9.4752130e-2	8.3086309e-2	1.2066361e1	7.6387619e-1	
2026-06-09	10:52:41	4.51861e2	1.47748e1	1.23403e1	5.14971e1	9.74297e1	9.4796295e-2	8.3096027e-2	1.2021042e1	7.5499858e-1	
2026-06-09	10:52:42	4.51664e2	1.47627e1	1.23267e1	5.15004e1	9.74225e1	9.4758872e-2	8.3041725e-2	1.2047898e1	7.5463681e-1	
2026-06-09	10:52:42	4.50964e2	1.47529e1	1.23169e1	5.14904e1	9.74242e1	9.4658432e-2	8.3005962e-2	1.2068040e1	7.6368169e-1	
2026-06-09	10:52:43	4.50512e2	1.47604e1	1.23260e1	5.15004e1	9.74327e1	9.4597702e-2	8.3040895e-2	1.2028595e1	7.5546650e-1	
2026-06-09	10:52:43	4.50349e2	1.47578e1	1.23217e1	5.14971e1	9.74227e1	9.4564075e-2	8.3023128e-2	1.2063004e1	7.5362224e-1	
2026-06-09	10:52:44	4.50735e2	1.47380e1	1.23020e1	5.14937e1	9.74272e1	9.4626483e-2	8.2948865e-2	1.2068879e1	7.6386404e-1	
2026-06-09	10:52:44	4.50545e2	1.47387e1	1.23026e1	5.14937e1	9.74262e1	9.4597339e-2	8.2950954e-2	1.2020202e1	7.5526437e-1	
2026-06-09	10:52:45	4.49925e2	1.47385e1	1.23014e1	5.14904e1	9.74205e1	9.4499883e-2	8.2945938e-2	1.2065522e1	7.5434703e-1	
2026-06-09	10:52:45	4.49991e2	1.47260e1	1.22893e1	5.14937e1	9.74250e1	9.4513359e-2	8.2899627e-2	1.2073075e1	7.6365098e-1	
2026-06-09	10:52:46	4.49999e2	1.47263e1	1.22898e1	5.14971e1	9.74265e1	9.4515380e-2	8.2901182e-2	1.2012649e1	7.5473070e-1	
2026-06-09	10:52:46	4.49999e2	1.47263e1	1.22898e1	5.14971e1	9.74265e1	9.4515380e-2	8.2901182e-2	1.2012649e1	7.5473070e-1	
2026-06-09	10:52:47	4.49748e2	1.47202e1	1.22839e1	5.14971e1	9.74289e1	9.4480457e-2	8.2879180e-2	1.2067201e1	7.6298341e-1	
2026-06-09	10:52:47	4.49483e2	1.47240e1	1.22880e1	5.14937e1	9.74304e1	9.4443206e-2	8.2895698e-2	1.2011810e1	7.5440654e-1	
2026-06-09	10:52:48	4.49267e2	1.47228e1	1.22856e1	5.14937e1	9.74232e1	9.4403686e-2	8.2885265e-2	1.2064683e1	7.5357818e-1	
2026-06-09	10:52:48	4.49242e2	1.47233e1	1.22866e1	5.14971e1	9.74265e1	9.4402608e-2	8.2889137e-2	1.2069718e1	7.6401944e-1	
2026-06-09	10:52:49	4.49141e2	1.47108e1	1.22746e1	5.14971e1	9.74322e1	9.4393072e-2	8.2844200e-2	1.2012649e1	7.5507593e-1	
2026-06-09	10:52:49	4.49141e2	1.47108e1	1.22746e1	5.14971e1	9.74322e1	9.4393072e-2	8.2844200e-2	1.2012649e1	7.5507593e-1	
2026-06-09	10:52:50	4.48935e2	1.47131e1	1.22761e1	5.14904e1	9.74267e1	9.4358263e-2	8.2850093e-2	1.2052094e1	7.6406002e-1	
2026-06-09	10:52:50	4.48204e2	1.47050e1	1.22686e1	5.14904e1	9.74317e1	9.4254131e-2	8.2822141e-2	1.2016845e1	7.5434846e-1	
2026-06-09	10:52:51	4.48524e2	1.47085e1	1.22757e1	5.14937e1	9.74542e1	9.4323635e-2	8.2853136e-2	1.2067201e1	7.5493164e-1	
2026-06-09	10:52:51	4.48387e2	1.46954e1	1.22605e1	5.14971e1	9.74434e1	9.4291687e-2	8.2792167e-2	1.2057130e1	7.6804342e-1	
2026-06-09	10:52:52	4.48608e2	1.46883e1	1.22729e1	5.14971e1	9.75702e1	9.4450950e-2	8.2864580e-2	1.2020202e1	7.5637502e-1	
2026-06-09	10:52:52	4.48608e2	1.46883e1	1.22729e1	5.14971e1	9.75702e1	9.4450950e-2	8.2864580e-2	1.2020202e1	7.5637502e-1	
2026-06-09	10:52:53	4.54768e2	1.49699e1	1.25395e1	5.14904e1	9.74260e1	9.5227661e-2	8.3864746e-2	1.2046220e1	7.6345300e-1	
2026-06-09	10:52:53	4.66420e2	1.54203e1	1.29929e1	5.14871e1	9.74320e1	9.6955242e-2	8.5632801e-2	1.2010971e1	7.5661764e-1	
2026-06-09	10:52:54	4.73135e2	1.56848e1	1.32519e1	5.14871e1	9.74227e1	9.7927865e-2	8.6650848e-2	1.2042863e1	7.5029983e-1	
2026-06-09	10:52:54	4.62389e2	1.53229e1	1.28961e1	5.14904e1	9.74324e1	9.6362829e-2	8.5253238e-2	1.2063004e1	7.6222009e-1	
2026-06-09	10:52:55	4.55210e2	1.50467e1	1.26183e1	5.14904e1	9.74315e1	9.5299606e-2	8.4171180e-2	1.2016845e1	7.5108394e-1	
2026-06-09	10:52:55	4.55210e2	1.50467e1	1.26183e1	5.14904e1	9.74315e1	9.5299606e-2	8.4171180e-2	1.2016845e1	7.5108394e-1	
2026-06-09	10:52:56	4.53450e2	1.49460e1	1.25159e1	5.14871e1	9.74307e1	9.5037345e-2	8.3774805e-2	1.2052934e1	7.6267123e-1	
2026-06-09	10:52:56	4.53480e2	1.49459e1	1.25157e1	5.14871e1	9.74304e1	9.5041570e-2	8.3774032e-2	1.1995865e1	7.5396013e-1	
2026-06-09	10:52:57	4.53678e2	1.49359e1	1.25046e1	5.14904e1	9.74244e1	9.5064163e-2	8.3729505e-2	1.2053773e1	7.5797505e-1	
2026-06-09	10:52:57	4.53396e2	1.49107e1	1.24789e1	5.14904e1	9.74250e1	9.5022439e-2	8.3630447e-2	1.2070558e1	7.6600446e-1	
2026-06-09	10:52:58	4.52695e2	1.48950e1	1.24639e1	5.14904e1	9.74315e1	9.4924688e-2	8.3573760e-2	1.2007614e1	7.5715117e-1	
2026-06-09	10:52:58	4.52484e2	1.48781e1	1.24457e1	5.14971e1	9.74257e1	9.4886007e-2	8.3501157e-2	1.2050416e1	7.5580186e-1	
2026-06-09	10:52:59	4.51982e2	1.48587e1	1.24255e1	5.14937e1	9.74232e1	9.4809417e-2	8.3423318e-2	1.2069718e1	7.6525068e-1	
2026-06-09	10:52:59	4.51465e2	1.48445e1	1.24123e1	5.14904e1	9.74322e1	9.4742059e-2	8.3374681e-2	1.2017685e1	7.5527219e-1	
2026-06-09	10:53:00	4.51673e2	1.48381e1	1.24044e1	5.14904e1	9.74234e1	9.4764232e-2	8.3342666e-2	1.2055451e1	7.5357990e-1	
2026-06-09	10:53:00	4.51426e2	1.48220e1	1.23876e1	5.14904e1	9.74222e1	9.4726085e-2	8.3277883e-2	1.2068040e1	7.6278777e-1	
2026-06-09	10:53:01	4.50696e2	1.48068e1	1.23734e1	5.14904e1	9.74310e1	9.4626007e-2	8.3224830e-2	1.2007614e1	7.5436253e-1	
2026-06-09	10:53:01	4.50696e2	1.48068e1	1.23734e1	5.14904e1	9.74310e1	9.4626007e-2	8.3224830e-2	1.2007614e1	7.5436253e-1	
2026-06-09	10:53:02	4.50022e2	1.47812e1	1.23463e1	5.14937e1	9.74260e1	9.4519729e-2	8.3118972e-2	1.2046220e1	7.6332817e-1	
2026-06-09	10:53:02	4.49759e2	1.47696e1	1.23356e1	5.14871e1	9.74337e1	9.4489393e-2	8.3080406e-2	1.2021881e1	7.5413007e-1	
2026-06-09	10:53:03	4.49435e2	1.47659e1	1.23301e1	5.14937e1	9.74234e1	9.4429550e-2	8.3056268e-2	1.2055451e1	7.5222988e-1	
2026-06-09	10:53:03	4.49228e2	1.47614e1	1.23259e1	5.14937e1	9.74260e1	9.4401121e-2	8.3040533e-2	1.2068879e1	7.6349458e-1	
2026-06-09	10:53:04	4.48916e2	1.47598e1	1.23246e1	5.14904e1	9.74287e1	9.4358024e-2	8.3036785e-2	1.2010971e1	7.5496330e-1	
2026-06-09	10:53:04	4.48581e2	1.47531e1	1.23164e1	5.14937e1	9.74199e1	9.4298543e-2	8.3002929e-2	1.2074754e1	7.5290207e-1	
2026-06-09	10:53:05	4.48557e2	1.47499e1	1.23144e1	5.14937e1	9.74282e1	9.4303188e-2	8.2996902e-2	1.2061326e1	7.6370763e-1	
2026-06-09	10:53:05	4.48552e2	1.47431e1	1.23072e1	5.14904e1	9.74272e1	9.4302120e-2	8.2969665e-2	1.2021042e1	7.5509238e-1	
2026-06-09	10:53:06	4.48199e2	1.47319e1	1.22948e1	5.14971e1	9.74217e1	9.4242391e-2	8.2919597e-2	1.2044541e1	7.5448541e-1	
2026-06-09	10:53:06	4.47986e2	1.47286e1	1.22913e1	5.14937e1	9.74209e1	9.4210567e-2	8.2906541e-2	1.2066361e1	7.6450729e-1	
2026-06-09	10:53:07	4.47758e2	1.47223e1	1.22862e1	5.14937e1	9.74297e1	9.4185113e-2	8.2888545e-2	1.2042863e1	7.5497345e-1	
2026-06-09	10:53:07	4.47758e2	1.47223e1	1.22862e1	5.14937e1	9.74297e1	9.4185113e-2	8.2888545e-2	1.2042863e1	7.5497345e-1	
2026-06-09	10:53:08	4.47394e2	1.47113e1	1.22743e1	5.14871e1	9.74267e1	9.4129085e-2	8.2843666e-2	1.2057130e1	7.6480793e-1	
2026-06-09	10:53:08	4.47535e2	1.47136e1	1.22779e1	5.14904e1	9.74345e1	9.4157161e-2	8.2858266e-2	1.2016845e1	7.5498304e-1	
2026-06-09	10:53:09	4.47460e2	1.47091e1	1.22713e1	5.14937e1	9.74219e1	9.4132719e-2	8.2829895e-2	1.2052094e1	7.5500345e-1	
2026-06-09	10:53:09	4.46884e2	1.47007e1	1.22631e1	5.14937e1	9.74250e1	9.4049634e-2	8.2799072e-2	1.2071397e1	7.6315174e-1	
2026-06-09	10:53:10	4.47124e2	1.47046e1	1.22678e1	5.14937e1	9.74289e1	9.4089393e-2	8.2817792e-2	1.2034471e1	7.5338735e-1	
2026-06-09	10:53:10	4.47124e2	1.47046e1	1.22678e1	5.14937e1	9.74289e1	9.4089393e-2	8.2817792e-2	1.2034471e1	7.5338735e-1	
2026-06-09	10:53:11	4.47182e2	1.46946e1	1.22560e1	5.14971e1	9.74205e1	9.4088850e-2	8.2770528e-2	1.2066361e1	7.6489686e-1	
2026-06-09	10:53:11	4.47056e2	1.46956e1	1.22578e1	5.14871e1	9.74247e1	9.4076395e-2	8.2779884e-2	1.2000900e1	7.5385327e-1	
2026-06-09	10:53:12	4.46878e2	1.46954e1	1.22565e1	5.14904e1	9.74177e1	9.4042062e-2	8.2772970e-2	1.2052094e1	7.5638985e-1	
2026-06-09	10:53:12	4.46700e2	1.46896e1	1.22519e1	5.15004e1	9.74267e1	9.4022274e-2	8.2755203e-2	1.2057969e1	7.6529226e-1	
2026-06-09	10:53:13	4.46782e2	1.46888e1	1.22512e1	5.14971e1	9.74275e1	9.4035987e-2	8.2753238e-2	1.2002578e1	7.5558190e-1	
2026-06-09	10:53:13	4.46782e2	1.46888e1	1.22512e1	5.14971e1	9.74275e1	9.4035987e-2	8.2753238e-2	1.2002578e1	7.5558190e-1	
2026-06-09	10:53:14	4.46452e2	1.46797e1	1.22412e1	5.14971e1	9.74240e1	9.3983058e-2	8.2714195e-2	1.2053773e1	7.6340084e-1	
2026-06-09	10:53:14	4.46591e2	1.46804e1	1.22435e1	5.14904e1	9.74345e1	9.4015655e-2	8.2726535e-2	1.2035310e1	7.5433778e-1	
2026-06-09	10:53:15	4.47414e2	1.46818e1	1.22428e1	5.14871e1	9.74202e1	9.4125213e-2	8.2721414e-2	1.2060487e1	7.5439014e-1	
2026-06-09	10:53:15	4.47411e2	1.46781e1	1.22397e1	5.14937e1	9.74244e1	9.4127540e-2	8.2709131e-2	1.2062165e1	7.6276073e-1	
2026-06-09	10:53:16	4.46826e2	1.46807e1	1.22453e1	5.14904e1	9.74442e1	9.4060478e-2	8.2735424e-2	1.2010971e1	7.5386209e-1	
2026-06-09	10:53:16	4.46826e2	1.46807e1	1.22453e1	5.14904e1	9.74442e1	9.4060478e-2	8.2735424e-2	1.2010971e1	7.5386209e-1	
2026-06-09	10:53:17	4.43611e2	1.46498e1	1.22299e1	5.14971e1	9.75502e1	9.3682289e-2	8.2695598e-2	1.2069718e1	7.6505656e-1	
2026-06-09	10:53:17	4.46047e2	1.46872e1	1.22698e1	5.14904e1	9.75575e1	9.4056663e-2	8.2851295e-2	1.2018524e1	7.5099539e-1	
2026-06-09	10:53:18	4.62695e2	1.48313e1	1.23969e1	5.14871e1	9.74202e1	9.6389827e-2	8.3313703e-2	1.2078111e1	7.5367403e-1	
2026-06-09	10:53:18	5.46474e2	1.53937e1	1.29654e1	5.14937e1	9.74247e1	1.0817700e-1	8.5522117e-2	1.2058808e1	7.6331467e-1	
2026-06-09	10:53:19	6.14333e2	1.58499e1	1.34134e1	5.15037e1	9.74292e1	1.1703830e-1	8.7289276e-2	1.2026077e1	7.5414752e-1	
2026-06-09	10:53:19	6.14333e2	1.58499e1	1.34134e1	5.15037e1	9.74292e1	1.1703830e-1	8.7289276e-2	1.2026077e1	7.5414752e-1	
2026-06-09	10:53:20	5.03476e2	1.51903e1	1.27619e1	5.14937e1	9.74230e1	1.0225552e-1	8.4726810e-2	1.2070558e1	7.6286373e-1	
2026-06-09	10:53:20	4.88223e2	1.50553e1	1.26272e1	5.14904e1	9.74322e1	1.0010206e-1	8.4205570e-2	1.1999221e1	7.5574870e-1	
2026-06-09	10:53:21	4.85055e2	1.50100e1	1.25796e1	5.14871e1	9.74215e1	9.9637393e-2	8.4019546e-2	1.2050416e1	7.5551013e-1	
2026-06-09	10:53:21	4.82980e2	1.49930e1	1.25624e1	5.14937e1	9.74219e1	9.9338588e-2	8.3951835e-2	1.2066361e1	7.6475257e-1	
2026-06-09	10:53:22	4.80540e2	1.49763e1	1.25469e1	5.14904e1	9.74317e1	9.8998126e-2	8.3894433e-2	1.2058808e1	7.5628275e-1	
2026-06-09	10:53:22	4.80540e2	1.49763e1	1.25469e1	5.14904e1	9.74317e1	9.8998126e-2	8.3894433e-2	1.2058808e1	7.5628275e-1	
2026-06-09	10:53:23	4.75563e2	1.49250e1	1.24936e1	5.14937e1	9.74252e1	9.8271131e-2	8.3686532e-2	1.2065522e1	7.6307687e-1	
2026-06-09	10:53:23	4.73255e2	1.49112e1	1.24803e1	5.14904e1	9.74307e1	9.7942714e-2	8.3636999e-2	1.2052094e1	7.5458803e-1	
2026-06-09	10:53:24	4.71263e2	1.48935e1	1.24600e1	5.14937e1	9.74162e1	9.7637357e-2	8.3554925e-2	1.2045381e1	7.5333828e-1	
2026-06-09	10:53:24	4.69356e2	1.48712e1	1.24388e1	5.14971e1	9.74270e1	9.7369785e-2	8.3474817e-2	1.2066361e1	7.6337976e-1	
2026-06-09	10:53:25	4.67454e2	1.48595e1	1.24275e1	5.14937e1	9.74312e1	9.7096977e-2	8.3432617e-2	1.2018524e1	7.5426616e-1	
2026-06-09	10:53:25	4.67454e2	1.48595e1	1.24275e1	5.14937e1	9.74312e1	9.7096977e-2	8.3432617e-2	1.2018524e1	7.5426616e-1	
2026-06-09	10:53:26	4.63854e2	1.48207e1	1.23870e1	5.14937e1	9.74265e1	9.6564712e-2	8.3275737e-2	1.2073075e1	7.6332621e-1	
2026-06-09	10:53:26	4.62255e2	1.48164e1	1.23832e1	5.14971e1	9.74307e1	9.6333560e-2	8.3261375e-2	1.2018524e1	7.5363612e-1	
2026-06-09	10:53:27	4.61188e2	1.48039e1	1.23690e1	5.14971e1	9.74217e1	9.6167507e-2	8.3204927e-2	1.2039506e1	7.5581741e-1	
2026-06-09	10:53:27	4.60161e2	1.47904e1	1.23553e1	5.14971e1	9.74232e1	9.6017723e-2	8.3152475e-2	1.2058808e1	7.6505699e-1	
2026-06-09	10:53:28	4.59265e2	1.47767e1	1.23422e1	5.15004e1	9.74292e1	9.5890941e-2	8.3102464e-2	1.2008453e1	7.5683822e-1	
2026-06-09	10:53:28	4.58342e2	1.47765e1	1.23403e1	5.14971e1	9.74182e1	9.5744371e-2	8.3093528e-2	1.2060487e1	7.5537958e-1	
2026-06-09	10:53:29	4.57410e2	1.47683e1	1.23324e1	5.14937e1	9.74215e1	9.5610675e-2	8.3064374e-2	1.2064683e1	7.6337356e-1	
2026-06-09	10:53:29	4.56491e2	1.47541e1	1.23192e1	5.15004e1	9.74312e1	9.5483121e-2	8.3014545e-2	1.2004257e1	7.5624270e-1	
2026-06-09	10:53:30	4.55394e2	1.47460e1	1.23096e1	5.14937e1	9.74234e1	9.5314264e-2	8.2977409e-2	1.2045381e1	7.5041193e-1	
2026-06-09	10:53:30	4.54719e2	1.47466e1	1.23108e1	5.14904e1	9.74267e1	9.5218296e-2	8.2983198e-2	1.2062165e1	7.6247425e-1	
2026-06-09	10:53:31	4.54157e2	1.47407e1	1.23057e1	5.14904e1	9.74332e1	9.5141468e-2	8.2964954e-2	1.2003418e1	7.5085391e-1	
2026-06-09	10:53:31	4.54157e2	1.47407e1	1.23057e1	5.14904e1	9.74332e1	9.5141468e-2	8.2964954e-2	1.2003418e1	7.5085391e-1	
2026-06-09	10:53:32	4.53696e2	1.47334e1	1.22973e1	5.14971e1	9.74277e1	9.5066127e-2	8.2930507e-2	1.2068040e1	7.6163692e-1	
2026-06-09	10:53:32	4.53144e2	1.47296e1	1.22934e1	5.14937e1	9.74279e1	9.4985065e-2	8.2915897e-2	1.2000900e1	7.5504736e-1	
2026-06-09	10:53:33	4.52591e2	1.47100e1	1.22716e1	5.14904e1	9.74180e1	9.4893455e-2	8.2831087e-2	1.2083146e1	7.5844359e-1	
2026-06-09	10:53:33	4.52097e2	1.47102e1	1.22727e1	5.14904e1	9.74237e1	9.4825801e-2	8.2836208e-2	1.2055451e1	7.6591258e-1	
2026-06-09	10:53:34	4.51282e2	1.47209e1	1.22837e1	5.14971e1	9.74232e1	9.4703016e-2	8.2877159e-2	1.2031114e1	7.5741748e-1	
2026-06-09	10:53:34	4.50990e2	1.47114e1	1.22730e1	5.14971e1	9.74180e1	9.4654140e-2	8.2835311e-2	1.2049577e1	7.5525436e-1	
2026-06-09	10:53:35	4.51154e2	1.47045e1	1.22668e1	5.14904e1	9.74240e1	9.4685792e-2	8.2813920e-2	1.2044541e1	7.6348857e-1	
2026-06-09	10:53:35	4.50766e2	1.47058e1	1.22690e1	5.14971e1	9.74287e1	9.4631557e-2	8.2821788e-2	1.2026916e1	7.5542287e-1	
2026-06-09	10:53:36	4.50413e2	1.47047e1	1.22667e1	5.14971e1	9.74219e1	9.4572181e-2	8.2811889e-2	1.2051255e1	7.4963932e-1	
2026-06-09	10:53:36	4.50041e2	1.47013e1	1.22643e1	5.14937e1	9.74287e1	9.4524269e-2	8.2804441e-2	1.2057969e1	7.6199855e-1	
2026-06-09	10:53:37	4.49783e2	1.47006e1	1.22634e1	5.14971e1	9.74277e1	9.4484148e-2	8.2800388e-2	1.2026916e1	7.5074605e-1	
2026-06-09	10:53:37	4.49941e2	1.46989e1	1.22610e1	5.14971e1	9.74234e1	9.4503402e-2	8.2790012e-2	1.2065522e1	7.5304322e-1	
2026-06-09	10:53:38	4.49549e2	1.46881e1	1.22501e1	5.14937e1	9.74257e1	9.4447793e-2	8.2749547e-2	1.2070558e1	7.6368513e-1	
2026-06-09	10:53:38	4.48999e2	1.46881e1	1.22500e1	5.15004e1	9.74244e1	9.4363212e-2	8.2747640e-2	1.2000900e1	7.5553746e-1	
2026-06-09	10:53:39	4.49020e2	1.46929e1	1.22539e1	5.15004e1	9.74182e1	9.4360170e-2	8.2761402e-2	1.2057130e1	7.5905652e-1	
2026-06-09	10:53:39	4.49187e2	1.46899e1	1.22516e1	5.14904e1	9.74232e1	9.4392118e-2	8.2755270e-2	1.2072236e1	7.6602516e-1	
2026-06-09	10:53:40	4.48902e2	1.46946e1	1.22571e1	5.14904e1	9.74272e1	9.4353618e-2	8.2777137e-2	1.2010132e1	7.5769543e-1	
2026-06-09	10:53:40	4.48323e2	1.46897e1	1.22516e1	5.14937e1	9.74244e1	9.4263849e-2	8.2754974e-2	1.2054612e1	7.5528821e-1	
2026-06-09	10:53:41	4.48254e2	1.46868e1	1.22481e1	5.14937e1	9.74212e1	9.4250202e-2	8.2741079e-2	1.2062165e1	7.6361031e-1	
2026-06-09	10:53:41	4.48094e2	1.46924e1	1.22557e1	5.14871e1	9.74324e1	9.4239053e-2	8.2773389e-2	1.2031114e1	7.5671367e-1	
2026-06-09	10:53:42	4.48469e2	1.46929e1	1.22548e1	5.14937e1	9.74232e1	9.4284353e-2	8.2766828e-2	1.2067201e1	7.4895639e-1	
2026-06-09	10:53:42	4.48578e2	1.46850e1	1.22476e1	5.14971e1	9.74300e1	9.4306650e-2	8.2740249e-2	1.2055451e1	7.5919198e-1	
2026-06-09	10:53:43	4.48475e2	1.46853e1	1.22487e1	5.14937e1	9.74349e1	9.4296875e-2	8.2745733e-2	1.2048738e1	7.4787874e-1	
2026-06-09	10:53:43	4.48730e2	1.46908e1	1.22535e1	5.14971e1	9.74289e1	9.4328289e-2	8.2762479e-2	1.2040345e1	7.5349974e-1	
2026-06-09	10:53:44	4.48309e2	1.46854e1	1.22491e1	5.14937e1	9.74367e1	9.4273862e-2	8.2747755e-2	1.2005935e1	7.5431222e-1	
2026-06-09	10:53:44	4.48141e2	1.46802e1	1.22430e1	5.14904e1	9.74322e1	9.4244956e-2	8.2723913e-2	1.2064683e1	7.4026422e-1	
2026-06-09	10:53:45	4.48213e2	1.46786e1	1.22422e1	5.14971e1	9.74380e1	9.4259977e-2	8.2720937e-2	1.2063004e1	7.5892753e-1	
2026-06-09	10:53:45	4.48212e2	1.46753e1	1.22380e1	5.14937e1	9.74329e1	9.4255561e-2	8.2704601e-2	1.2005096e1	7.4547648e-1	
2026-06-09	10:53:46	4.48020e2	1.46768e1	1.22388e1	5.14904e1	9.74277e1	9.4222364e-2	8.2706985e-2	1.2045381e1	7.5191545e-1	
2026-06-09	10:53:46	4.48398e2	1.46847e1	1.22489e1	5.15037e1	9.74397e1	9.4288110e-2	8.2745609e-2	1.2038667e1	7.5674147e-1	
2026-06-09	10:53:47	4.48773e2	1.46841e1	1.22458e1	5.15004e1	9.74244e1	9.4329471e-2	8.2731485e-2	1.2045381e1	7.5420808e-1	
2026-06-09	10:53:47	4.48607e2	1.46779e1	1.22397e1	5.14971e1	9.74265e1	9.4307308e-2	8.2709131e-2	1.2054612e1	7.6210460e-1	
2026-06-09	10:53:48	4.48728e2	1.46871e1	1.22496e1	5.14971e1	9.74292e1	9.4328222e-2	8.2747755e-2	1.2030273e1	7.6007289e-1	
2026-06-09	10:53:48	4.48590e2	1.46920e1	1.22538e1	5.14904e1	9.74234e1	9.4303426e-2	8.2763910e-2	1.2037827e1	7.5810461e-1	
2026-06-09	10:53:49	4.48499e2	1.46815e1	1.22416e1	5.14937e1	9.74144e1	9.4279947e-2	8.2714557e-2	1.2054612e1	7.6314678e-1	
2026-06-09	10:53:49	4.48278e2	1.46780e1	1.22405e1	5.14904e1	9.74310e1	9.4264087e-2	8.2714376e-2	1.2059648e1	7.6069645e-1	
2026-06-09	10:53:50	4.48576e2	1.46810e1	1.22421e1	5.14937e1	9.74212e1	9.4298248e-2	8.2718009e-2	1.2016006e1	7.5648827e-1	
2026-06-09	10:53:50	4.48749e2	1.46718e1	1.22323e1	5.14937e1	9.74197e1	9.4322385e-2	8.2680225e-2	1.2049577e1	7.6068072e-1	
2026-06-09	10:53:51	4.48700e2	1.46718e1	1.22327e1	5.14937e1	9.74217e1	9.4317140e-2	8.2681894e-2	1.2080628e1	7.6764116e-1	
2026-06-09	10:53:51	4.48409e2	1.46752e1	1.22364e1	5.14904e1	9.74230e1	9.4275655e-2	8.2696857e-2	1.1996704e1	7.6189174e-1	
2026-06-09	10:53:52	4.48445e2	1.46659e1	1.22256e1	5.14904e1	9.74152e1	9.4273204e-2	8.2653942e-2	1.2061326e1	7.6101832e-1	
2026-06-09	10:53:52	4.48490e2	1.46687e1	1.22291e1	5.14937e1	9.74189e1	9.4282922e-2	8.2667465e-2	1.2063844e1	7.6485223e-1	
2026-06-09	10:53:53	4.48372e2	1.46852e1	1.22476e1	5.14904e1	9.74279e1	9.4275178e-2	8.2740726e-2	1.2015167e1	7.5833482e-1	
2026-06-09	10:53:53	4.48664e2	1.46837e1	1.22457e1	5.14904e1	9.74260e1	9.4316778e-2	8.2733154e-2	1.2072236e1	7.4729022e-1	
2026-06-09	10:53:54	4.48938e2	1.46833e1	1.22463e1	5.14904e1	9.74329e1	9.4364585e-2	8.2736968e-2	1.2071397e1	7.6146769e-1	
2026-06-09	10:53:54	4.49409e2	1.46754e1	1.22392e1	5.14871e1	9.74397e1	9.4442071e-2	8.2711515e-2	1.2004257e1	7.5027875e-1	
2026-06-09	10:53:55	4.47014e2	1.46794e1	1.22418e1	5.14871e1	9.74294e1	9.4074668e-2	8.2719507e-2	1.2058808e1	7.5556011e-1	
2026-06-09	10:53:55	4.48643e2	1.46277e1	1.22234e1	5.14971e1	9.76557e1	9.4540710e-2	8.2691135e-2	1.2057130e1	7.6016807e-1	
2026-06-09	10:53:56	4.35435e2	1.46102e1	1.21702e1	5.14971e1	9.74312e1	9.2332067e-2	8.2443771e-2	1.2010132e1	7.5381402e-1	
2026-06-09	10:53:56	4.85814e2	1.48430e1	1.24097e1	5.14904e1	9.74254e1	9.9747476e-2	8.3363475e-2	1.2069718e1	7.5804095e-1	
2026-06-09	10:53:57	6.54520e2	1.56585e1	1.32260e1	5.14904e1	9.74222e1	1.2201881e-1	8.6547966e-2	1.2081468e1	7.6700978e-1	
2026-06-09	10:53:57	6.51081e2	1.57995e1	1.33637e1	5.14937e1	9.74242e1	1.2160307e-1	8.7092933e-2	1.2011810e1	7.5899500e-1	
2026-06-09	10:53:58	5.29365e2	1.52178e1	1.27897e1	5.14971e1	9.74240e1	1.0584908e-1	8.4834690e-2	1.2059648e1	7.5723624e-1	
2026-06-09	10:53:58	5.07438e2	1.50356e1	1.26049e1	5.14971e1	9.74177e1	1.0280287e-1	8.4115209e-2	1.2036988e1	7.6306467e-1	
2026-06-09	10:53:59	5.11881e2	1.50345e1	1.26062e1	5.14904e1	9.74327e1	1.0344135e-1	8.4124326e-2	1.2027755e1	7.5590081e-1	
2026-06-09	10:53:59	5.10452e2	1.50245e1	1.25947e1	5.14871e1	9.74242e1	1.0323333e-1	8.4078674e-2	1.2062165e1	7.5078773e-1	
2026-06-09	10:54:00	5.05020e2	1.49933e1	1.25638e1	5.14937e1	9.74292e1	1.0247641e-1	8.3958625e-2	1.2068879e1	7.6367597e-1	
2026-06-09	10:54:00	4.99452e2	1.49696e1	1.25403e1	5.14904e1	9.74337e1	1.0169762e-1	8.3869457e-2	1.2005935e1	7.5324511e-1	
2026-06-09	10:54:01	4.94906e2	1.49512e1	1.25207e1	5.14937e1	9.74277e1	1.0104674e-1	8.3791790e-2	1.2066361e1	7.5222754e-1	
2026-06-09	10:54:01	4.91293e2	1.49274e1	1.24968e1	5.14937e1	9.74304e1	1.0053563e-1	8.3700065e-2	1.2069718e1	7.6465473e-1	
2026-06-09	10:54:02	4.87930e2	1.48948e1	1.24630e1	5.14904e1	9.74272e1	1.0005277e-1	8.3569412e-2	1.2009292e1	7.5526056e-1	
2026-06-09	10:54:02	4.84824e2	1.48712e1	1.24378e1	5.14937e1	9.74199e1	9.9599418e-2	8.3470048e-2	1.2066361e1	7.5770959e-1	
2026-06-09	10:54:03	4.81887e2	1.48633e1	1.24298e1	5.14937e1	9.74209e1	9.9178609e-2	8.3439407e-2	1.2047898e1	7.6652631e-1	
2026-06-09	10:54:03	4.79322e2	1.48540e1	1.24211e1	5.14937e1	9.74262e1	9.8814544e-2	8.3406925e-2	1.2030273e1	7.6068315e-1	
2026-06-09	10:54:04	4.77041e2	1.48309e1	1.23961e1	5.14937e1	9.74175e1	9.8475818e-2	8.3308696e-2	1.2016006e1	7.5775074e-1	
2026-06-09	10:54:04	4.74403e2	1.48101e1	1.23760e1	5.14937e1	9.74257e1	9.8102149e-2	8.3233060e-2	1.2044541e1	7.6189908e-1	
2026-06-09	10:54:05	4.72217e2	1.48028e1	1.23689e1	5.15004e1	9.74282e1	9.7785835e-2	8.3205041e-2	1.2038667e1	7.5699262e-1	
2026-06-09	10:54:05	4.70223e2	1.47946e1	1.23601e1	5.15037e1	9.74257e1	9.7492332e-2	8.3170051e-2	1.2068040e1	7.4504966e-1	
2026-06-09	10:54:06	4.68632e2	1.47826e1	1.23490e1	5.15004e1	9.74337e1	9.7269172e-2	8.3129520e-2	1.2057130e1	7.5925087e-1	
2026-06-09	10:54:06	4.67382e2	1.47720e1	1.23385e1	5.14937e1	9.74370e1	9.7091312e-2	8.3091077e-2	1.2000900e1	7.4879221e-1	
2026-06-09	10:54:07	4.65510e2	1.47669e1	1.23320e1	5.14871e1	9.74284e1	9.6810159e-2	8.3065452e-2	1.2044541e1	7.5256233e-1	
2026-06-09	10:54:07	4.63922e2	1.47575e1	1.23230e1	5.14937e1	9.74329e1	9.6580562e-2	8.3030586e-2	1.2061326e1	7.5905485e-1	
2026-06-09	10:54:08	4.62784e2	1.47475e1	1.23118e1	5.15004e1	9.74275e1	9.6406459e-2	8.2985515e-2	1.2045381e1	7.5117206e-1	
2026-06-09	10:54:08	4.61204e2	1.47453e1	1.23090e1	5.15037e1	9.74242e1	9.6170186e-2	8.2973537e-2	1.2057130e1	7.6065325e-1	
2026-06-09	10:54:09	4.60063e2	1.47412e1	1.23058e1	5.14937e1	9.74307e1	9.6010923e-2	8.2964239e-2	1.2068879e1	7.6072530e-1	
2026-06-09	10:54:09	4.59451e2	1.47370e1	1.23006e1	5.14971e1	9.74244e1	9.5913648e-2	8.2942247e-2	1.2021881e1	7.5502185e-1	
2026-06-09	10:54:10	4.58892e2	1.47275e1	1.22903e1	5.15004e1	9.74217e1	9.5827693e-2	8.2901592e-2	1.2034471e1	7.5879182e-1	
2026-06-09	10:54:10	4.58892e2	1.47275e1	1.22903e1	5.15004e1	9.74217e1	9.5827693e-2	8.2901592e-2	1.2034471e1	7.5879182e-1	
2026-06-09	10:54:11	4.56894e2	1.47232e1	1.22869e1	5.14971e1	9.74287e1	9.5540466e-2	8.2890567e-2	1.2025238e1	7.5260357e-1	
2026-06-09	10:54:11	4.56644e2	1.47194e1	1.22820e1	5.15004e1	9.74227e1	9.5496768e-2	8.2870187e-2	1.2046220e1	7.5988922e-1	
2026-06-09	10:54:12	4.55663e2	1.47152e1	1.22789e1	5.14971e1	9.74302e1	9.5359745e-2	8.2860355e-2	1.2059648e1	7.6335315e-1	
2026-06-09	10:54:12	4.54320e2	1.47081e1	1.22710e1	5.15004e1	9.74265e1	9.5156431e-2	8.2828636e-2	1.2001739e1	7.5673699e-1	
2026-06-09	10:54:13	4.53398e2	1.47002e1	1.22616e1	5.14971e1	9.74192e1	9.5013027e-2	8.2791805e-2	1.2057969e1	7.5856428e-1	
2026-06-09	10:54:13	4.52719e2	1.47382e1	1.23020e1	5.14937e1	9.74254e1	9.4919681e-2	8.2948389e-2	1.2062165e1	7.6716270e-1	
2026-06-09	10:54:14	4.52075e2	1.47722e1	1.23369e1	5.14937e1	9.74250e1	9.4823837e-2	8.3082494e-2	1.1993347e1	7.5915570e-1	
2026-06-09	10:54:14	4.51246e2	1.47417e1	1.23045e1	5.14937e1	9.74189e1	9.4694375e-2	8.2956733e-2	1.2047059e1	7.5909543e-1	
2026-06-09	10:54:15	4.50919e2	1.46839e1	1.22447e1	5.14971e1	9.74187e1	9.4644012e-2	8.2726716e-2	1.2035310e1	7.6477007e-1	
2026-06-09	10:54:15	4.50956e2	1.46691e1	1.22306e1	5.14937e1	9.74270e1	9.4658260e-2	8.2675094e-2	1.2063004e1	7.6172323e-1	
2026-06-09	10:54:16	4.50927e2	1.46922e1	1.22536e1	5.14904e1	9.74205e1	9.4648418e-2	8.2762479e-2	1.2028595e1	7.6045904e-1	
2026-06-09	10:54:16	4.50259e2	1.46903e1	1.22517e1	5.14904e1	9.74212e1	9.4549770e-2	8.2755451e-2	1.2080628e1	7.5949478e-1	
2026-06-09	10:54:17	4.49364e2	1.46838e1	1.22455e1	5.14904e1	9.74244e1	9.4419717e-2	8.2732200e-2	1.2058808e1	7.6824235e-1	
2026-06-09	10:54:17	4.49066e2	1.46855e1	1.22472e1	5.14937e1	9.74240e1	9.4374122e-2	8.2737922e-2	1.2016845e1	7.6100215e-1	
2026-06-09	10:54:18	4.49393e2	1.46830e1	1.22437e1	5.14937e1	9.74182e1	9.4416980e-2	8.2723503e-2	1.2032792e1	7.5851602e-1	
2026-06-09	10:54:18	4.49427e2	1.46739e1	1.22343e1	5.14904e1	9.74180e1	9.4422397e-2	8.2687797e-2	1.2046220e1	7.6372933e-1	
2026-06-09	10:54:19	4.49009e2	1.46730e1	1.22355e1	5.14937e1	9.74322e1	9.4373645e-2	8.2694768e-2	1.2045381e1	7.5966100e-1	
2026-06-09	10:54:19	4.48780e2	1.46785e1	1.22397e1	5.14937e1	9.74225e1	9.4329891e-2	8.2708950e-2	1.2029434e1	7.5679445e-1	
2026-06-09	10:54:20	4.48641e2	1.46830e1	1.22438e1	5.14871e1	9.74187e1	9.4306831e-2	8.2725286e-2	1.2043702e1	7.6334276e-1	
2026-06-09	10:54:20	4.48318e2	1.46814e1	1.22434e1	5.14904e1	9.74270e1	9.4266119e-2	8.2724752e-2	1.2053773e1	7.6200108e-1	
2026-06-09	10:54:21	4.47381e2	1.46776e1	1.22400e1	5.14904e1	9.74300e1	9.4129266e-2	8.2712116e-2	1.2031114e1	7.4775795e-1	
2026-06-09	10:54:21	4.47635e2	1.46751e1	1.22376e1	5.14971e1	9.74315e1	9.4167175e-2	8.2702102e-2	1.2067201e1	7.5659160e-1	
2026-06-09	10:54:22	4.47819e2	1.46717e1	1.22350e1	5.14971e1	9.74372e1	9.4200429e-2	8.2693157e-2	1.1999221e1	7.5282392e-1	
2026-06-09	10:54:22	4.47043e2	1.46710e1	1.22329e1	5.14971e1	9.74282e1	9.4075622e-2	8.2683324e-2	1.2054612e1	7.5016779e-1	
2026-06-09	10:54:23	4.47089e2	1.46744e1	1.22372e1	5.14971e1	9.74337e1	9.4087839e-2	8.2701091e-2	1.2060487e1	7.6242346e-1	
2026-06-09	10:54:23	4.47284e2	1.46835e1	1.22469e1	5.14937e1	9.74355e1	9.4119548e-2	8.2739057e-2	1.2002578e1	7.5092983e-1	
2026-06-09	10:54:24	4.46768e2	1.46779e1	1.22399e1	5.14971e1	9.74275e1	9.4033718e-2	8.2710027e-2	1.2067201e1	7.5657916e-1	
2026-06-09	10:54:24	4.48002e2	1.46891e1	1.22847e1	5.14937e1	9.76407e1	9.4431400e-2	8.2924070e-2	1.2056291e1	7.6615114e-1	
2026-06-09	10:54:25	4.49439e2	1.47329e1	1.22957e1	5.14971e1	9.74207e1	9.4426269e-2	8.2922821e-2	1.2033631e1	7.5790224e-1	
2026-06-09	10:54:25	4.35385e2	1.45505e1	1.21061e1	5.15004e1	9.74187e1	9.2310962e-2	8.2195940e-2	1.2065522e1	7.5600805e-1	
2026-06-09	10:54:26	4.81271e2	1.51692e1	1.27405e1	5.14971e1	9.74217e1	9.9094209e-2	8.4642705e-2	1.2075593e1	7.6485042e-1	
2026-06-09	10:54:26	5.37419e2	1.59978e1	1.35564e1	5.14937e1	9.74320e1	1.0696935e-1	8.7861175e-2	1.2020202e1	7.5726108e-1	
2026-06-09	10:54:27	5.06530e2	1.56972e1	1.32648e1	5.14971e1	9.74277e1	1.0269588e-1	8.6700973e-2	1.2063004e1	7.5236825e-1	
2026-06-09	10:54:27	4.74895e2	1.52102e1	1.27829e1	5.14937e1	9.74294e1	9.8182621e-2	8.4810075e-2	1.2058808e1	7.6313409e-1	
2026-06-09	10:54:28	4.68727e2	1.50905e1	1.26627e1	5.15004e1	9.74322e1	9.7285451e-2	8.4341821e-2	1.2024399e1	7.5358552e-1	
2026-06-09	10:54:28	4.68727e2	1.50905e1	1.26627e1	5.15004e1	9.74322e1	9.7285451e-2	8.4341821e-2	1.2024399e1	7.5358552e-1	
2026-06-09	10:54:29	4.65526e2	1.50093e1	1.25803e1	5.14971e1	9.74310e1	9.6816005e-2	8.4022579e-2	1.2073915e1	7.6391863e-1	
2026-06-09	10:54:29	4.63497e2	1.49775e1	1.25477e1	5.14971e1	9.74287e1	9.6515951e-2	8.3895626e-2	1.1994186e1	7.5413265e-1	
2026-06-09	10:54:30	4.62000e2	1.49505e1	1.25197e1	5.14937e1	9.74260e1	9.6293745e-2	8.3787679e-2	1.2073915e1	7.5532445e-1	
2026-06-09	10:54:30	4.60887e2	1.49319e1	1.25006e1	5.15004e1	9.74254e1	9.6127929e-2	8.3712520e-2	1.2070558e1	7.6415724e-1	
2026-06-09	10:54:31	4.59590e2	1.49127e1	1.24823e1	5.14937e1	9.74332e1	9.5945835e-2	8.3644504e-2	1.2005096e1	7.5514216e-1	
2026-06-09	10:54:31	4.59126e2	1.48917e1	1.24597e1	5.14904e1	9.74260e1	9.5870676e-2	8.3556413e-2	1.2060487e1	7.5258607e-1	
2026-06-09	10:54:32	4.58246e2	1.48736e1	1.24418e1	5.14971e1	9.74300e1	9.5743179e-2	8.3486919e-2	1.2081468e1	7.6407499e-1	
2026-06-09	10:54:32	4.56811e2	1.48631e1	1.24317e1	5.15037e1	9.74339e1	9.5533905e-2	8.3447513e-2	1.2024399e1	7.5551772e-1	
2026-06-09	10:54:33	4.55847e2	1.48361e1	1.24023e1	5.15037e1	9.74237e1	9.5380668e-2	8.3332357e-2	1.2068879e1	7.5590772e-1	
2026-06-09	10:54:33	4.54843e2	1.48169e1	1.23832e1	5.14971e1	9.74270e1	9.5236358e-2	8.3260297e-2	1.2071397e1	7.6314396e-1	
2026-06-09	10:54:34	4.53887e2	1.48151e1	1.23824e1	5.15004e1	9.74339e1	9.5101060e-2	8.3258209e-2	1.2017685e1	7.5536351e-1	
2026-06-09	10:54:34	4.53289e2	1.48013e1	1.23667e1	5.15004e1	9.74242e1	9.5002355e-2	8.3195686e-2	1.2053773e1	7.5517706e-1	
2026-06-09	10:54:35	4.52909e2	1.47863e1	1.23518e1	5.14971e1	9.74279e1	9.4950256e-2	8.3139953e-2	1.2057969e1	7.6516284e-1	
2026-06-09	10:54:35	4.51849e2	1.47827e1	1.23488e1	5.14971e1	9.74322e1	9.4797019e-2	8.3129043e-2	1.2016006e1	7.5485157e-1	
2026-06-09	10:54:36	4.50873e2	1.47704e1	1.23354e1	5.14904e1	9.74272e1	9.4648122e-2	8.3077726e-2	1.2070558e1	7.5163812e-1	
2026-06-09	10:54:36	4.50713e2	1.47549e1	1.23197e1	5.14871e1	9.74292e1	9.4626846e-2	8.3018360e-2	1.2061326e1	7.6266326e-1	
2026-06-09	10:54:37	4.50324e2	1.47543e1	1.23200e1	5.14937e1	9.74347e1	9.4573078e-2	8.3019437e-2	1.2006775e1	7.5449123e-1	
2026-06-09	10:54:37	4.50179e2	1.47508e1	1.23152e1	5.14971e1	9.74272e1	9.4543161e-2	8.2998991e-2	1.2068879e1	7.5409913e-1	
2026-06-09	10:54:38	4.50086e2	1.47408e1	1.23043e1	5.14971e1	9.74240e1	9.4526052e-2	8.2956609e-2	1.2068040e1	7.6502151e-1	
2026-06-09	10:54:38	4.49660e2	1.47420e1	1.23059e1	5.15004e1	9.74260e1	9.4463939e-2	8.2962570e-2	1.2016006e1	7.5561571e-1	
2026-06-09	10:54:39	4.49232e2	1.47343e1	1.22977e1	5.15004e1	9.74242e1	9.4398260e-2	8.2930746e-2	1.2044541e1	7.5519108e-1	
2026-06-09	10:54:39	4.48531e2	1.47194e1	1.22827e1	5.15004e1	9.74272e1	9.4296636e-2	8.2873706e-2	1.2059648e1	7.6477832e-1	
2026-06-09	10:54:40	4.47945e2	1.47159e1	1.22800e1	5.14971e1	9.74327e1	9.4215211e-2	8.2864999e-2	1.2000061e1	7.5646085e-1	
2026-06-09	10:54:40	4.47997e2	1.47116e1	1.22737e1	5.14937e1	9.74207e1	9.4211692e-2	8.2838897e-2	1.2078111e1	7.5473890e-1	
2026-06-09	10:54:41	4.47742e2	1.47025e1	1.22652e1	5.14971e1	9.74267e1	9.4178857e-2	8.2807006e-2	1.2053773e1	7.6387982e-1	
2026-06-09	10:54:41	4.47080e2	1.47073e1	1.22712e1	5.14871e1	9.74335e1	9.4088735e-2	8.2833175e-2	1.2031953e1	7.5443987e-1	
2026-06-09	10:54:42	4.46994e2	1.47094e1	1.22720e1	5.14904e1	9.74244e1	9.4066381e-2	8.2833824e-2	1.2057969e1	7.5447187e-1	
2026-06-09	10:54:42	4.47099e2	1.46990e1	1.22617e1	5.15004e1	9.74279e1	9.4083251e-2	8.2793350e-2	1.2068879e1	7.6345901e-1	
2026-06-09	10:54:43	4.47189e2	1.46925e1	1.22558e1	5.14937e1	9.74327e1	9.4102745e-2	8.2772674e-2	1.2036149e1	7.5458312e-1	
2026-06-09	10:54:43	4.47189e2	1.46925e1	1.22558e1	5.14937e1	9.74327e1	9.4102745e-2	8.2772674e-2	1.2036149e1	7.5458312e-1	
2026-06-09	10:54:44	4.47246e2	1.46912e1	1.22539e1	5.14937e1	9.74294e1	9.4108104e-2	8.2764806e-2	1.2056291e1	7.5386571e-1	
2026-06-09	10:54:44	4.46748e2	1.46922e1	1.22548e1	5.14904e1	9.74284e1	9.4033298e-2	8.2768621e-2	1.2058808e1	7.6402544e-1	
2026-06-09	10:54:45	4.46344e2	1.46955e1	1.22576e1	5.14937e1	9.74247e1	9.3968505e-2	8.2778091e-2	1.2053773e1	7.5375766e-1	
2026-06-09	10:54:45	4.46364e2	1.46866e1	1.22486e1	5.14904e1	9.74252e1	9.3972682e-2	8.2744064e-2	1.2068879e1	7.6716365e-1	
2026-06-09	10:54:46	4.46131e2	1.46837e1	1.22464e1	5.14904e1	9.74307e1	9.3943233e-2	8.2736787e-2	1.2004257e1	7.5779700e-1	
2026-06-09	10:54:46	4.45817e2	1.46808e1	1.22419e1	5.14904e1	9.74215e1	9.3887090e-2	8.2717838e-2	1.2057969e1	7.5431795e-1	
2026-06-09	10:54:47	4.45812e2	1.46828e1	1.22450e1	5.14904e1	9.74282e1	9.3892993e-2	8.2731065e-2	1.2070558e1	7.6263933e-1	
2026-06-09	10:54:47	4.46105e2	1.46837e1	1.22466e1	5.14871e1	9.74322e1	9.3941450e-2	8.2738637e-2	1.2014328e1	7.5547938e-1	
2026-06-09	10:54:48	4.46320e2	1.46700e1	1.22314e1	5.14904e1	9.74254e1	9.3966121e-2	8.2678318e-2	1.2053773e1	7.4700880e-1	
2026-06-09	10:54:48	4.46210e2	1.46731e1	1.22356e1	5.14971e1	9.74320e1	9.3954744e-2	8.2694416e-2	1.2068879e1	7.5986714e-1	
2026-06-09	10:54:49	4.45576e2	1.46798e1	1.22429e1	5.14904e1	9.74339e1	9.3863306e-2	8.2723855e-2	1.2015167e1	7.4972019e-1	
2026-06-09	10:54:49	4.45599e2	1.46802e1	1.22418e1	5.14904e1	9.74250e1	9.3857822e-2	8.2718257e-2	1.2064683e1	7.5461311e-1	
2026-06-09	10:54:50	4.46029e2	1.46852e1	1.22484e1	5.15004e1	9.74337e1	9.3928871e-2	8.2743282e-2	1.2087342e1	7.6036558e-1	
2026-06-09	10:54:50	4.45803e2	1.46846e1	1.22481e1	5.14937e1	9.74357e1	9.3898410e-2	8.2743701e-2	1.2023559e1	7.4699931e-1	
2026-06-09	10:54:51	4.45856e2	1.46811e1	1.22436e1	5.14937e1	9.74304e1	9.3901042e-2	8.2725524e-2	1.2047059e1	7.5758838e-1	
2026-06-09	10:54:51	4.46110e2	1.46750e1	1.22379e1	5.14971e1	9.74339e1	9.3941745e-2	8.2703771e-2	1.2025238e1	7.5477461e-1	
2026-06-09	10:54:52	4.46256e2	1.46703e1	1.22310e1	5.14971e1	9.74215e1	9.3951110e-2	8.2674980e-2	1.2065522e1	7.5203809e-1	
2026-06-09	10:54:52	4.45940e2	1.46666e1	1.22281e1	5.14937e1	9.74272e1	9.3910274e-2	8.2665386e-2	1.2084825e1	7.6123991e-1	
2026-06-09	10:54:53	4.45747e2	1.46703e1	1.22330e1	5.14971e1	9.74342e1	9.3887691e-2	8.2685108e-2	1.2010132e1	7.5103330e-1	
2026-06-09	10:54:53	4.46261e2	1.46693e1	1.22304e1	5.15004e1	9.74237e1	9.3953495e-2	8.2672300e-2	1.2069718e1	7.5420813e-1	
2026-06-09	10:54:54	4.46304e2	1.46611e1	1.22226e1	5.14904e1	9.74282e1	9.3966369e-2	8.2645177e-2	1.2057969e1	7.6608843e-1	
2026-06-09	10:54:54	4.46071e2	1.46686e1	1.22304e1	5.14971e1	9.74284e1	9.3930482e-2	8.2673969e-2	1.2031953e1	7.5682711e-1	
2026-06-09	10:54:55	4.45950e2	1.46671e1	1.22282e1	5.14971e1	9.74242e1	9.3908128e-2	8.2664728e-2	1.2066361e1	7.5668973e-1	
2026-06-09	10:54:55	4.45738e2	1.46605e1	1.22210e1	5.14937e1	9.74222e1	9.3874988e-2	8.2637252e-2	1.2069718e1	7.6414222e-1	
2026-06-09	10:54:56	4.46032e2	1.46681e1	1.22299e1	5.14937e1	9.74287e1	9.3925476e-2	8.2672595e-2	1.2003418e1	7.5573110e-1	
2026-06-09	10:54:56	4.46065e2	1.46653e1	1.22258e1	5.14904e1	9.74207e1	9.3923149e-2	8.2655963e-2	1.2076432e1	7.5485110e-1	
2026-06-09	10:54:57	4.46033e2	1.46580e1	1.22186e1	5.14937e1	9.74230e1	9.3919811e-2	8.2628135e-2	1.2068879e1	7.6199321e-1	
2026-06-09	10:54:57	4.46105e2	1.46651e1	1.22280e1	5.14871e1	9.74367e1	9.3945741e-2	8.2668190e-2	1.2008453e1	7.5714473e-1	
2026-06-09	10:54:58	4.46208e2	1.46651e1	1.22261e1	5.14871e1	9.74242e1	9.3948659e-2	8.2658233e-2	1.2060487e1	7.5576567e-1	
2026-06-09	10:54:58	4.45994e2	1.46608e1	1.22210e1	5.14971e1	9.74199e1	9.3910398e-2	8.2636241e-2	1.2072236e1	7.6179227e-1	
2026-06-09	10:54:59	4.45863e2	1.46684e1	1.22305e1	5.14871e1	9.74307e1	9.3903656e-2	8.2676525e-2	1.2010132e1	7.5288867e-1	
2026-06-09	10:54:59	4.46112e2	1.46685e1	1.22300e1	5.14871e1	9.74265e1	9.3936624e-2	8.2673549e-2	1.2056291e1	7.5141553e-1	
2026-06-09	10:55:00	4.46386e2	1.46575e1	1.22183e1	5.14937e1	9.74242e1	9.3973932e-2	8.2627115e-2	1.2061326e1	7.6499772e-1	
2026-06-09	10:55:00	4.46629e2	1.46644e1	1.22260e1	5.14871e1	9.74287e1	9.4016132e-2	8.2659006e-2	1.2008453e1	7.5572018e-1	
2026-06-09	10:55:01	4.46267e2	1.46683e1	1.22290e1	5.14871e1	9.74217e1	9.3955154e-2	8.2669076e-2	1.2063844e1	7.5421867e-1	
2026-06-09	10:55:01	4.46206e2	1.46675e1	1.22286e1	5.14937e1	9.74240e1	9.3946876e-2	8.2666511e-2	1.2059648e1	7.6337308e-1	
2026-06-09	10:55:02	4.46310e2	1.46720e1	1.22345e1	5.15004e1	9.74320e1	9.3969049e-2	8.2689523e-2	1.2024399e1	7.5408072e-1	
2026-06-09	10:55:02	4.46527e2	1.46652e1	1.22254e1	5.15004e1	9.74189e1	9.3988533e-2	8.2652273e-2	1.2045381e1	7.5245590e-1	
2026-06-09	10:55:03	4.46264e2	1.46570e1	1.22180e1	5.14937e1	9.74262e1	9.3957662e-2	8.2626581e-2	1.2059648e1	7.6519737e-1	
2026-06-09	10:55:03	4.45809e2	1.46616e1	1.22238e1	5.14971e1	9.74324e1	9.3895196e-2	8.2649345e-2	1.2018524e1	7.5559358e-1	
2026-06-09	10:55:04	4.45958e2	1.46701e1	1.22313e1	5.14971e1	9.74242e1	9.3909320e-2	8.2676649e-2	1.2047059e1	7.5392818e-1	
2026-06-09	10:55:04	4.45834e2	1.46712e1	1.22325e1	5.14937e1	9.74247e1	9.3891983e-2	8.2681655e-2	1.2058808e1	7.6303725e-1	
2026-06-09	10:55:05	4.45629e2	1.46589e1	1.22216e1	5.14937e1	9.74362e1	9.3872604e-2	8.2642259e-2	1.2010971e1	7.5324954e-1	
2026-06-09	10:55:05	4.46302e2	1.46560e1	1.22159e1	5.14904e1	9.74195e1	9.3957366e-2	8.2617940e-2	1.2070558e1	7.5554280e-1	
2026-06-09	10:55:06	4.46599e2	1.46587e1	1.22193e1	5.15004e1	9.74230e1	9.4003143e-2	8.2629680e-2	1.2047898e1	7.6604871e-1	
2026-06-09	10:55:06	4.46397e2	1.46649e1	1.22267e1	5.14937e1	9.74289e1	9.3980255e-2	8.2660312e-2	1.2011810e1	7.5683917e-1	
2026-06-09	10:55:07	4.45685e2	1.46674e1	1.22283e1	5.14937e1	9.74230e1	9.3867959e-2	8.2665386e-2	1.2072236e1	7.5483131e-1	
2026-06-09	10:55:07	4.44317e2	1.46528e1	1.22136e1	5.15004e1	9.74254e1	9.3663988e-2	8.2608222e-2	1.2047059e1	7.6319141e-1	
2026-06-09	10:55:08	4.44148e2	1.46534e1	1.22152e1	5.14937e1	9.74315e1	9.3646049e-2	8.2616624e-2	1.2014328e1	7.5338034e-1	
2026-06-09	10:55:08	4.45298e2	1.46677e1	1.22287e1	5.14937e1	9.74237e1	9.3810739e-2	8.2667055e-2	1.2063004e1	7.5516500e-1	
2026-06-09	10:55:09	4.45895e2	1.46894e1	1.22513e1	5.14971e1	9.74247e1	9.3900623e-2	8.2753419e-2	1.2049577e1	7.6528625e-1	
2026-06-09	10:55:09	4.45324e2	1.46862e1	1.22487e1	5.15004e1	9.74292e1	9.3819026e-2	8.2743587e-2	1.2035310e1	7.5501747e-1	
2026-06-09	10:55:10	4.44865e2	1.46525e1	1.22136e1	5.14971e1	9.74272e1	9.3748569e-2	8.2609119e-2	1.2050416e1	7.5467453e-1	
2026-06-09	10:55:10	4.44064e2	1.46348e1	1.21979e1	5.14904e1	9.74450e1	9.3647184e-2	8.2553682e-2	1.2053773e1	7.6850605e-1	
2026-06-09	10:55:11	4.45987e2	1.46315e1	1.22276e1	5.14971e1	9.76572e1	9.4144706e-2	8.2707586e-2	1.2042863e1	7.5197548e-1	
2026-06-09	10:55:11	4.42647e2	1.46286e1	1.21884e1	5.14971e1	9.74257e1	9.3414125e-2	8.2512617e-2	1.2066361e1	7.5323128e-1	
2026-06-09	10:55:12	4.55148e2	1.48241e1	1.23899e1	5.14937e1	9.74227e1	9.5278024e-2	8.3285923e-2	1.2059648e1	7.6504511e-1	
2026-06-09	10:55:12	5.07941e2	1.56211e1	1.31911e1	5.14937e1	9.74324e1	1.0289829e-1	8.6411361e-2	1.2002578e1	7.5499086e-1	
2026-06-09	10:55:13	5.16897e2	1.58702e1	1.34317e1	5.14971e1	9.74209e1	1.0413676e-1	8.7361574e-2	1.2069718e1	7.5334806e-1	
2026-06-09	10:55:13	4.81495e2	1.53667e1	1.29390e1	5.14971e1	9.74272e1	9.9134864e-2	8.5418586e-2	1.2058808e1	7.6371154e-1	
2026-06-09	10:55:14	4.65787e2	1.50901e1	1.26621e1	5.14871e1	9.74307e1	9.6857128e-2	8.4341468e-2	1.2011810e1	7.5529203e-1	
2026-06-09	10:55:14	4.61753e2	1.50194e1	1.25896e1	5.14871e1	9.74250e1	9.6258697e-2	8.4059000e-2	1.2066361e1	7.5494976e-1	
2026-06-09	10:55:15	4.61377e2	1.49905e1	1.25602e1	5.14971e1	9.74242e1	9.6200170e-2	8.3943128e-2	1.2059648e1	7.6443004e-1	
2026-06-09	10:55:15	4.61782e2	1.49844e1	1.25552e1	5.14937e1	9.74322e1	9.6268415e-2	8.3925905e-2	1.2001739e1	7.5664467e-1	
2026-06-09	10:55:16	4.61003e2	1.49681e1	1.25371e1	5.14971e1	9.74222e1	9.6142768e-2	8.3853359e-2	1.2057130e1	7.5561928e-1	
2026-06-09	10:55:16	4.59956e2	1.49464e1	1.25151e1	5.14971e1	9.74232e1	9.5989408e-2	8.3768663e-2	1.2068879e1	7.6238126e-1	
2026-06-09	10:55:17	4.58626e2	1.49269e1	1.24966e1	5.14904e1	9.74324e1	9.5803852e-2	8.3700180e-2	1.2036988e1	7.5361533e-1	
2026-06-09	10:55:17	4.57337e2	1.48994e1	1.24670e1	5.14937e1	9.74222e1	9.5602331e-2	8.3583240e-2	1.2071397e1	7.5299434e-1	
2026-06-09	10:55:18	4.56389e2	1.48687e1	1.24364e1	5.14937e1	9.74279e1	9.5467510e-2	8.3466472e-2	1.2056291e1	7.6404123e-1	
2026-06-09	10:55:18	4.55647e2	1.48625e1	1.24300e1	5.15004e1	9.74272e1	9.5355625e-2	8.3440189e-2	1.2033631e1	7.5440511e-1	
2026-06-09	10:55:19	4.54773e2	1.48526e1	1.24187e1	5.15004e1	9.74202e1	9.5219078e-2	8.3395423e-2	1.2046220e1	7.5415153e-1	
2026-06-09	10:55:19	4.53755e2	1.48225e1	1.23890e1	5.14937e1	9.74279e1	9.5076856e-2	8.3283720e-2	1.2068040e1	7.6261258e-1	
2026-06-09	10:55:20	4.53114e2	1.48109e1	1.23776e1	5.14971e1	9.74310e1	9.4983940e-2	8.3239736e-2	1.2009292e1	7.5474123e-1	
2026-06-09	10:55:20	4.52833e2	1.48001e1	1.23654e1	5.14971e1	9.74237e1	9.4934940e-2	8.3191280e-2	1.2067201e1	7.5617380e-1	
2026-06-09	10:55:21	4.52366e2	1.47782e1	1.23428e1	5.14937e1	9.74237e1	9.4865913e-2	8.3105144e-2	1.2068040e1	7.6549773e-1	
2026-06-09	10:55:21	4.51951e2	1.47730e1	1.23383e1	5.14971e1	9.74292e1	9.4809112e-2	8.3088340e-2	1.2031953e1	7.5784482e-1	
2026-06-09	10:55:22	4.51521e2	1.47742e1	1.23386e1	5.14971e1	9.74227e1	9.4738597e-2	8.3087863e-2	1.2058808e1	7.5459380e-1	
2026-06-09	10:55:22	4.50850e2	1.47673e1	1.23317e1	5.14904e1	9.74240e1	9.4641389e-2	8.3062887e-2	1.2052094e1	7.6247549e-1	
2026-06-09	10:55:23	4.50872e2	1.47615e1	1.23268e1	5.14937e1	9.74315e1	9.4651403e-2	8.3045120e-2	1.2032792e1	7.5678749e-1	
2026-06-09	10:55:23	4.50674e2	1.47487e1	1.23126e1	5.14937e1	9.74247e1	9.4615039e-2	8.2989158e-2	1.2059648e1	7.4865541e-1	
2026-06-09	10:55:24	4.50263e2	1.47399e1	1.23044e1	5.14904e1	9.74302e1	9.4559907e-2	8.2959289e-2	1.2057969e1	7.6397700e-1	
2026-06-09	10:55:24	4.49972e2	1.47348e1	1.22990e1	5.14904e1	9.74292e1	9.4515504e-2	8.2938432e-2	1.1994186e1	7.5413346e-1	
2026-06-09	10:55:25	4.49533e2	1.47275e1	1.22900e1	5.14871e1	9.74199e1	9.4441595e-2	8.2902612e-2	1.2068040e1	7.5378742e-1	
2026-06-09	10:55:25	4.49304e2	1.47260e1	1.22899e1	5.14971e1	9.74292e1	9.4414596e-2	8.2902250e-2	1.2073075e1	7.6405019e-1	
2026-06-09	10:55:26	4.49037e2	1.47261e1	1.22893e1	5.14971e1	9.74247e1	9.4370250e-2	8.2899036e-2	1.1995865e1	7.5662856e-1	
2026-06-09	10:55:26	4.49116e2	1.47095e1	1.22708e1	5.14937e1	9.74160e1	9.4373884e-2	8.2826852e-2	1.2074754e1	7.5902342e-1	
2026-06-09	10:55:27	4.48776e2	1.47061e1	1.22678e1	5.14937e1	9.74189e1	9.4326133e-2	8.2815828e-2	1.2057130e1	7.6651167e-1	
2026-06-09	10:55:27	4.48469e2	1.47162e1	1.22795e1	5.14904e1	9.74270e1	9.4289064e-2	8.2862911e-2	1.2023559e1	7.5963969e-1	
2026-06-09	10:55:28	4.48673e2	1.47086e1	1.22713e1	5.14937e1	9.74247e1	9.4316482e-2	8.2830429e-2	1.2040345e1	7.5580573e-1	
2026-06-09	10:55:28	4.48413e2	1.47018e1	1.22630e1	5.14971e1	9.74172e1	9.4269456e-2	8.2796812e-2	1.2077271e1	7.6202535e-1	
2026-06-09	10:55:29	4.48052e2	1.47042e1	1.22685e1	5.14937e1	9.74362e1	9.4235181e-2	8.2821960e-2	1.2023559e1	7.5289812e-1	
2026-06-09	10:55:29	4.48055e2	1.47071e1	1.22702e1	5.14937e1	9.74282e1	9.4227790e-2	8.2826976e-2	1.2067201e1	7.4886822e-1	
2026-06-09	10:55:30	4.48145e2	1.46875e1	1.22500e1	5.14904e1	9.74282e1	9.4241619e-2	8.2750082e-2	1.2052094e1	7.6173644e-1	
2026-06-09	10:55:30	4.47842e2	1.46853e1	1.22483e1	5.15004e1	9.74322e1	9.4198341e-2	8.2742576e-2	1.2021881e1	7.5132293e-1	
2026-06-09	10:55:31	4.47441e2	1.46933e1	1.22552e1	5.15004e1	9.74237e1	9.4130096e-2	8.2767429e-2	1.2059648e1	7.5329523e-1	
2026-06-09	10:55:31	4.47441e2	1.46933e1	1.22552e1	5.15004e1	9.74237e1	9.4130096e-2	8.2767429e-2	1.2059648e1	7.5329523e-1	
2026-06-09	10:55:32	4.47990e2	1.46872e1	1.22488e1	5.14971e1	9.74234e1	9.4212474e-2	8.2743587e-2	1.1994186e1	7.5568146e-1	
2026-06-09	10:55:32	4.48037e2	1.46782e1	1.22388e1	5.14937e1	9.74189e1	9.4215574e-2	8.2704906e-2	1.2053773e1	7.5908522e-1	
2026-06-09	10:55:33	4.47531e2	1.46816e1	1.22422e1	5.14937e1	9.74180e1	9.4139099e-2	8.2717599e-2	1.2057130e1	7.6753716e-1	
2026-06-09	10:55:33	4.47423e2	1.46849e1	1.22471e1	5.14971e1	9.74270e1	9.4131231e-2	8.2737445e-2	1.2032792e1	7.6118516e-1	
2026-06-09	10:55:34	4.47537e2	1.46763e1	1.22368e1	5.15004e1	9.74180e1	9.4138507e-2	8.2695722e-2	1.2021881e1	7.6249895e-1	
2026-06-09	10:55:34	4.47570e2	1.46692e1	1.22289e1	5.15004e1	9.74147e1	9.4140110e-2	8.2664852e-2	1.2052094e1	7.6138601e-1	
2026-06-09	10:55:35	4.47528e2	1.46795e1	1.22404e1	5.15004e1	9.74205e1	9.4139757e-2	8.2710151e-2	1.2070558e1	7.6885056e-1	
2026-06-09	10:55:35	4.47088e2	1.46810e1	1.22423e1	5.14937e1	9.74225e1	9.4077348e-2	8.2718791e-2	1.1998382e1	7.5943412e-1	
2026-06-09	10:55:36	4.47393e2	1.46694e1	1.22292e1	5.14904e1	9.74154e1	9.4116449e-2	8.2667770e-2	1.2045381e1	7.5732183e-1	
2026-06-09	10:55:36	4.47527e2	1.46656e1	1.22261e1	5.14937e1	9.74207e1	9.4141006e-2	8.2656326e-2	1.2043702e1	7.6494221e-1	
2026-06-09	10:55:37	4.47036e2	1.46742e1	1.22361e1	5.14904e1	9.74282e1	9.4075918e-2	8.2697029e-2	1.2043702e1	7.6038703e-1	
2026-06-09	10:55:37	4.47002e2	1.46700e1	1.22302e1	5.14871e1	9.74177e1	9.4061012e-2	8.2672710e-2	1.2020202e1	7.5747022e-1	
2026-06-09	10:55:38	4.46836e2	1.46622e1	1.22219e1	5.14904e1	9.74167e1	9.4034490e-2	8.2640228e-2	1.2047059e1	7.6293425e-1	
2026-06-09	10:55:38	4.46773e2	1.46690e1	1.22303e1	5.14904e1	9.74254e1	9.4033775e-2	8.2674083e-2	1.2047898e1	7.6338558e-1	
2026-06-09	10:55:39	4.46614e2	1.46739e1	1.22347e1	5.14971e1	9.74209e1	9.4004211e-2	8.2688922e-2	1.2042024e1	7.4992556e-1	
2026-06-09	10:55:39	4.46203e2	1.46662e1	1.22278e1	5.15004e1	9.74277e1	9.3948783e-2	8.2663240e-2	1.2044541e1	7.5632624e-1	
2026-06-09	10:55:40	4.46561e2	1.46614e1	1.22249e1	5.15004e1	9.74410e1	9.4015417e-2	8.2654714e-2	1.2038667e1	7.5539250e-1	
2026-06-09	10:55:40	4.46856e2	1.46650e1	1.22260e1	5.14937e1	9.74237e1	9.4043788e-2	8.2656564e-2	1.2026916e1	7.5339627e-1	
2026-06-09	10:55:41	4.46498e2	1.46610e1	1.22223e1	5.14904e1	9.74272e1	9.3994255e-2	8.2643804e-2	1.2048738e1	7.6279602e-1	
2026-06-09	10:55:41	4.46481e2	1.46717e1	1.22339e1	5.14904e1	9.74302e1	9.3994855e-2	8.2688694e-2	1.1990829e1	7.5362401e-1	
2026-06-09	10:55:42	4.46297e2	1.46713e1	1.22328e1	5.14904e1	9.74260e1	9.3963146e-2	8.2683801e-2	1.2056291e1	7.4975295e-1	
2026-06-09	10:55:42	4.46248e2	1.46561e1	1.22169e1	5.14937e1	9.74250e1	9.3954029e-2	8.2622165e-2	1.2060487e1	7.6198110e-1	
2026-06-09	10:55:43	4.46586e2	1.46612e1	1.22234e1	5.14937e1	9.74324e1	9.4011964e-2	8.2648391e-2	1.2041184e1	7.5109643e-1	
2026-06-09	10:55:43	4.46586e2	1.46612e1	1.22234e1	5.14937e1	9.74324e1	9.4011964e-2	8.2648391e-2	1.2041184e1	7.5109643e-1	
2026-06-09	10:55:44	4.46666e2	1.46644e1	1.22265e1	5.14937e1	9.74315e1	9.4022989e-2	8.2660140e-2	1.2069718e1	7.6381964e-1	
2026-06-09	10:55:44	4.46828e2	1.46663e1	1.22276e1	5.14937e1	9.74262e1	9.4042005e-2	8.2663478e-2	1.2005096e1	7.5478773e-1	
2026-06-09	10:55:45	4.46902e2	1.46616e1	1.22217e1	5.14971e1	9.74189e1	9.4045104e-2	8.2638502e-2	1.2081468e1	7.5792655e-1	
2026-06-09	10:55:45	4.46793e2	1.46560e1	1.22167e1	5.14971e1	9.74247e1	9.4034490e-2	8.2620735e-2	1.2058808e1	7.6611595e-1	
2026-06-09	10:55:46	4.46587e2	1.46620e1	1.22230e1	5.15004e1	9.74250e1	9.4003438e-2	8.2644405e-2	1.2063004e1	7.5734419e-1	
2026-06-09	10:55:46	4.46490e2	1.46623e1	1.22218e1	5.15004e1	9.74154e1	9.3979473e-2	8.2637901e-2	1.2071397e1	7.5677638e-1	
2026-06-09	10:55:47	4.46811e2	1.46600e1	1.22199e1	5.14937e1	9.74187e1	9.4031991e-2	8.2632427e-2	1.2053773e1	7.6343526e-1	
2026-06-09	10:55:47	4.46831e2	1.46578e1	1.22197e1	5.14937e1	9.74315e1	9.4047603e-2	8.2634029e-2	1.2008453e1	7.5584959e-1	
2026-06-09	10:55:48	4.46807e2	1.46575e1	1.22177e1	5.14971e1	9.74207e1	9.4032649e-2	8.2623777e-2	1.2060487e1	7.5129456e-1	
2026-06-09	10:55:48	4.46787e2	1.46574e1	1.22177e1	5.15004e1	9.74217e1	9.4030017e-2	8.2623243e-2	1.2054612e1	7.6174378e-1	
2026-06-09	10:55:49	4.46580e2	1.46607e1	1.22227e1	5.14971e1	9.74317e1	9.4009637e-2	8.2644882e-2	1.2041184e1	7.4847297e-1	
2026-06-09	10:55:49	4.47044e2	1.46596e1	1.22204e1	5.14937e1	9.74240e1	9.4071979e-2	8.2635288e-2	1.2055451e1	7.5361738e-1	
2026-06-09	10:55:50	4.46893e2	1.46608e1	1.22213e1	5.14971e1	9.74222e1	9.4047069e-2	8.2637901e-2	1.2065522e1	7.6501455e-1	
2026-06-09	10:55:50	4.46289e2	1.46670e1	1.22282e1	5.14937e1	9.74252e1	9.3960523e-2	8.2665386e-2	1.1996704e1	7.5445489e-1	
2026-06-09	10:55:51	4.46567e2	1.46606e1	1.22203e1	5.14904e1	9.74167e1	9.3994255e-2	8.2634029e-2	1.2058808e1	7.5761389e-1	
2026-06-09	10:55:51	4.46810e2	1.46649e1	1.22253e1	5.14937e1	9.74202e1	9.4033298e-2	8.2653284e-2	1.2047059e1	7.6623039e-1	
2026-06-09	10:55:52	4.46559e2	1.46691e1	1.22306e1	5.14937e1	9.74265e1	9.4002189e-2	8.2674741e-2	1.2013489e1	7.5719857e-1	
2026-06-09	10:55:52	4.46481e2	1.46637e1	1.22239e1	5.14904e1	9.74192e1	9.3983888e-2	8.2648220e-2	1.2050416e1	7.5523853e-1	
2026-06-09	10:55:53	4.46718e2	1.46606e1	1.22205e1	5.14904e1	9.74180e1	9.4018096e-2	8.2635164e-2	1.2038667e1	7.6332721e-1	
2026-06-09	10:55:53	4.46630e2	1.46654e1	1.22273e1	5.14937e1	9.74300e1	9.4016132e-2	8.2662944e-2	1.2023559e1	7.5635952e-1	
2026-06-09	10:55:54	4.46643e2	1.46631e1	1.22240e1	5.14937e1	9.74244e1	9.4012680e-2	8.2649288e-2	1.2051255e1	7.5098633e-1	
2026-06-09	10:55:54	4.46601e2	1.46559e1	1.22172e1	5.14971e1	9.74282e1	9.4009342e-2	8.2623186e-2	1.2060487e1	7.6252832e-1	
2026-06-09	10:55:55	4.46436e2	1.46629e1	1.22249e1	5.14937e1	9.74315e1	9.3988656e-2	8.2654113e-2	1.2003418e1	7.5225524e-1	
2026-06-09	10:55:55	4.46416e2	1.46632e1	1.22241e1	5.14937e1	9.74242e1	9.3978519e-2	8.2649526e-2	1.2053773e1	7.5202989e-1	
2026-06-09	10:55:56	4.46174e2	1.46685e1	1.22305e1	5.14971e1	9.74297e1	9.3947114e-2	8.2674322e-2	1.2082307e1	7.6211538e-1	
2026-06-09	10:55:56	4.46090e2	1.46713e1	1.22327e1	5.15004e1	9.74250e1	9.3929176e-2	8.2681236e-2	1.2021881e1	7.5459618e-1	
2026-06-09	10:55:57	4.46047e2	1.46523e1	1.22121e1	5.14971e1	9.74195e1	9.3917665e-2	8.2601909e-2	1.2062165e1	7.5677814e-1	
2026-06-09	10:55:57	4.45918e2	1.46519e1	1.22130e1	5.14937e1	9.74279e1	9.3907594e-2	8.2607564e-2	1.2063004e1	7.6665582e-1	
2026-06-09	10:55:58	4.45919e2	1.46584e1	1.22192e1	5.14937e1	9.74242e1	9.3904018e-2	8.2630634e-2	1.2012649e1	7.5892524e-1	
2026-06-09	10:55:58	4.45839e2	1.46471e1	1.22066e1	5.14937e1	9.74189e1	9.3886671e-2	8.2581462e-2	1.2050416e1	7.5766110e-1	
2026-06-09	10:55:59	4.45239e2	1.46533e1	1.22125e1	5.14904e1	9.74157e1	9.3794527e-2	8.2603988e-2	1.2057130e1	7.6469402e-1	
2026-06-09	10:55:59	4.44896e2	1.46615e1	1.22233e1	5.14971e1	9.74300e1	9.3756017e-2	8.2646846e-2	1.2008453e1	7.5708713e-1	
2026-06-09	10:56:00	4.45384e2	1.46606e1	1.22213e1	5.14937e1	9.74230e1	9.3822774e-2	8.2638502e-2	1.2070558e1	7.5075025e-1	
2026-06-09	10:56:00	4.45451e2	1.46563e1	1.22176e1	5.14937e1	9.74284e1	9.3838214e-2	8.2625503e-2	1.2066361e1	7.6080369e-1	
2026-06-09	10:56:01	4.45017e2	1.46502e1	1.22124e1	5.14937e1	9.74357e1	9.3780336e-2	8.2606906e-2	1.2035310e1	7.5111207e-1	
2026-06-09	10:56:01	4.45359e2	1.46533e1	1.22137e1	5.14937e1	9.74232e1	9.3819198e-2	8.2609357e-2	1.2054612e1	7.5397138e-1	
2026-06-09	10:56:02	4.45677e2	1.46527e1	1.22138e1	5.14937e1	9.74275e1	9.3871059e-2	8.2610492e-2	1.2050416e1	7.6385841e-1	
2026-06-09	10:56:02	4.45381e2	1.46575e1	1.22191e1	5.14971e1	9.74302e1	9.3828859e-2	8.2630996e-2	1.2041184e1	7.5276403e-1	
2026-06-09	10:56:03	4.44354e2	1.46567e1	1.22170e1	5.15004e1	9.74215e1	9.3665657e-2	8.2620563e-2	1.2065522e1	7.5760941e-1	
2026-06-09	10:56:03	4.43786e2	1.46487e1	1.22091e1	5.14971e1	9.74242e1	9.3583879e-2	8.2591352e-2	1.2058808e1	7.6580886e-1	
2026-06-09	10:56:04	4.43994e2	1.46478e1	1.22081e1	5.14937e1	9.74234e1	9.3614940e-2	8.2587957e-2	1.1992508e1	7.5766806e-1	
2026-06-09	10:56:04	4.43804e2	1.46751e1	1.22361e1	5.14937e1	9.74215e1	9.3584775e-2	8.2694768e-2	1.2052934e1	7.5378427e-1	
2026-06-09	10:56:05	4.43764e2	1.46942e1	1.22564e1	5.14971e1	9.74250e1	9.3581790e-2	8.2772846e-2	1.2047898e1	7.6556196e-1	
2026-06-09	10:56:05	4.43926e2	1.46438e1	1.22060e1	5.14904e1	9.74370e1	9.3618688e-2	8.2583246e-2	1.2009292e1	7.5528182e-1	
2026-06-09	10:56:06	4.44148e2	1.46066e1	1.21651e1	5.14904e1	9.74230e1	9.3637762e-2	8.2424106e-2	1.2063844e1	7.5499668e-1	
2026-06-09	10:56:06	4.44207e2	1.46261e1	1.21858e1	5.14937e1	9.74252e1	9.3648252e-2	8.2503023e-2	1.2063004e1	7.6309528e-1	
2026-06-09	10:56:07	4.44288e2	1.46450e1	1.22070e1	5.14871e1	9.74357e1	9.3672513e-2	8.2587480e-2	1.2004257e1	7.5298442e-1	
2026-06-09	10:56:07	4.43867e2	1.46438e1	1.22048e1	5.14871e1	9.74292e1	9.3602838e-2	8.2577886e-2	1.2070558e1	7.5302357e-1	
2026-06-09	10:56:08	4.43584e2	1.46487e1	1.22094e1	5.14971e1	9.74262e1	9.3555450e-2	8.2592964e-2	1.2071397e1	7.6382169e-1	
2026-06-09	10:56:08	4.43468e2	1.46465e1	1.22077e1	5.14937e1	9.74300e1	9.3542394e-2	8.2587833e-2	1.2011810e1	7.5613236e-1	
2026-06-09	10:56:09	4.43824e2	1.46413e1	1.22011e1	5.14904e1	9.74217e1	9.3588352e-2	8.2561378e-2	1.2081468e1	7.5528488e-1	
2026-06-09	10:56:09	4.43677e2	1.46356e1	1.21963e1	5.14904e1	9.74294e1	9.3573808e-2	8.2544622e-2	1.2070558e1	7.6316189e-1	
2026-06-09	10:56:10	4.43486e2	1.46428e1	1.22041e1	5.14971e1	9.74312e1	9.3545732e-2	8.2573471e-2	1.2018524e1	7.5524501e-1	
2026-06-09	10:56:10	4.43486e2	1.46428e1	1.22041e1	5.14971e1	9.74312e1	9.3545732e-2	8.2573471e-2	1.2018524e1	7.5524501e-1	
2026-06-09	10:56:11	4.44494e2	1.46389e1	1.21993e1	5.14904e1	9.74270e1	9.3693847e-2	8.2555713e-2	1.2082307e1	7.6422529e-1	
2026-06-09	10:56:11	4.44281e2	1.46475e1	1.22092e1	5.14937e1	9.74324e1	9.3666791e-2	8.2593975e-2	1.2002578e1	7.5496282e-1	
2026-06-09	10:56:12	4.43971e2	1.46467e1	1.22072e1	5.15004e1	9.74257e1	9.3612251e-2	8.2583904e-2	1.2049577e1	7.5630598e-1	
2026-06-09	10:56:12	4.43784e2	1.46422e1	1.22023e1	5.14937e1	9.74240e1	9.3583879e-2	8.2565965e-2	1.2058808e1	7.6500768e-1	
2026-06-09	10:56:13	4.43665e2	1.46405e1	1.22018e1	5.14904e1	9.74315e1	9.3574104e-2	8.2565898e-2	1.2010132e1	7.5596165e-1	
2026-06-09	10:56:13	4.43716e2	1.46425e1	1.22051e1	5.14904e1	9.74400e1	9.3590145e-2	8.2580566e-2	1.2057130e1	7.5449604e-1	
2026-06-09	10:56:14	4.42967e2	1.46559e1	1.22294e1	5.14937e1	9.75065e1	9.3543052e-2	8.2685708e-2	1.2057969e1	7.6681632e-1	
2026-06-09	10:56:14	4.43853e2	1.46382e1	1.22107e1	5.14971e1	9.75045e1	9.3673114e-2	8.2613105e-2	1.2031953e1	7.5394067e-1	
2026-06-09	10:56:15	4.44377e2	1.46549e1	1.22158e1	5.14971e1	9.74257e1	9.3674001e-2	8.2617397e-2	1.2065522e1	7.5312142e-1	
2026-06-09	10:56:15	4.61954e2	1.50992e1	1.26713e1	5.14971e1	9.74307e1	9.6292972e-2	8.4375324e-2	1.2060487e1	7.6376714e-1	
2026-06-09	10:56:16	4.82907e2	1.56569e1	1.32265e1	5.15037e1	9.74352e1	9.9348659e-2	8.6549997e-2	1.2031114e1	7.5184669e-1	
2026-06-09	10:56:16	4.75692e2	1.55485e1	1.31191e1	5.14971e1	9.74284e1	9.8300695e-2	8.6126213e-2	1.2049577e1	7.5396785e-1	
2026-06-09	10:56:17	4.63245e2	1.51920e1	1.27642e1	5.14871e1	9.74262e1	9.6481208e-2	8.4737482e-2	1.2058808e1	7.6510953e-1	
2026-06-09	10:56:17	4.57780e2	1.50603e1	1.26318e1	5.14904e1	9.74297e1	9.5677967e-2	8.4223213e-2	1.1993347e1	7.5543613e-1	
2026-06-09	10:56:18	4.55771e2	1.50081e1	1.25772e1	5.14904e1	9.74187e1	9.5369281e-2	8.4009056e-2	1.2050416e1	7.5732321e-1	
2026-06-09	10:56:18	4.54918e2	1.49798e1	1.25495e1	5.14904e1	9.74257e1	9.5249710e-2	8.3903369e-2	1.2058808e1	7.6471495e-1	
2026-06-09	10:56:19	4.54254e2	1.49557e1	1.25261e1	5.14937e1	9.74329e1	9.5157566e-2	8.3813552e-2	1.2042863e1	7.5589985e-1	
2026-06-09	10:56:19	4.53460e2	1.49212e1	1.24890e1	5.14937e1	9.74207e1	9.5027208e-2	8.3667755e-2	1.2070558e1	7.5590224e-1	
2026-06-09	10:56:20	4.52383e2	1.48986e1	1.24670e1	5.14937e1	9.74279e1	9.4874267e-2	8.3584423e-2	1.2058808e1	7.6369471e-1	
2026-06-09	10:56:20	4.52010e2	1.48820e1	1.24506e1	5.14904e1	9.74315e1	9.4822883e-2	8.3522500e-2	1.2031953e1	7.5483751e-1	
2026-06-09	10:56:21	4.51380e2	1.48617e1	1.24282e1	5.14871e1	9.74212e1	9.4719352e-2	8.3434524e-2	1.2050416e1	7.5512962e-1	
2026-06-09	10:56:21	4.50427e2	1.48435e1	1.24100e1	5.14937e1	9.74234e1	9.4578266e-2	8.3363475e-2	1.2073075e1	7.6366620e-1	
2026-06-09	10:56:22	4.49474e2	1.48342e1	1.24013e1	5.14937e1	9.74297e1	9.4442424e-2	8.3331470e-2	1.1998382e1	7.5365138e-1	
2026-06-09	10:56:22	4.49561e2	1.48137e1	1.23791e1	5.14937e1	9.74222e1	9.4447612e-2	8.3244438e-2	1.2056291e1	7.5148601e-1	
2026-06-09	10:56:23	4.49374e2	1.47829e1	1.23489e1	5.14971e1	9.74312e1	9.4427700e-2	8.3129291e-2	1.2056291e1	7.6459641e-1	
2026-06-09	10:56:23	4.48431e2	1.47816e1	1.23469e1	5.14971e1	9.74272e1	9.4283103e-2	8.3120937e-2	1.2034471e1	7.5572295e-1	
2026-06-09	10:56:24	4.47941e2	1.47700e1	1.23344e1	5.14971e1	9.74237e1	9.4206333e-2	8.3072128e-2	1.2056291e1	7.5481438e-1	
2026-06-09	10:56:24	4.47598e2	1.47480e1	1.23121e1	5.14937e1	9.74262e1	9.4157991e-2	8.2987422e-2	1.2060487e1	7.6559853e-1	
2026-06-09	10:56:25	4.47350e2	1.47449e1	1.23094e1	5.14937e1	9.74289e1	9.4123725e-2	8.2977714e-2	1.2052934e1	7.5657329e-1	
2026-06-09	10:56:25	4.46856e2	1.47426e1	1.23058e1	5.14837e1	9.74209e1	9.4043970e-2	8.2964000e-2	1.2066361e1	7.5368523e-1	
2026-06-09	10:56:26	4.46232e2	1.47282e1	1.22921e1	5.14904e1	9.74289e1	9.3957061e-2	8.2911911e-2	1.2083146e1	7.6466064e-1	
2026-06-09	10:56:26	4.46143e2	1.47173e1	1.22811e1	5.14971e1	9.74302e1	9.3943538e-2	8.2868518e-2	1.2005096e1	7.5449175e-1	
2026-06-09	10:56:27	4.45793e2	1.47156e1	1.22782e1	5.14937e1	9.74227e1	9.3884410e-2	8.2856473e-2	1.2048738e1	7.5350990e-1	
2026-06-09	10:56:27	4.45068e2	1.47069e1	1.22702e1	5.14937e1	9.74289e1	9.3782005e-2	8.2826976e-2	1.2072236e1	7.6384329e-1	
2026-06-09	10:56:28	4.44721e2	1.46983e1	1.22621e1	5.14937e1	9.74345e1	9.3735456e-2	8.2797288e-2	1.1999221e1	7.5516533e-1	
2026-06-09	10:56:28	4.44674e2	1.46904e1	1.22521e1	5.14971e1	9.74230e1	9.3716201e-2	8.2755861e-2	1.2070558e1	7.5332884e-1	
2026-06-09	10:56:29	4.44403e2	1.46874e1	1.22497e1	5.14971e1	9.74270e1	9.3679428e-2	8.2747402e-2	1.2083146e1	7.6175527e-1	
2026-06-09	10:56:29	4.44080e2	1.46881e1	1.22510e1	5.14904e1	9.74307e1	9.3636217e-2	8.2754430e-2	1.2022720e1	7.5461602e-1	
2026-06-09	10:56:30	4.44375e2	1.46813e1	1.22424e1	5.14937e1	9.74212e1	9.3670186e-2	8.2719144e-2	1.2054612e1	7.5417847e-1	
2026-06-09	10:56:30	4.44360e2	1.46750e1	1.22368e1	5.14937e1	9.74267e1	9.3673343e-2	8.2698640e-2	1.2067201e1	7.6471099e-1	
2026-06-09	10:56:31	4.43772e2	1.46762e1	1.22382e1	5.14937e1	9.74279e1	9.3586502e-2	8.2704124e-2	1.2019363e1	7.5473885e-1	
2026-06-09	10:56:31	4.43772e2	1.46762e1	1.22382e1	5.14937e1	9.74279e1	9.3586502e-2	8.2704124e-2	1.2019363e1	7.5473885e-1	
2026-06-09	10:56:32	4.43829e2	1.46693e1	1.22295e1	5.15004e1	9.74184e1	9.3584060e-2	8.2668008e-2	1.2068040e1	7.5242967e-1	
2026-06-09	10:56:32	4.43554e2	1.46674e1	1.22295e1	5.14904e1	9.74307e1	9.3556995e-2	8.2671937e-2	1.2028595e1	7.5360803e-1	
2026-06-09	10:56:33	4.43475e2	1.46642e1	1.22254e1	5.14904e1	9.74252e1	9.3539714e-2	8.2655134e-2	1.2068879e1	7.5625190e-1	
2026-06-09	10:56:33	4.43143e2	1.46560e1	1.22159e1	5.14904e1	9.74192e1	9.3483867e-2	8.2617816e-2	1.2048738e1	7.6594409e-1	
2026-06-09	10:56:34	4.42935e2	1.46467e1	1.22082e1	5.14971e1	9.74315e1	9.3463363e-2	8.2589387e-2	1.2038667e1	7.5918989e-1	
2026-06-09	10:56:34	4.43104e2	1.46508e1	1.22102e1	5.14904e1	9.74177e1	9.3476409e-2	8.2595643e-2	1.2041184e1	7.5681295e-1	
2026-06-09	10:56:35	4.42942e2	1.46561e1	1.22156e1	5.14871e1	9.74170e1	9.3452157e-2	8.2616748e-2	1.2038667e1	7.6254014e-1	
2026-06-09	10:56:35	4.42673e2	1.46580e1	1.22195e1	5.14971e1	9.74287e1	9.3421401e-2	8.2632122e-2	1.2064683e1	7.5950355e-1	
2026-06-09	10:56:36	4.42565e2	1.46574e1	1.22180e1	5.14971e1	9.74237e1	9.3400239e-2	8.2625503e-2	1.2036988e1	7.4581003e-1	
2026-06-09	10:56:36	4.42329e2	1.46419e1	1.22032e1	5.14904e1	9.74312e1	9.3373298e-2	8.2571325e-2	1.2063844e1	7.5811634e-1	
2026-06-09	10:56:37	4.42569e2	1.46433e1	1.22051e1	5.14904e1	9.74347e1	9.3412818e-2	8.2579374e-2	1.2008453e1	7.4554080e-1	
2026-06-09	10:56:37	4.42953e2	1.46441e1	1.22048e1	5.14904e1	9.74270e1	9.3462829e-2	8.2576694e-2	1.2059648e1	7.5161085e-1	
2026-06-09	10:56:38	4.42438e2	1.46354e1	1.21974e1	5.14871e1	9.74374e1	9.3396482e-2	8.2551002e-2	1.2040345e1	7.5386285e-1	
2026-06-09	10:56:38	4.42445e2	1.46457e1	1.22069e1	5.14937e1	9.74302e1	9.3389148e-2	8.2584676e-2	1.2052934e1	7.4210033e-1	
2026-06-09	10:56:39	4.42682e2	1.46453e1	1.22070e1	5.14971e1	9.74329e1	9.3426704e-2	8.2584915e-2	1.2053773e1	7.5964026e-1	
2026-06-09	10:56:39	4.42196e2	1.46401e1	1.22015e1	5.15004e1	9.74322e1	9.3352317e-2	8.2563161e-2	1.2033631e1	7.4472742e-1	
2026-06-09	10:56:40	4.42382e2	1.46344e1	1.21955e1	5.15037e1	9.74322e1	9.3379440e-2	8.2539615e-2	1.2067201e1	7.5486559e-1	
2026-06-09	10:56:40	4.42382e2	1.46344e1	1.21955e1	5.15037e1	9.74322e1	9.3379440e-2	8.2539615e-2	1.2067201e1	7.5486559e-1	
2026-06-09	10:56:41	4.42353e2	1.46348e1	1.21972e1	5.15004e1	9.74407e1	9.3384265e-2	8.2548561e-2	1.1999221e1	7.4747600e-1	
2026-06-09	10:56:41	4.42155e2	1.46392e1	1.22005e1	5.14904e1	9.74322e1	9.3348207e-2	8.2561378e-2	1.2072236e1	7.6260986e-1	
2026-06-09	10:56:42	4.41821e2	1.46440e1	1.22055e1	5.14904e1	9.74324e1	9.3298254e-2	8.2580385e-2	1.2006775e1	7.5402264e-1	
2026-06-09	10:56:42	4.41735e2	1.46355e1	1.21943e1	5.14904e1	9.74170e1	9.3269939e-2	8.2534427e-2	1.2049577e1	7.5819616e-1	
2026-06-09	10:56:43	4.41948e2	1.46285e1	1.21878e1	5.14971e1	9.74222e1	9.3305702e-2	8.2509574e-2	1.2069718e1	7.6819605e-1	
2026-06-09	10:56:43	4.41560e2	1.46301e1	1.21893e1	5.14904e1	9.74207e1	9.3247299e-2	8.2516136e-2	1.2000900e1	7.5847477e-1	
2026-06-09	10:56:44	4.41402e2	1.46269e1	1.21857e1	5.14971e1	9.74195e1	9.3220949e-2	8.2501049e-2	1.2047898e1	7.5925059e-1	
2026-06-09	10:56:44	4.41689e2	1.46272e1	1.21852e1	5.15004e1	9.74139e1	9.3258018e-2	8.2497415e-2	1.2052094e1	7.6586298e-1	
2026-06-09	10:56:45	4.41587e2	1.46312e1	1.21907e1	5.14937e1	9.74225e1	9.3252363e-2	8.2521200e-2	1.2043702e1	7.6454763e-1	
2026-06-09	10:56:45	4.41643e2	1.46319e1	1.21910e1	5.15004e1	9.74199e1	9.3257064e-2	8.2520723e-2	1.2043702e1	7.5778293e-1	
2026-06-09	10:56:46	4.41499e2	1.46288e1	1.21873e1	5.15004e1	9.74175e1	9.3232927e-2	8.2506237e-2	1.2056291e1	7.5962090e-1	
2026-06-09	10:56:46	4.41358e2	1.46225e1	1.21815e1	5.14904e1	9.74222e1	9.3218326e-2	8.2486743e-2	1.2065522e1	7.6619491e-1	
2026-06-09	10:56:47	4.41241e2	1.46282e1	1.21879e1	5.14904e1	9.74242e1	9.3202829e-2	8.2511310e-2	1.2006775e1	7.5903315e-1	
2026-06-09	10:56:47	4.40996e2	1.46314e1	1.21893e1	5.14937e1	9.74125e1	9.3153715e-2	8.2514104e-2	1.2045381e1	7.6244668e-1	
2026-06-09	10:56:48	4.41220e2	1.46254e1	1.21829e1	5.14937e1	9.74117e1	9.3186559e-2	8.2489490e-2	1.2031114e1	7.6580266e-1	
2026-06-09	10:56:48	4.41365e2	1.46295e1	1.21894e1	5.14971e1	9.74252e1	9.3221130e-2	8.2516136e-2	1.2052094e1	7.6284546e-1	
2026-06-09	10:56:49	4.41323e2	1.46341e1	1.21930e1	5.14971e1	9.74182e1	9.3207836e-2	8.2528533e-2	1.2024399e1	7.5949249e-1	
2026-06-09	10:56:49	4.41098e2	1.46298e1	1.21878e1	5.14871e1	9.74132e1	9.3171119e-2	8.2509403e-2	1.2076432e1	7.6090092e-1	
2026-06-09	10:56:50	4.40725e2	1.46231e1	1.21826e1	5.14937e1	9.74242e1	9.3124389e-2	8.2490444e-2	1.2071397e1	7.6508073e-1	
2026-06-09	10:56:50	4.40786e2	1.46210e1	1.21804e1	5.14970e1	9.74247e1	9.3133449e-2	8.2481679e-2	1.2013489e1	7.5734181e-1	
2026-06-09	10:56:51	4.41439e2	1.46180e1	1.21757e1	5.14971e1	9.74144e1	9.3221368e-2	8.2461595e-2	1.2052094e1	7.5895953e-1	
2026-06-09	10:56:51	4.41007e2	1.46177e1	1.21764e1	5.14971e1	9.74209e1	9.3162956e-2	8.2465534e-2	1.2054612e1	7.6589579e-1	
2026-06-09	10:56:52	4.40444e2	1.46271e1	1.21870e1	5.14971e1	9.74267e1	9.3083972e-2	8.2507495e-2	1.2020202e1	7.5791034e-1	
2026-06-09	10:56:52	4.41105e2	1.46269e1	1.21853e1	5.14904e1	9.74170e1	9.3175172e-2	8.2500219e-2	1.2046220e1	7.5469732e-1	
2026-06-09	10:56:53	4.41323e2	1.46241e1	1.21830e1	5.14937e1	9.74202e1	9.3210515e-2	8.2491283e-2	1.2054612e1	7.6336455e-1	
2026-06-09	10:56:53	4.41047e2	1.46236e1	1.21841e1	5.14937e1	9.74310e1	9.3179464e-2	8.2497653e-2	1.2016845e1	7.5371942e-1	
2026-06-09	10:56:54	4.40984e2	1.46169e1	1.21765e1	5.15004e1	9.74272e1	9.3164863e-2	8.2466659e-2	1.2063844e1	7.5162401e-1	
2026-06-09	10:56:54	4.41193e2	1.46123e1	1.21717e1	5.15004e1	9.74270e1	9.3195972e-2	8.2448186e-2	1.2083985e1	7.6276922e-1	
2026-06-09	10:56:55	4.41339e2	1.46097e1	1.21694e1	5.14937e1	9.74294e1	9.3221721e-2	8.2441215e-2	1.1992508e1	7.5283722e-1	
2026-06-09	10:56:55	4.41310e2	1.46131e1	1.21722e1	5.14937e1	9.74244e1	9.3212490e-2	8.2450685e-2	1.2071397e1	7.5305600e-1	
2026-06-09	10:56:56	4.41002e2	1.46211e1	1.21813e1	5.14971e1	9.74297e1	9.3170881e-2	8.2486267e-2	1.2056291e1	7.6392354e-1	
2026-06-09	10:56:56	4.41388e2	1.46203e1	1.21797e1	5.14904e1	9.74247e1	9.3225297e-2	8.2480134e-2	1.2033631e1	7.5452704e-1	
2026-06-09	10:56:57	4.42784e2	1.46100e1	1.21683e1	5.14904e1	9.74202e1	9.3430461e-2	8.2435550e-2	1.2050416e1	7.5818705e-1	
2026-06-09	10:56:57	4.42576e2	1.46141e1	1.21732e1	5.14971e1	9.74240e1	9.3401613e-2	8.2453908e-2	1.2064683e1	7.6484637e-1	
2026-06-09	10:56:58	4.41155e2	1.46203e1	1.21804e1	5.14937e1	9.74289e1	9.3193712e-2	8.2483053e-2	1.2026077e1	7.5686717e-1	
2026-06-09	10:56:58	4.40525e2	1.46116e1	1.21695e1	5.14871e1	9.74170e1	9.3088445e-2	8.2440080e-2	1.2042863e1	7.5682649e-1	
2026-06-09	10:56:59	4.40474e2	1.46113e1	1.21698e1	5.14871e1	9.74217e1	9.3085403e-2	8.2442398e-2	1.2081468e1	7.6414890e-1	
2026-06-09	10:56:59	4.40751e2	1.46448e1	1.22059e1	5.14937e1	9.74300e1	9.3134288e-2	8.2581043e-2	1.2000061e1	7.5666742e-1	
2026-06-09	10:57:00	4.41144e2	1.46501e1	1.22100e1	5.14971e1	9.74205e1	9.3183403e-2	8.2594099e-2	1.2063004e1	7.5451827e-1	
2026-06-09	10:57:00	4.41398e2	1.46191e1	1.21783e1	5.14904e1	9.74237e1	9.3225774e-2	8.2474651e-2	1.2065522e1	7.6233763e-1	
2026-06-09	10:57:01	4.41012e2	1.45918e1	1.21511e1	5.14937e1	9.74312e1	9.3174161e-2	8.2371473e-2	1.1997543e1	7.5276017e-1	
2026-06-09	10:57:01	4.40787e2	1.45864e1	1.21444e1	5.14937e1	9.74250e1	9.3134040e-2	8.2344770e-2	1.2068040e1	7.5344758e-1	
2026-06-09	10:57:02	4.39390e2	1.46171e1	1.21841e1	5.14937e1	9.74747e1	9.2972936e-2	8.2506179e-2	1.2067201e1	7.6856775e-1	
2026-06-09	10:57:02	4.41167e2	1.46051e1	1.21812e1	5.15004e1	9.75354e1	9.3299026e-2	8.2505588e-2	1.2012649e1	7.4992246e-1	
2026-06-09	10:57:03	4.38643e2	1.45355e1	1.20909e1	5.15004e1	9.74219e1	9.2806224e-2	8.2138595e-2	1.2051255e1	7.5352678e-1	
2026-06-09	10:57:03	4.50788e2	1.48793e1	1.24479e1	5.14904e1	9.74320e1	9.4641628e-2	8.3511943e-2	1.2057969e1	7.6460733e-1	
2026-06-09	10:57:04	4.79593e2	1.56538e1	1.32212e1	5.14871e1	9.74209e1	9.8860263e-2	8.6529436e-2	1.2004257e1	7.5721654e-1	
2026-06-09	10:57:04	4.76096e2	1.56979e1	1.32635e1	5.14871e1	9.74152e1	9.8349628e-2	8.6695194e-2	1.2064683e1	7.5644154e-1	
2026-06-09	10:57:05	4.59244e2	1.52423e1	1.28138e1	5.14904e1	9.74215e1	9.5887899e-2	8.4929580e-2	1.2044541e1	7.6511435e-1	
2026-06-09	10:57:05	4.54781e2	1.50750e1	1.26465e1	5.14971e1	9.74284e1	9.5231952e-2	8.4278526e-2	1.2026077e1	7.5598726e-1	
2026-06-09	10:57:06	4.53764e2	1.50391e1	1.26085e1	5.15004e1	9.74180e1	9.5069589e-2	8.4128379e-2	1.2059648e1	7.5300827e-1	
2026-06-09	10:57:06	4.52803e2	1.50119e1	1.25822e1	5.14904e1	9.74262e1	9.4936904e-2	8.4030151e-2	1.2058808e1	7.6346588e-1	
2026-06-09	10:57:07	4.51902e2	1.49870e1	1.25574e1	5.15004e1	9.74297e1	9.4804286e-2	8.3932933e-2	1.2028595e1	7.5594043e-1	
2026-06-09	10:57:07	4.51414e2	1.49586e1	1.25274e1	5.15004e1	9.74219e1	9.4723644e-2	8.3815212e-2	1.2049577e1	7.5286874e-1	
2026-06-09	10:57:08	4.50803e2	1.49238e1	1.24919e1	5.14937e1	9.74227e1	9.4634351e-2	8.3679618e-2	1.2064683e1	7.6325316e-1	
2026-06-09	10:57:08	4.49526e2	1.49020e1	1.24711e1	5.15004e1	9.74315e1	9.4451427e-2	8.3599624e-2	1.2021042e1	7.5472826e-1	
2026-06-09	10:57:09	4.49085e2	1.48716e1	1.24383e1	5.15037e1	9.74209e1	9.4374122e-2	8.3470525e-2	1.2063844e1	7.5524573e-1	
2026-06-09	10:57:09	4.48651e2	1.48443e1	1.24107e1	5.14971e1	9.74230e1	9.4312486e-2	8.3365497e-2	1.2078111e1	7.6544532e-1	
2026-06-09	10:57:10	4.47736e2	1.48336e1	1.24004e1	5.14970e1	9.74279e1	9.4180765e-2	8.3326997e-2	1.2022720e1	7.5607323e-1	
2026-06-09	10:57:10	4.47406e2	1.48110e1	1.23765e1	5.14937e1	9.74227e1	9.4126644e-2	8.3234367e-2	1.2061326e1	7.5428504e-1	
2026-06-09	10:57:11	4.47326e2	1.47858e1	1.23507e1	5.14904e1	9.74232e1	9.4115619e-2	8.3135719e-2	1.2068040e1	7.6381964e-1	
2026-06-09	10:57:11	4.46672e2	1.47821e1	1.23476e1	5.15004e1	9.74279e1	9.4020547e-2	8.3123025e-2	1.2016006e1	7.5577917e-1	
2026-06-09	10:57:12	4.46187e2	1.47708e1	1.23342e1	5.14971e1	9.74175e1	9.3938169e-2	8.3070278e-2	1.2063004e1	7.5541348e-1	
2026-06-09	10:57:12	4.45957e2	1.47469e1	1.23106e1	5.14937e1	9.74234e1	9.3910036e-2	8.2981052e-2	1.2065522e1	7.6403117e-1	
2026-06-09	10:57:13	4.45443e2	1.47464e1	1.23102e1	5.15004e1	9.74242e1	9.3832492e-2	8.2978610e-2	1.2022720e1	7.5555248e-1	
2026-06-09	10:57:13	4.45112e2	1.47387e1	1.23015e1	5.14937e1	9.74199e1	9.3780097e-2	8.2945709e-2	1.2063004e1	7.5225744e-1	
2026-06-09	10:57:14	4.44517e2	1.47153e1	1.22778e1	5.14904e1	9.74227e1	9.3694095e-2	8.2855882e-2	1.2064683e1	7.6365985e-1	
2026-06-09	10:57:14	4.44398e2	1.47118e1	1.22748e1	5.15004e1	9.74260e1	9.3677339e-2	8.2842884e-2	1.2022720e1	7.5626306e-1	
2026-06-09	10:57:15	4.44691e2	1.47055e1	1.22670e1	5.15004e1	9.74182e1	9.3713464e-2	8.2811717e-2	1.2072236e1	7.5295357e-1	
2026-06-09	10:57:15	4.44523e2	1.46914e1	1.22533e1	5.14937e1	9.74234e1	9.3694744e-2	8.2761173e-2	1.2066361e1	7.6384639e-1	
2026-06-09	10:57:16	4.44013e2	1.46961e1	1.22590e1	5.15037e1	9.74292e1	9.3622026e-2	8.2782630e-2	1.2022720e1	7.5505952e-1	
2026-06-09	10:57:16	4.43785e2	1.46824e1	1.22438e1	5.15004e1	9.74225e1	9.3581676e-2	8.2723503e-2	1.2068040e1	7.5400514e-1	
2026-06-09	10:57:17	4.43545e2	1.46673e1	1.22286e1	5.14904e1	9.74252e1	9.3550205e-2	8.2667407e-2	1.2070558e1	7.6365003e-1	
2026-06-09	10:57:17	4.43524e2	1.46725e1	1.22343e1	5.14904e1	9.74277e1	9.3549613e-2	8.2689943e-2	1.2011810e1	7.5648021e-1	
2026-06-09	10:57:18	4.43549e2	1.46702e1	1.22306e1	5.14904e1	9.74195e1	9.3545255e-2	8.2674083e-2	1.2068879e1	7.5705790e-1	
2026-06-09	10:57:18	4.43430e2	1.46618e1	1.22223e1	5.14937e1	9.74219e1	9.3528985e-2	8.2642259e-2	1.2068040e1	7.6405091e-1	
2026-06-09	10:57:19	4.43200e2	1.46649e1	1.22266e1	5.14904e1	9.74287e1	9.3501863e-2	8.2660675e-2	1.1994186e1	7.5625238e-1	
2026-06-09	10:57:19	4.43045e2	1.46665e1	1.22268e1	5.14871e1	9.74192e1	9.3469915e-2	8.2660140e-2	1.2055451e1	7.5351200e-1	
2026-06-09	10:57:20	4.43153e2	1.46483e1	1.22080e1	5.14937e1	9.74197e1	9.3485059e-2	8.2586946e-2	1.2065522e1	7.6202945e-1	
2026-06-09	10:57:20	4.42968e2	1.46418e1	1.22023e1	5.14904e1	9.74262e1	9.3464317e-2	8.2566976e-2	1.2015167e1	7.5393171e-1	
2026-06-09	10:57:21	4.42568e2	1.46451e1	1.22051e1	5.14904e1	9.74227e1	9.3400897e-2	8.2577171e-2	1.2073915e1	7.5302057e-1	
2026-06-09	10:57:21	4.42875e2	1.46343e1	1.21939e1	5.14971e1	9.74219e1	9.3444709e-2	8.2532644e-2	1.2058808e1	7.6229848e-1	
2026-06-09	10:57:22	4.43196e2	1.46366e1	1.21962e1	5.14904e1	9.74225e1	9.3494834e-2	8.2543077e-2	1.1992508e1	7.5476021e-1	
2026-06-09	10:57:22	4.42652e2	1.46422e1	1.22014e1	5.14904e1	9.74184e1	9.3409242e-2	8.2562150e-2	1.2083985e1	7.5227489e-1	
2026-06-09	10:57:23	4.42785e2	1.46320e1	1.21920e1	5.14937e1	9.74254e1	9.3435344e-2	8.2526865e-2	1.2062165e1	7.6471114e-1	
2026-06-09	10:57:23	4.42833e2	1.46388e1	1.21986e1	5.14971e1	9.74230e1	9.3439521e-2	8.2551116e-2	1.2005935e1	7.5321383e-1	
2026-06-09	10:57:24	4.42852e2	1.46410e1	1.22001e1	5.15037e1	9.74177e1	9.3435821e-2	8.2554578e-2	1.2066361e1	7.5602583e-1	
2026-06-09	10:57:24	4.42726e2	1.46295e1	1.21889e1	5.14971e1	9.74222e1	9.3422594e-2	8.2513570e-2	1.2082307e1	7.6572494e-1	
2026-06-09	10:57:25	4.42794e2	1.46284e1	1.21880e1	5.14904e1	9.74240e1	9.3435821e-2	8.2511720e-2	1.2045381e1	7.5667343e-1	
2026-06-09	10:57:25	4.42766e2	1.46280e1	1.21873e1	5.14904e1	9.74225e1	9.3430156e-2	8.2508926e-2	1.2063844e1	7.5588455e-1	
2026-06-09	10:57:26	4.42600e2	1.46249e1	1.21844e1	5.14937e1	9.74242e1	9.3406314e-2	8.2497539e-2	1.2049577e1	7.6539897e-1	
2026-06-09	10:57:26	4.42866e2	1.46218e1	1.21866e1	5.14871e1	9.74592e1	9.3482131e-2	8.2513923e-2	1.2038667e1	7.5585088e-1	
2026-06-09	10:57:27	4.42965e2	1.46170e1	1.21785e1	5.14904e1	9.74394e1	9.3476657e-2	8.2478637e-2	1.2050416e1	7.5375680e-1	
2026-06-09	10:57:27	4.43203e2	1.46220e1	1.21810e1	5.14937e1	9.74215e1	9.3493995e-2	8.2483949e-2	1.2079789e1	7.6561231e-1	
2026-06-09	10:57:28	4.49711e2	1.47429e1	1.23308e1	5.14904e1	9.75797e1	9.4627084e-2	8.3090009e-2	1.2009292e1	7.5474314e-1	
2026-06-09	10:57:28	4.53932e2	1.48624e1	1.24292e1	5.14904e1	9.74234e1	9.5099811e-2	8.3438396e-2	1.2078111e1	7.5357990e-1	
2026-06-09	10:57:29	4.46387e2	1.47433e1	1.23064e1	5.14937e1	9.74205e1	9.3971433e-2	8.2964305e-2	1.2054612e1	7.6320648e-1	
2026-06-09	10:57:29	4.65060e2	1.51271e1	1.26991e1	5.14904e1	9.74279e1	9.6747636e-2	8.4483861e-2	1.2016006e1	7.5387148e-1	
2026-06-09	10:57:30	4.78962e2	1.54568e1	1.30274e1	5.14904e1	9.74207e1	9.8765611e-2	8.5765180e-2	1.2046220e1	7.5552701e-1	
2026-06-09	10:57:30	4.63024e2	1.51458e1	1.27170e1	5.14937e1	9.74217e1	9.6442279e-2	8.4551630e-2	1.2049577e1	7.6471681e-1	
2026-06-09	10:57:31	4.54343e2	1.49411e1	1.25105e1	5.14971e1	9.74287e1	9.5165615e-2	8.3752040e-2	1.2023559e1	7.5517363e-1	
2026-06-09	10:57:31	4.52871e2	1.48967e1	1.24640e1	5.14971e1	9.74212e1	9.4939174e-2	8.3570957e-2	1.2068879e1	7.5364484e-1	
2026-06-09	10:57:32	4.52665e2	1.48750e1	1.24418e1	5.14904e1	9.74209e1	9.4909553e-2	8.3486261e-2	1.2063844e1	7.6527338e-1	
2026-06-09	10:57:32	4.51806e2	1.48634e1	1.24309e1	5.14971e1	9.74272e1	9.4786643e-2	8.3444299e-2	1.2027755e1	7.5395870e-1	
2026-06-09	10:57:33	4.50954e2	1.48366e1	1.24018e1	5.14971e1	9.74172e1	9.4649677e-2	8.3330335e-2	1.2064683e1	7.5263142e-1	
2026-06-09	10:57:33	4.49905e2	1.48186e1	1.23845e1	5.14904e1	9.74244e1	9.4501914e-2	8.3266258e-2	1.2068040e1	7.6411046e-1	
2026-06-09	10:57:34	4.49543e2	1.48080e1	1.23741e1	5.14971e1	9.74279e1	9.4449939e-2	8.3225784e-2	1.2031114e1	7.5461554e-1	
2026-06-09	10:57:34	4.48975e2	1.47828e1	1.23477e1	5.15004e1	9.74242e1	9.4360532e-2	8.3122549e-2	1.2045381e1	7.5367536e-1	
2026-06-09	10:57:35	4.48446e2	1.47713e1	1.23360e1	5.14937e1	9.74254e1	9.4284114e-2	8.3079156e-2	1.2063004e1	7.6445283e-1	
2026-06-09	10:57:35	4.48594e2	1.47646e1	1.23293e1	5.14971e1	9.74262e1	9.4306173e-2	8.3052930e-2	1.2015167e1	7.5551977e-1	
2026-06-09	10:57:36	4.47852e2	1.47490e1	1.23122e1	5.14937e1	9.74197e1	9.4189586e-2	8.2986593e-2	1.2049577e1	7.5429658e-1	
2026-06-09	10:57:36	4.47264e2	1.47366e1	1.22997e1	5.14937e1	9.74219e1	9.4103870e-2	8.2939205e-2	1.2063004e1	7.6416177e-1	
2026-06-09	10:57:37	4.47024e2	1.47303e1	1.22942e1	5.14904e1	9.74287e1	9.4075202e-2	8.2919893e-2	1.2022720e1	7.5563616e-1	
2026-06-09	10:57:37	4.46773e2	1.47238e1	1.22856e1	5.14937e1	9.74167e1	9.4025020e-2	8.2883949e-2	1.2041184e1	7.5351901e-1	
2026-06-09	10:57:38	4.46230e2	1.47072e1	1.22693e1	5.14937e1	9.74215e1	9.3948364e-2	8.2822208e-2	1.2052934e1	7.6492061e-1	
2026-06-09	10:57:38	4.45800e2	1.46993e1	1.22618e1	5.14904e1	9.74262e1	9.3889350e-2	8.2795143e-2	1.2020202e1	7.5643010e-1	
2026-06-09	10:57:39	4.45656e2	1.46963e1	1.22575e1	5.14937e1	9.74184e1	9.3859434e-2	8.2776546e-2	1.2045381e1	7.5385212e-1	
2026-06-09	10:57:39	4.45595e2	1.46851e1	1.22465e1	5.14971e1	9.74217e1	9.3852758e-2	8.2734107e-2	1.2078111e1	7.6439828e-1	
2026-06-09	10:57:40	4.45382e2	1.46780e1	1.22401e1	5.14904e1	9.74284e1	9.3828792e-2	8.2712354e-2	1.2017685e1	7.5413365e-1	
2026-06-09	10:57:40	4.45034e2	1.46729e1	1.22338e1	5.14937e1	9.74219e1	9.3769550e-2	8.2686243e-2	1.2065522e1	7.5314998e-1	
2026-06-09	10:57:41	4.45036e2	1.46674e1	1.22284e1	5.14937e1	9.74237e1	9.3771572e-2	8.2666034e-2	1.2058808e1	7.6470894e-1	
2026-06-09	10:57:41	4.45003e2	1.46728e1	1.22348e1	5.14904e1	9.74284e1	9.3772048e-2	8.2691783e-2	1.2026916e1	7.5521664e-1	
2026-06-09	10:57:42	4.44956e2	1.46679e1	1.22284e1	5.14937e1	9.74205e1	9.3756256e-2	8.2665147e-2	1.2065522e1	7.5562610e-1	
2026-06-09	10:57:42	4.44456e2	1.46563e1	1.22171e1	5.14937e1	9.74252e1	9.3685922e-2	8.2623062e-2	1.2065522e1	7.6485533e-1	
2026-06-09	10:57:43	4.44021e2	1.46546e1	1.22162e1	5.14937e1	9.74304e1	9.3626022e-2	8.2620325e-2	1.2026916e1	7.5497055e-1	
2026-06-09	10:57:43	4.44299e2	1.46422e1	1.22024e1	5.14971e1	9.74242e1	9.3660593e-2	8.2565784e-2	1.2064683e1	7.5406861e-1	
2026-06-09	10:57:44	4.44313e2	1.46365e1	1.21963e1	5.14937e1	9.74234e1	9.3662624e-2	8.2543010e-2	1.2050416e1	7.6364307e-1	
2026-06-09	10:57:44	4.43977e2	1.46449e1	1.22058e1	5.14971e1	9.74287e1	9.3616905e-2	8.2579793e-2	1.2029434e1	7.5674223e-1	
2026-06-09	10:57:45	4.43958e2	1.46450e1	1.22038e1	5.14971e1	9.74149e1	9.3600330e-2	8.2569417e-2	1.2046220e1	7.5325880e-1	
2026-06-09	10:57:45	4.43543e2	1.46356e1	1.21962e1	5.14904e1	9.74282e1	9.3552532e-2	8.2543907e-2	1.2068040e1	7.6420650e-1	
2026-06-09	10:57:46	4.43332e2	1.46335e1	1.21934e1	5.14904e1	9.74244e1	9.3517189e-2	8.2532587e-2	1.2007614e1	7.5454206e-1	
2026-06-09	10:57:46	4.43625e2	1.46319e1	1.21912e1	5.14904e1	9.74209e1	9.3557653e-2	8.2523345e-2	1.2068040e1	7.5427775e-1	
2026-06-09	10:57:47	4.43631e2	1.46343e1	1.21946e1	5.14937e1	9.74270e1	9.3563737e-2	8.2537059e-2	1.2062165e1	7.6473770e-1	
2026-06-09	10:57:47	4.43381e2	1.46263e1	1.21872e1	5.14871e1	9.74329e1	9.3533515e-2	8.2511186e-2	1.1985794e1	7.5359935e-1	
2026-06-09	10:57:48	4.43614e2	1.46204e1	1.21790e1	5.14937e1	9.74197e1	9.3553962e-2	8.2475900e-2	1.2065522e1	7.5722479e-1	
2026-06-09	10:57:48	4.43351e2	1.46243e1	1.21838e1	5.14971e1	9.74242e1	9.3518257e-2	8.2494497e-2	1.2068879e1	7.6527447e-1	
2026-06-09	10:57:49	4.43203e2	1.46278e1	1.21884e1	5.15004e1	9.74307e1	9.3501806e-2	8.2512855e-2	1.2026077e1	7.5635662e-1	
2026-06-09	10:57:49	4.43750e2	1.46208e1	1.21797e1	5.15004e1	9.74209e1	9.3574104e-2	8.2477512e-2	1.2052934e1	7.5523176e-1	
2026-06-09	10:57:50	4.43002e2	1.46125e1	1.21714e1	5.14937e1	9.74237e1	9.3465986e-2	8.2447824e-2	1.2052934e1	7.6628580e-1	
2026-06-09	10:57:50	4.41766e2	1.46110e1	1.21864e1	5.14937e1	9.75297e1	9.3384857e-2	8.2525434e-2	1.2016006e1	7.5890498e-1	
2026-06-09	10:57:51	4.43666e2	1.45847e1	1.21673e1	5.15004e1	9.75827e1	9.3721275e-2	8.2461595e-2	1.2077271e1	7.5148921e-1	
2026-06-09	10:57:51	4.43446e2	1.45899e1	1.21474e1	5.14937e1	9.74205e1	9.3529109e-2	8.2355384e-2	1.2066361e1	7.6427383e-1	
2026-06-09	10:57:52	4.67675e2	1.51584e1	1.27305e1	5.14904e1	9.74270e1	9.7129583e-2	8.4605932e-2	1.2010971e1	7.5356369e-1	
2026-06-09	10:57:52	5.01450e2	1.59412e1	1.35004e1	5.14937e1	9.74215e1	1.0197919e-1	8.7635574e-2	1.2063004e1	7.5273008e-1	
2026-06-09	10:57:53	4.86946e2	1.57488e1	1.33147e1	5.14937e1	9.74257e1	9.9921340e-2	8.6898803e-2	1.2065522e1	7.6321368e-1	
2026-06-09	10:57:53	4.62433e2	1.52173e1	1.27902e1	5.14904e1	9.74307e1	9.6366224e-2	8.4839401e-2	1.2007614e1	7.5495553e-1	
2026-06-09	10:57:54	4.56543e2	1.50386e1	1.26077e1	5.14937e1	9.74162e1	9.5480556e-2	8.4126415e-2	1.2063004e1	7.5607371e-1	
2026-06-09	10:57:54	4.54809e2	1.50136e1	1.25837e1	5.14937e1	9.74247e1	9.5232191e-2	8.4034919e-2	1.2080628e1	7.6531400e-1	
2026-06-09	10:57:55	4.53912e2	1.50052e1	1.25758e1	5.14904e1	9.74289e1	9.5104217e-2	8.4005718e-2	1.2026077e1	7.5683917e-1	
2026-06-09	10:57:55	4.53912e2	1.50052e1	1.25758e1	5.14904e1	9.74289e1	9.5104217e-2	8.4005718e-2	1.2026077e1	7.5683917e-1	
2026-06-09	10:57:56	4.53750e2	1.49435e1	1.25115e1	5.14904e1	9.74195e1	9.5069828e-2	8.3755254e-2	1.2069718e1	7.5425548e-1	
2026-06-09	10:57:56	4.51537e2	1.48878e1	1.24570e1	5.14904e1	9.74339e1	9.4755115e-2	8.3547410e-2	1.2004257e1	7.5401682e-1	
2026-06-09	10:57:57	4.50776e2	1.48609e1	1.24272e1	5.14871e1	9.74195e1	9.4627742e-2	8.3430233e-2	1.2056291e1	7.5253829e-1	
2026-06-09	10:57:57	4.50094e2	1.48315e1	1.23976e1	5.14904e1	9.74237e1	9.4529447e-2	8.3316564e-2	1.2042863e1	7.6360979e-1	
2026-06-09	10:57:58	4.49882e2	1.48193e1	1.23862e1	5.14971e1	9.74304e1	9.4503040e-2	8.3272638e-2	1.2043702e1	7.5921797e-1	
2026-06-09	10:57:58	4.49299e2	1.48013e1	1.23656e1	5.14971e1	9.74172e1	9.4402732e-2	8.3190803e-2	1.2045381e1	7.5605583e-1	
2026-06-09	10:57:59	4.48470e2	1.47862e1	1.23512e1	5.14937e1	9.74244e1	9.4286975e-2	8.3137397e-2	1.2046220e1	7.6069407e-1	
2026-06-09	10:57:59	4.48233e2	1.47766e1	1.23430e1	5.14937e1	9.74352e1	9.4262123e-2	8.3107948e-2	1.2031953e1	7.5698275e-1	
2026-06-09	10:58:00	4.48187e2	1.47600e1	1.23246e1	5.15004e1	9.74267e1	9.4245319e-2	8.3034400e-2	1.2052934e1	7.4738798e-1	
2026-06-09	10:58:00	4.47562e2	1.47359e1	1.23009e1	5.14937e1	9.74345e1	9.4160671e-2	8.2946243e-2	1.2065522e1	7.5965218e-1	
2026-06-09	10:58:01	4.47139e2	1.47325e1	1.22981e1	5.14937e1	9.74387e1	9.4101791e-2	8.2936048e-2	1.1993347e1	7.4809241e-1	
2026-06-09	10:58:01	4.46895e2	1.47275e1	1.22910e1	5.15004e1	9.74262e1	9.4051418e-2	8.2905292e-2	1.2055451e1	7.5258259e-1	
2026-06-09	10:58:02	4.46399e2	1.47087e1	1.22734e1	5.14971e1	9.74380e1	9.3989486e-2	8.2840442e-2	1.2053773e1	7.5740551e-1	
2026-06-09	10:58:02	4.46256e2	1.47064e1	1.22704e1	5.14904e1	9.74339e1	9.3965349e-2	8.2829532e-2	1.2035310e1	7.4258527e-1	
2026-06-09	10:58:03	4.45958e2	1.46990e1	1.22631e1	5.14904e1	9.74359e1	9.3922672e-2	8.2801818e-2	1.2068040e1	7.5739932e-1	
2026-06-09	10:58:03	4.45875e2	1.46879e1	1.22523e1	5.14904e1	9.74407e1	9.3914871e-2	8.2761230e-2	1.2031953e1	7.4408340e-1	
2026-06-09	10:58:04	4.45565e2	1.46792e1	1.22423e1	5.15004e1	9.74342e1	9.3859853e-2	8.2719860e-2	1.2042024e1	7.5249791e-1	
2026-06-09	10:58:04	4.44706e2	1.46702e1	1.22338e1	5.15004e1	9.74394e1	9.3736410e-2	8.2688274e-2	1.2029434e1	7.5720400e-1	
2026-06-09	10:58:05	4.44665e2	1.46743e1	1.22359e1	5.14937e1	9.74257e1	9.3717994e-2	8.2695064e-2	1.2044541e1	7.5309333e-1	
2026-06-09	10:58:05	4.45060e2	1.46703e1	1.22316e1	5.14971e1	9.74252e1	9.3775987e-2	8.2677955e-2	1.2045381e1	7.6254005e-1	
2026-06-09	10:58:06	4.45121e2	1.46623e1	1.22238e1	5.15037e1	9.74282e1	9.3786659e-2	8.2647323e-2	1.2054612e1	7.6146817e-1	
2026-06-09	10:58:06	4.44839e2	1.46568e1	1.22165e1	5.14971e1	9.74180e1	9.3735513e-2	8.2618713e-2	1.1993347e1	7.5895981e-1	
2026-06-09	10:58:07	4.44545e2	1.46538e1	1.22130e1	5.14971e1	9.74154e1	9.3688907e-2	8.2604827e-2	1.2047059e1	7.6135115e-1	
2026-06-09	10:58:07	4.44545e2	1.46538e1	1.22130e1	5.14971e1	9.74154e1	9.3688907e-2	8.2604827e-2	1.2047059e1	7.6135115e-1	
2026-06-09	10:58:08	4.44445e2	1.46531e1	1.22132e1	5.15004e1	9.74215e1	9.3679313e-2	8.2606019e-2	1.2058808e1	7.6597170e-1	
2026-06-09	10:58:08	4.44290e2	1.46417e1	1.22010e1	5.14937e1	9.74189e1	9.3654747e-2	8.2560176e-2	1.2053773e1	7.6214785e-1	
2026-06-09	10:58:09	4.43916e2	1.46365e1	1.21948e1	5.14971e1	9.74137e1	9.3592758e-2	8.2534494e-2	1.2052094e1	7.6852731e-1	
2026-06-09	10:58:09	4.43582e2	1.46320e1	1.21922e1	5.14937e1	9.74267e1	9.3556222e-2	8.2527694e-2	1.2031953e1	7.6104707e-1	
2026-06-09	10:58:10	4.44145e2	1.46309e1	1.21913e1	5.14937e1	9.74284e1	9.3642349e-2	8.2524662e-2	1.2071397e1	7.4936194e-1	
2026-06-09	10:58:10	4.44260e2	1.46303e1	1.21909e1	5.14937e1	9.74300e1	9.3661012e-2	8.2523641e-2	1.2053773e1	7.5840048e-1	
2026-06-09	10:58:11	4.43944e2	1.46263e1	1.21881e1	5.14904e1	9.74390e1	9.3623218e-2	8.2515182e-2	1.1992508e1	7.4858660e-1	
2026-06-09	10:58:11	4.43908e2	1.46222e1	1.21822e1	5.14871e1	9.74284e1	9.3607959e-2	8.2491102e-2	1.2068040e1	7.5095458e-1	
2026-06-09	10:58:12	4.44185e2	1.46234e1	1.21838e1	5.14971e1	9.74307e1	9.3649806e-2	8.2495985e-2	1.2058808e1	7.6276845e-1	
2026-06-09	10:58:12	4.44312e2	1.46324e1	1.21936e1	5.14937e1	9.74332e1	9.3672094e-2	8.2534370e-2	1.2003418e1	7.5715832e-1	
2026-06-09	10:58:13	4.44108e2	1.46248e1	1.21834e1	5.14871e1	9.74189e1	9.3628644e-2	8.2493963e-2	1.2066361e1	7.5665092e-1	
2026-06-09	10:58:13	4.44019e2	1.46130e1	1.21726e1	5.14937e1	9.74282e1	9.3622980e-2	8.2453250e-2	1.2052094e1	7.6416497e-1	
2026-06-09	10:58:14	4.43924e2	1.46210e1	1.21821e1	5.14937e1	9.74357e1	9.3616189e-2	8.2491102e-2	1.2021042e1	7.5579113e-1	
2026-06-09	10:58:14	4.44555e2	1.46240e1	1.21831e1	5.14937e1	9.74222e1	9.3697433e-2	8.2492294e-2	1.2073075e1	7.5634760e-1	
2026-06-09	10:58:15	4.44742e2	1.46216e1	1.21803e1	5.14937e1	9.74197e1	9.3723001e-2	8.2480850e-2	1.2057130e1	7.6560535e-1	
2026-06-09	10:58:15	4.44122e2	1.46146e1	1.21741e1	5.14904e1	9.74272e1	9.3638181e-2	8.2459392e-2	1.2005096e1	7.5649290e-1	
2026-06-09	10:58:16	4.44455e2	1.46112e1	1.21702e1	5.14971e1	9.74244e1	9.3683834e-2	8.2442646e-2	1.2057130e1	7.5204300e-1	
2026-06-09	10:58:16	4.44914e2	1.46093e1	1.21692e1	5.15037e1	9.74307e1	9.3757448e-2	8.2438831e-2	1.2048738e1	7.6211576e-1	
2026-06-09	10:58:17	4.44950e2	1.46119e1	1.21715e1	5.14904e1	9.74284e1	9.3763294e-2	8.2449674e-2	1.1989990e1	7.5489120e-1	
2026-06-09	10:58:17	4.43937e2	1.46150e1	1.21799e1	5.14904e1	9.74615e1	9.3644323e-2	8.2488174e-2	1.2081468e1	7.5689148e-1	
2026-06-09	10:58:18	4.45875e2	1.45953e1	1.21889e1	5.14971e1	9.76510e1	9.4121217e-2	8.2558212e-2	1.2047898e1	7.6136250e-1	
2026-06-09	10:58:18	4.43743e2	1.45933e1	1.21536e1	5.15004e1	9.74380e1	9.3589601e-2	8.2381305e-2	1.1996704e1	7.5400133e-1	
2026-06-09	10:58:19	4.56158e2	1.48679e1	1.24347e1	5.14971e1	9.74219e1	9.5426673e-2	8.3457889e-2	1.2061326e1	7.5244431e-1	
2026-06-09	10:58:19	4.56158e2	1.48679e1	1.24347e1	5.14971e1	9.74219e1	9.5426673e-2	8.3457889e-2	1.2061326e1	7.5244431e-1	
2026-06-09	10:58:20	4.91944e2	1.55664e1	1.31369e1	5.14971e1	9.74302e1	1.0063612e-1	8.6196899e-2	1.2068879e1	7.6491880e-1	
2026-06-09	10:58:20	4.69076e2	1.52403e1	1.28115e1	5.14937e1	9.74192e1	9.7326393e-2	8.4919271e-2	1.2059648e1	7.5758676e-1	
2026-06-09	10:58:21	4.60738e2	1.50234e1	1.25930e1	5.14937e1	9.74207e1	9.6103782e-2	8.4070320e-2	1.2039506e1	7.6665678e-1	
2026-06-09	10:58:21	4.58714e2	1.49823e1	1.25521e1	5.14971e1	9.74265e1	9.5810117e-2	8.3912429e-2	1.2037827e1	7.5944261e-1	
2026-06-09	10:58:22	4.58113e2	1.49576e1	1.25262e1	5.14937e1	9.74215e1	9.5716714e-2	8.3811874e-2	1.2037827e1	7.5077228e-1	
2026-06-09	10:58:22	4.57206e2	1.49309e1	1.25000e1	5.14904e1	9.74279e1	9.5589818e-2	8.3712463e-2	1.2045381e1	7.6004986e-1	
2026-06-09	10:58:23	4.56548e2	1.49041e1	1.24734e1	5.14937e1	9.74329e1	9.5496540e-2	8.3610057e-2	1.2005935e1	7.5275344e-1	
2026-06-09	10:58:23	4.55631e2	1.48789e1	1.24459e1	5.14971e1	9.74215e1	9.5348243e-2	8.3500919e-2	1.2059648e1	7.5175886e-1	
2026-06-09	10:58:24	4.54425e2	1.48515e1	1.24186e1	5.14971e1	9.74270e1	9.5174903e-2	8.3397026e-2	1.2061326e1	7.6360158e-1	
2026-06-09	10:58:24	4.53768e2	1.48277e1	1.23943e1	5.14871e1	9.74272e1	9.5079536e-2	8.3305120e-2	1.2009292e1	7.5590505e-1	
2026-06-09	10:58:25	4.52908e2	1.48115e1	1.23766e1	5.14904e1	9.74199e1	9.4943704e-2	8.3234786e-2	1.2061326e1	7.5655226e-1	
2026-06-09	10:58:25	4.52246e2	1.47973e1	1.23625e1	5.14971e1	9.74240e1	9.4847917e-2	8.3180370e-2	1.2053773e1	7.6362724e-1	
2026-06-09	10:58:26	4.51813e2	1.47825e1	1.23489e1	5.14937e1	9.74342e1	9.4794330e-2	8.3130598e-2	1.2000900e1	7.5433874e-1	
2026-06-09	10:58:26	4.51303e2	1.47603e1	1.23242e1	5.14971e1	9.74222e1	9.4705581e-2	8.3032550e-2	1.2050416e1	7.5432901e-1	
2026-06-09	10:58:27	4.50561e2	1.47404e1	1.23042e1	5.14971e1	9.74260e1	9.4598655e-2	8.2956609e-2	1.2058808e1	7.6539206e-1	
2026-06-09	10:58:27	4.49981e2	1.47367e1	1.23014e1	5.14937e1	9.74320e1	9.4518957e-2	8.2947616e-2	1.2014328e1	7.5734496e-1	
2026-06-09	10:58:28	4.49576e2	1.47332e1	1.22965e1	5.14904e1	9.74237e1	9.4451131e-2	8.2927589e-2	1.2043702e1	7.5526309e-1	
2026-06-09	10:58:28	4.49202e2	1.47227e1	1.22852e1	5.14904e1	9.74212e1	9.4392662e-2	8.2883777e-2	1.2060487e1	7.6341156e-1	
2026-06-09	10:58:29	4.49029e2	1.47108e1	1.22746e1	5.14904e1	9.74317e1	9.4377279e-2	8.2845268e-2	1.2001739e1	7.5535826e-1	
2026-06-09	10:58:29	4.48663e2	1.46986e1	1.22600e1	5.14871e1	9.74189e1	9.4310522e-2	8.2787275e-2	1.2047059e1	7.5436692e-1	
2026-06-09	10:58:30	4.48478e2	1.46881e1	1.22496e1	5.14904e1	9.74219e1	9.4285192e-2	8.2747516e-2	1.2049577e1	7.6410169e-1	
2026-06-09	10:58:30	4.48621e2	1.46862e1	1.22489e1	5.14971e1	9.74302e1	9.4313201e-2	8.2745132e-2	1.2003418e1	7.5583739e-1	
2026-06-09	10:58:31	4.47926e2	1.46819e1	1.22431e1	5.14971e1	9.74212e1	9.4200496e-2	8.2720994e-2	1.2063004e1	7.5364208e-1	
2026-06-09	10:58:31	4.47506e2	1.46743e1	1.22360e1	5.14904e1	9.74262e1	9.4144105e-2	8.2696018e-2	1.2048738e1	7.6453299e-1	
2026-06-09	10:58:32	4.47168e2	1.46709e1	1.22333e1	5.14937e1	9.74320e1	9.4098625e-2	8.2686243e-2	1.2020202e1	7.5539932e-1	
2026-06-09	10:58:32	4.47330e2	1.46651e1	1.22253e1	5.15004e1	9.74189e1	9.4108524e-2	8.2651910e-2	1.2052094e1	7.5435285e-1	
2026-06-09	10:58:33	4.47405e2	1.46587e1	1.22192e1	5.14937e1	9.74225e1	9.4124431e-2	8.2630453e-2	1.2064683e1	7.6430749e-1	
2026-06-09	10:58:33	4.46899e2	1.46553e1	1.22169e1	5.14904e1	9.74307e1	9.4057674e-2	8.2623844e-2	1.2036988e1	7.5606255e-1	
2026-06-09	10:58:34	4.47065e2	1.46468e1	1.22067e1	5.14937e1	9.74217e1	9.4072761e-2	8.2582473e-2	1.2062165e1	7.5452466e-1	
2026-06-09	10:58:34	4.47240e2	1.46508e1	1.22109e1	5.15004e1	9.74219e1	9.4097852e-2	8.2597255e-2	1.2056291e1	7.6450338e-1	
2026-06-09	10:58:35	4.47371e2	1.46525e1	1.22141e1	5.14971e1	9.74312e1	9.4127292e-2	8.2612037e-2	1.2001739e1	7.5384216e-1	
2026-06-09	10:58:35	4.47427e2	1.46408e1	1.22011e1	5.14904e1	9.74260e1	9.4131708e-2	8.2562503e-2	1.2056291e1	7.5493187e-1	
2026-06-09	10:58:36	4.46938e2	1.46342e1	1.21936e1	5.14904e1	9.74215e1	9.4054107e-2	8.2532939e-2	1.2055451e1	7.6561231e-1	
2026-06-09	10:58:36	4.46871e2	1.46305e1	1.21919e1	5.15004e1	9.74349e1	9.4055414e-2	8.2526922e-2	1.2049577e1	7.5332460e-1	
2026-06-09	10:58:37	4.47345e2	1.46324e1	1.21919e1	5.15004e1	9.74225e1	9.4113769e-2	8.2524776e-2	1.2063004e1	7.5550622e-1	
2026-06-09	10:58:37	4.47345e2	1.46324e1	1.21919e1	5.15004e1	9.74225e1	9.4113769e-2	8.2524776e-2	1.2063004e1	7.5550622e-1	
2026-06-09	10:58:38	4.46759e2	1.46261e1	1.21920e1	5.14904e1	9.74647e1	9.4070196e-2	8.2534904e-2	1.2057969e1	7.6732015e-1	
2026-06-09	10:58:38	4.44041e2	1.45814e1	1.21508e1	5.14971e1	9.74992e1	9.3695459e-2	8.2382974e-2	1.2044541e1	7.5161151e-1	
2026-06-09	10:58:39	4.64783e2	1.49167e1	1.24854e1	5.14871e1	9.74270e1	9.6704120e-2	8.3656425e-2	1.2047898e1	7.6584453e-1	
2026-06-09	10:58:39	5.15834e2	1.57724e1	1.33384e1	5.14937e1	9.74304e1	1.0399895e-1	8.6993694e-2	1.2012649e1	7.5631561e-1	
2026-06-09	10:58:40	5.25951e2	1.60423e1	1.35978e1	5.14937e1	9.74237e1	1.0539340e-1	8.8024616e-2	1.2059648e1	7.5367727e-1	
2026-06-09	10:58:40	4.89109e2	1.54827e1	1.30539e1	5.14971e1	9.74272e1	1.0022777e-1	8.5869607e-2	1.2062165e1	7.6287932e-1	
2026-06-09	10:58:41	4.66521e2	1.50656e1	1.26375e1	5.14904e1	9.74320e1	9.6964836e-2	8.4245681e-2	1.2004257e1	7.5472335e-1	
2026-06-09	10:58:41	4.63940e2	1.49781e1	1.25467e1	5.14871e1	9.74192e1	9.6573410e-2	8.3891983e-2	1.2056291e1	7.5395874e-1	
2026-06-09	10:58:42	4.63756e2	1.49587e1	1.25284e1	5.14904e1	9.74287e1	9.6555175e-2	8.3822488e-2	1.2062165e1	7.6409378e-1	
2026-06-09	10:58:42	4.63548e2	1.49451e1	1.25146e1	5.15004e1	9.74282e1	9.6521911e-2	8.3766994e-2	1.2026077e1	7.5671286e-1	
2026-06-09	10:58:43	4.62383e2	1.49274e1	1.24954e1	5.14971e1	9.74209e1	9.6343936e-2	8.3691835e-2	1.2048738e1	7.5542492e-1	
2026-06-09	10:58:43	4.60871e2	1.48948e1	1.24626e1	5.14971e1	9.74240e1	9.6124286e-2	8.3565893e-2	1.2084825e1	7.6444482e-1	
2026-06-09	10:58:44	4.59517e2	1.48657e1	1.24338e1	5.15037e1	9.74304e1	9.5929679e-2	8.3454904e-2	1.2021881e1	7.5358095e-1	
2026-06-09	10:58:44	4.58701e2	1.48484e1	1.24154e1	5.14971e1	9.74260e1	9.5806007e-2	8.3384151e-2	1.2063844e1	7.5483078e-1	
2026-06-09	10:58:45	4.58102e2	1.48247e1	1.23907e1	5.14904e1	9.74237e1	9.5716476e-2	8.3289861e-2	1.2064683e1	7.6580200e-1	
2026-06-09	10:58:45	4.56539e2	1.48133e1	1.23796e1	5.14971e1	9.74275e1	9.5487890e-2	8.3246526e-2	1.2047898e1	7.5762457e-1	
2026-06-09	10:58:46	4.55540e2	1.47941e1	1.23587e1	5.15004e1	9.74199e1	9.5331554e-2	8.3164100e-2	1.2035310e1	7.5605916e-1	
2026-06-09	10:58:46	4.54928e2	1.47648e1	1.23294e1	5.14904e1	9.74260e1	9.5248756e-2	8.3054542e-2	1.2030273e1	7.6206488e-1	
2026-06-09	10:58:47	4.55001e2	1.47634e1	1.23289e1	5.14904e1	9.74320e1	9.5265626e-2	8.3053951e-2	1.2026077e1	7.5489168e-1	
2026-06-09	10:58:47	4.55164e2	1.47533e1	1.23178e1	5.14971e1	9.74277e1	9.5283927e-2	8.3009185e-2	1.2051255e1	7.4875535e-1	
2026-06-09	10:58:48	4.53204e2	1.47361e1	1.22998e1	5.14971e1	9.74260e1	9.4991321e-2	8.2939682e-2	1.2058808e1	7.5977902e-1	
2026-06-09	10:58:48	4.51687e2	1.47255e1	1.22910e1	5.14904e1	9.74400e1	9.4781341e-2	8.2909822e-2	1.2034471e1	7.5234909e-1	
2026-06-09	10:58:49	4.51727e2	1.47151e1	1.22786e1	5.14937e1	9.74289e1	9.4775495e-2	8.2859458e-2	1.2057969e1	7.5223679e-1	
2026-06-09	10:58:49	4.51557e2	1.47398e1	1.23044e1	5.14971e1	9.74307e1	9.4751539e-2	8.2958221e-2	1.2063844e1	7.6338825e-1	
2026-06-09	10:58:50	4.51003e2	1.47505e1	1.23153e1	5.14971e1	9.74302e1	9.4668865e-2	8.3000068e-2	1.1992508e1	7.5600857e-1	
2026-06-09	10:58:50	4.50361e2	1.47219e1	1.22849e1	5.14971e1	9.74244e1	9.4567184e-2	8.2882165e-2	1.2047059e1	7.6063833e-1	
2026-06-09	10:58:51	4.50377e2	1.46768e1	1.22372e1	5.14971e1	9.74180e1	9.4562530e-2	8.2697982e-2	1.2047898e1	7.6642761e-1	
2026-06-09	10:58:51	4.50182e2	1.46544e1	1.22157e1	5.14904e1	9.74287e1	9.4545364e-2	8.2618713e-2	1.2033631e1	7.6310930e-1	
2026-06-09	10:58:52	4.49776e2	1.46721e1	1.22325e1	5.14904e1	9.74187e1	9.4475154e-2	8.2681236e-2	1.2006775e1	7.6094903e-1	
2026-06-09	10:58:52	4.49344e2	1.46623e1	1.22220e1	5.14871e1	9.74162e1	9.4408807e-2	8.2641067e-2	1.2039506e1	7.6126480e-1	
2026-06-09	10:58:53	4.49305e2	1.46642e1	1.22254e1	5.14937e1	9.74254e1	9.4410896e-2	8.2654590e-2	1.2064683e1	7.6732296e-1	
2026-06-09	10:58:53	4.49195e2	1.46677e1	1.22292e1	5.14937e1	9.74270e1	9.4395999e-2	8.2669734e-2	1.2007614e1	7.5920372e-1	
2026-06-09	10:58:54	4.49172e2	1.46521e1	1.22122e1	5.14837e1	9.74215e1	9.4389076e-2	8.2605123e-2	1.2051255e1	7.5980043e-1	
2026-06-09	10:58:54	4.48813e2	1.46500e1	1.22100e1	5.14871e1	9.74215e1	9.4334840e-2	8.2596187e-2	1.2053773e1	7.6508665e-1	
2026-06-09	10:58:55	4.48495e2	1.46475e1	1.22088e1	5.14904e1	9.74300e1	9.4295139e-2	8.2592544e-2	1.2026916e1	7.6167402e-1	
2026-06-09	10:58:55	4.49226e2	1.46470e1	1.22067e1	5.14937e1	9.74202e1	9.4393672e-2	8.2582235e-2	1.2032792e1	7.6019148e-1	
2026-06-09	10:58:56	4.48955e2	1.46502e1	1.22097e1	5.15004e1	9.74180e1	9.4349803e-2	8.2592010e-2	1.2063004e1	7.6159162e-1	
2026-06-09	10:58:56	4.48202e2	1.46468e1	1.22067e1	5.14904e1	9.74217e1	9.4243164e-2	8.2583131e-2	1.2058808e1	7.6933565e-1	
2026-06-09	10:58:57	4.47874e2	1.46411e1	1.22016e1	5.14837e1	9.74267e1	9.4200496e-2	8.2565488e-2	1.2031114e1	7.6189522e-1	
2026-06-09	10:58:57	4.48016e2	1.46329e1	1.21924e1	5.14971e1	9.74222e1	9.4214439e-2	8.2527160e-2	1.2035310e1	7.6020154e-1	
2026-06-09	10:58:58	4.48203e2	1.46263e1	1.21855e1	5.15004e1	9.74217e1	9.4240961e-2	8.2499980e-2	1.2044541e1	7.6246604e-1	
2026-06-09	10:58:58	4.48192e2	1.46296e1	1.21906e1	5.14904e1	9.74329e1	9.4252700e-2	8.2523527e-2	1.2056291e1	7.6436800e-1	
2026-06-09	10:58:59	4.48308e2	1.46381e1	1.21985e1	5.15004e1	9.74265e1	9.4261531e-2	8.2550640e-2	1.2010132e1	7.5712532e-1	
2026-06-09	10:58:59	4.47990e2	1.46364e1	1.21957e1	5.14971e1	9.74199e1	9.4208354e-2	8.2539377e-2	1.2047059e1	7.5981636e-1	
2026-06-09	10:59:00	4.47996e2	1.46243e1	1.21843e1	5.14904e1	9.74277e1	9.4218139e-2	8.2498369e-2	1.2078111e1	7.6945514e-1	
2026-06-09	10:59:00	4.48178e2	1.46288e1	1.21890e1	5.15004e1	9.74279e1	9.4243583e-2	8.2514648e-2	1.2031953e1	7.6336193e-1	
2026-06-09	10:59:01	4.48266e2	1.46285e1	1.21872e1	5.15004e1	9.74177e1	9.4246501e-2	8.2505588e-2	1.2001739e1	7.6156477e-1	
2026-06-09	10:59:01	4.48266e2	1.46285e1	1.21872e1	5.15004e1	9.74177e1	9.4246501e-2	8.2505588e-2	1.2001739e1	7.6156477e-1	
2026-06-09	10:59:02	4.48231e2	1.46148e1	1.21731e1	5.14904e1	9.74192e1	9.4244661e-2	8.2453908e-2	1.2044541e1	7.6255912e-1	
2026-06-09	10:59:02	4.47781e2	1.46279e1	1.21886e1	5.14971e1	9.74312e1	9.4188156e-2	8.2514467e-2	1.2007614e1	7.5674648e-1	
2026-06-09	10:59:03	4.47366e2	1.46129e1	1.21713e1	5.14937e1	9.74202e1	9.4115848e-2	8.2446756e-2	1.2068040e1	7.5910449e-1	
2026-06-09	10:59:03	4.47632e2	1.46118e1	1.21709e1	5.14871e1	9.74252e1	9.4161806e-2	8.2447347e-2	1.2056291e1	7.6838550e-1	
2026-06-09	10:59:04	4.47608e2	1.46176e1	1.21775e1	5.14937e1	9.74287e1	9.4160442e-2	8.2471790e-2	1.2020202e1	7.6064963e-1	
2026-06-09	10:59:04	4.47504e2	1.46230e1	1.21820e1	5.14937e1	9.74219e1	9.4138326e-2	8.2488059e-2	1.2047898e1	7.5871076e-1	
2026-06-09	10:59:05	4.47877e2	1.46286e1	1.21875e1	5.14937e1	9.74197e1	9.4191732e-2	8.2508449e-2	1.2039506e1	7.6359772e-1	
2026-06-09	10:59:05	4.47739e2	1.46216e1	1.21820e1	5.15037e1	9.74307e1	9.4179992e-2	8.2487697e-2	1.2055451e1	7.5998349e-1	
2026-06-09	10:59:06	4.47344e2	1.46151e1	1.21757e1	5.15004e1	9.74337e1	9.4124612e-2	8.2464752e-2	1.2047898e1	7.4580135e-1	
2026-06-09	10:59:06	4.47597e2	1.46109e1	1.21709e1	5.14937e1	9.74307e1	9.4160737e-2	8.2447109e-2	1.2065522e1	7.5782494e-1	
2026-06-09	10:59:07	4.47657e2	1.46194e1	1.21813e1	5.14904e1	9.74412e1	9.4180946e-2	8.2489490e-2	1.2006775e1	7.4587202e-1	
2026-06-09	10:59:07	4.46500e2	1.46178e1	1.21789e1	5.14971e1	9.74362e1	9.4001712e-2	8.2478227e-2	1.2049577e1	7.5473785e-1	
2026-06-09	10:59:08	4.48289e2	1.46026e1	1.21967e1	5.14971e1	9.76519e1	9.4483852e-2	8.2588138e-2	1.2031114e1	7.5343837e-1	
2026-06-09	10:59:08	4.48839e2	1.46318e1	1.21945e1	5.14937e1	9.74432e1	9.4358739e-2	8.2539978e-2	1.2073075e1	7.3947854e-1	
2026-06-09	10:59:09	4.46357e2	1.46218e1	1.21836e1	5.14971e1	9.74400e1	9.3984127e-2	8.2496881e-2	1.2052094e1	7.5576062e-1	
2026-06-09	10:59:09	4.76442e2	1.53090e1	1.28837e1	5.14971e1	9.74415e1	9.8419666e-2	8.5205316e-2	1.2005935e1	7.4406633e-1	
2026-06-09	10:59:10	4.93593e2	1.58126e1	1.33781e1	5.14937e1	9.74349e1	1.0087984e-1	8.7152242e-2	1.2080628e1	7.5214080e-1	
2026-06-09	10:59:10	4.71291e2	1.53649e1	1.29397e1	5.14937e1	9.74432e1	9.7675380e-2	8.5425262e-2	1.2034471e1	7.4920454e-1	
2026-06-09	10:59:11	4.59747e2	1.50211e1	1.25920e1	5.14937e1	9.74292e1	9.5966453e-2	8.4068059e-2	1.2068040e1	7.4879193e-1	
2026-06-09	10:59:11	4.59014e2	1.49610e1	1.25306e1	5.14904e1	9.74275e1	9.5856485e-2	8.3830718e-2	1.2046220e1	7.6345643e-1	
2026-06-09	10:59:12	4.59069e2	1.49516e1	1.25221e1	5.14837e1	9.74337e1	9.5872163e-2	8.3800020e-2	1.2016006e1	7.5097885e-1	
2026-06-09	10:59:12	4.59053e2	1.49317e1	1.25010e1	5.14904e1	9.74289e1	9.5863399e-2	8.3716449e-2	1.2051255e1	7.5347428e-1	
2026-06-09	10:59:13	4.57671e2	1.48996e1	1.24686e1	5.14937e1	9.74315e1	9.5660867e-2	8.3591346e-2	1.2047059e1	7.6460928e-1	
2026-06-09	10:59:13	4.56633e2	1.48767e1	1.24454e1	5.14904e1	9.74327e1	9.5509233e-2	8.3502473e-2	1.2010971e1	7.5383911e-1	
2026-06-09	10:59:14	4.56233e2	1.48585e1	1.24260e1	5.14871e1	9.74277e1	9.5445451e-2	8.3427314e-2	1.2052094e1	7.5385847e-1	
2026-06-09	10:59:14	4.55627e2	1.48368e1	1.24036e1	5.14904e1	9.74272e1	9.5354375e-2	8.3340406e-2	1.2042024e1	7.6589889e-1	
2026-06-09	10:59:15	4.55180e2	1.48212e1	1.23885e1	5.14904e1	9.74327e1	9.5293521e-2	8.3283309e-2	1.2031953e1	7.6063399e-1	
2026-06-09	10:59:15	4.54677e2	1.48051e1	1.23704e1	5.14937e1	9.74227e1	9.5208168e-2	8.3211059e-2	1.2035310e1	7.5957255e-1	
2026-06-09	10:59:16	4.54119e2	1.47897e1	1.23545e1	5.14971e1	9.74219e1	9.5123767e-2	8.3148899e-2	1.2058808e1	7.6253886e-1	
2026-06-09	10:59:16	4.53563e2	1.47663e1	1.23312e1	5.14971e1	9.74275e1	9.5046577e-2	8.3060684e-2	1.2044541e1	7.6359963e-1	
2026-06-09	10:59:17	4.53605e2	1.47550e1	1.23195e1	5.14904e1	9.74272e1	9.5053730e-2	8.3016691e-2	1.1997543e1	7.5484294e-1	
2026-06-09	10:59:17	4.53474e2	1.47552e1	1.23184e1	5.14937e1	9.74187e1	9.5025119e-2	8.3010082e-2	1.2057969e1	7.5987696e-1	
2026-06-09	10:59:18	4.52655e2	1.47400e1	1.23032e1	5.14971e1	9.74219e1	9.4905967e-2	8.2951965e-2	1.2068879e1	7.6956849e-1	
2026-06-09	10:59:18	4.52207e2	1.47328e1	1.22965e1	5.14904e1	9.74262e1	9.4844932e-2	8.2928180e-2	1.2015167e1	7.6038093e-1	
2026-06-09	10:59:19	4.52007e2	1.47242e1	1.22870e1	5.14904e1	9.74225e1	9.4811382e-2	8.2891101e-2	1.2040345e1	7.5863904e-1	
2026-06-09	10:59:19	4.51755e2	1.47124e1	1.22750e1	5.14937e1	9.74237e1	9.4774360e-2	8.2844371e-2	1.2036149e1	7.6289300e-1	
2026-06-09	10:59:20	4.51699e2	1.47039e1	1.22668e1	5.14937e1	9.74275e1	9.4769716e-2	8.2813920e-2	1.2053773e1	7.6098442e-1	
2026-06-09	10:59:20	4.51532e2	1.47003e1	1.22636e1	5.14937e1	9.74310e1	9.4748258e-2	8.2802181e-2	1.2014328e1	7.4693102e-1	
2026-06-09	10:59:21	4.51347e2	1.46895e1	1.22519e1	5.14971e1	9.74277e1	9.4716787e-2	8.2756099e-2	1.2056291e1	7.5712041e-1	
2026-06-09	10:59:21	4.51710e2	1.46802e1	1.22447e1	5.15037e1	9.74429e1	9.4784555e-2	8.2730350e-2	1.2016006e1	7.5406622e-1	
2026-06-09	10:59:22	4.51828e2	1.46815e1	1.22439e1	5.14937e1	9.74294e1	9.4790573e-2	8.2726478e-2	1.2046220e1	7.5141811e-1	
2026-06-09	10:59:22	4.51828e2	1.46815e1	1.22439e1	5.14937e1	9.74294e1	9.4790573e-2	8.2726478e-2	1.2046220e1	7.5141811e-1	
2026-06-09	10:59:23	4.51105e2	1.46728e1	1.22353e1	5.14871e1	9.74320e1	9.4686803e-2	8.2694950e-2	1.2050416e1	7.6137423e-1	
2026-06-09	10:59:23	4.50513e2	1.46664e1	1.22276e1	5.14971e1	9.74252e1	9.4589948e-2	8.2662639e-2	1.2072236e1	7.5494585e-1	
2026-06-09	10:59:24	4.50431e2	1.46670e1	1.22278e1	5.14971e1	9.74227e1	9.4575290e-2	8.2662820e-2	1.2065522e1	7.6609115e-1	
2026-06-09	10:59:24	4.50752e2	1.46573e1	1.22192e1	5.14971e1	9.74320e1	9.4632091e-2	8.2631587e-2	1.2011810e1	7.5755462e-1	
2026-06-09	10:59:25	4.50912e2	1.46524e1	1.22136e1	5.14971e1	9.74287e1	9.4652652e-2	8.2609710e-2	1.2033631e1	7.5586028e-1	
2026-06-09	10:59:25	4.50469e2	1.46564e1	1.22179e1	5.14937e1	9.74294e1	9.4588165e-2	8.2626705e-2	1.2065522e1	7.6228733e-1	
2026-06-09	10:59:26	4.50182e2	1.46593e1	1.22214e1	5.15004e1	9.74329e1	9.4547567e-2	8.2639751e-2	1.2044541e1	7.5400390e-1	
2026-06-09	10:59:26	4.50183e2	1.46477e1	1.22083e1	5.15004e1	9.74260e1	9.4540596e-2	8.2588253e-2	1.2055451e1	7.5428647e-1	
2026-06-09	10:59:27	4.50032e2	1.46423e1	1.22025e1	5.14937e1	9.74247e1	9.4518241e-2	8.2566852e-2	1.2063844e1	7.6471405e-1	
2026-06-09	10:59:27	4.49987e2	1.46533e1	1.22145e1	5.14937e1	9.74284e1	9.4515323e-2	8.2613582e-2	1.2021881e1	7.5791401e-1	
2026-06-09	10:59:28	4.49705e2	1.46478e1	1.22083e1	5.14937e1	9.74252e1	9.4470138e-2	8.2589263e-2	1.2054612e1	7.5431747e-1	
2026-06-09	10:59:28	4.49785e2	1.46371e1	1.21974e1	5.14904e1	9.74262e1	9.4483556e-2	8.2548084e-2	1.2063844e1	7.6193456e-1	
2026-06-09	10:59:29	4.49989e2	1.46373e1	1.21990e1	5.14871e1	9.74355e1	9.4523792e-2	8.2556905e-2	1.2017685e1	7.5440406e-1	
2026-06-09	10:59:29	4.49862e2	1.46352e1	1.21955e1	5.14904e1	9.74270e1	9.4495716e-2	8.2541170e-2	1.2050416e1	7.5211782e-1	
2026-06-09	10:59:30	4.49784e2	1.46326e1	1.21933e1	5.14937e1	9.74300e1	9.4486351e-2	8.2532587e-2	1.2066361e1	7.6446290e-1	
2026-06-09	10:59:30	4.49669e2	1.46404e1	1.22018e1	5.14904e1	9.74327e1	9.4472827e-2	8.2566318e-2	1.2009292e1	7.5518617e-1	
2026-06-09	10:59:31	4.49974e2	1.46324e1	1.21927e1	5.14871e1	9.74272e1	9.4513301e-2	8.2530860e-2	1.2048738e1	7.5376205e-1	
2026-06-09	10:59:31	4.50006e2	1.46269e1	1.21872e1	5.14971e1	9.74287e1	9.4517469e-2	8.2508325e-2	1.2065522e1	7.6406135e-1	
2026-06-09	10:59:32	4.49610e2	1.46307e1	1.21920e1	5.14971e1	9.74345e1	9.4464187e-2	8.2527875e-2	1.1997543e1	7.5463247e-1	
2026-06-09	10:59:32	4.49531e2	1.46264e1	1.21863e1	5.14904e1	9.74265e1	9.4445886e-2	8.2505941e-2	1.2061326e1	7.5641512e-1	
2026-06-09	10:59:33	4.49691e2	1.46295e1	1.21897e1	5.14937e1	9.74275e1	9.4470024e-2	8.2518520e-2	1.2063844e1	7.6535849e-1	
2026-06-09	10:59:33	4.49459e2	1.46301e1	1.21914e1	5.15037e1	9.74345e1	9.4440402e-2	8.2524538e-2	1.2013489e1	7.5757284e-1	
2026-06-09	10:59:34	4.49612e2	1.46246e1	1.21846e1	5.14971e1	9.74272e1	9.4457206e-2	8.2498073e-2	1.2050416e1	7.5548787e-1	
2026-06-09	10:59:34	4.49894e2	1.46245e1	1.21842e1	5.14904e1	9.74260e1	9.4499406e-2	8.2497777e-2	1.2050416e1	7.6235656e-1	
2026-06-09	10:59:35	4.49612e2	1.46293e1	1.21908e1	5.14904e1	9.74359e1	9.4467344e-2	8.2525014e-2	1.2026077e1	7.5479202e-1	
2026-06-09	10:59:35	4.49541e2	1.46312e1	1.21916e1	5.14971e1	9.74282e1	9.4447793e-2	8.2525138e-2	1.2068879e1	7.5100002e-1	
2026-06-09	10:59:36	4.49499e2	1.46188e1	1.21787e1	5.14971e1	9.74284e1	9.4441595e-2	8.2475776e-2	1.2061326e1	7.6429777e-1	
2026-06-09	10:59:36	4.49592e2	1.46175e1	1.21781e1	5.15004e1	9.74332e1	9.4459533e-2	8.2473993e-2	1.2000061e1	7.5335688e-1	
2026-06-09	10:59:37	4.49992e2	1.46277e1	1.21878e1	5.15037e1	9.74277e1	9.4512939e-2	8.2509403e-2	1.2065522e1	7.5451827e-1	
2026-06-09	10:59:37	4.49604e2	1.46187e1	1.21796e1	5.14971e1	9.74347e1	9.4463529e-2	8.2480487e-2	1.2069718e1	7.6494264e-1	
2026-06-09	10:59:38	4.49295e2	1.46138e1	1.21750e1	5.14904e1	9.74382e1	9.4422225e-2	8.2464809e-2	1.1995865e1	7.5694313e-1	
2026-06-09	10:59:38	4.49517e2	1.46222e1	1.21815e1	5.14837e1	9.74242e1	9.4442844e-2	8.2488355e-2	1.2040345e1	7.5867409e-1	
2026-06-09	10:59:39	4.49488e2	1.46200e1	1.21787e1	5.14904e1	9.74199e1	9.4432888e-2	8.2475299e-2	1.2061326e1	7.6554899e-1	
2026-06-09	10:59:39	4.49273e2	1.46210e1	1.21814e1	5.15004e1	9.74312e1	9.4409999e-2	8.2486152e-2	1.2053773e1	7.5977635e-1	
2026-06-09	10:59:40	4.48808e2	1.46219e1	1.21815e1	5.14937e1	9.74262e1	9.4337100e-2	8.2486925e-2	1.2000900e1	7.6254997e-1	
2026-06-09	10:59:40	4.49814e2	1.46094e1	1.21936e1	5.14904e1	9.75867e1	9.4647769e-2	8.2564830e-2	1.2032792e1	7.6154804e-1	
2026-06-09	10:59:41	4.48848e2	1.46017e1	1.21664e1	5.14937e1	9.74635e1	9.4379901e-2	8.2436084e-2	1.2059648e1	7.6125121e-1	
2026-06-09	10:59:41	4.50754e2	1.46594e1	1.22206e1	5.15004e1	9.74265e1	9.4626245e-2	8.2635164e-2	1.2016006e1	7.5125832e-1	
2026-06-09	10:59:42	4.90076e2	1.53534e1	1.29254e1	5.14971e1	9.74252e1	1.0036188e-1	8.5365180e-2	1.2052094e1	7.5773105e-1	
2026-06-09	10:59:42	5.14431e2	1.58707e1	1.34345e1	5.14871e1	9.74355e1	1.0381227e-1	8.7377662e-2	1.2047059e1	7.5932769e-1	
2026-06-09	10:59:43	4.87861e2	1.54960e1	1.30665e1	5.14971e1	9.74240e1	1.0004621e-1	8.5918540e-2	1.2033631e1	7.5249285e-1	
2026-06-09	10:59:43	4.69439e2	1.51178e1	1.26893e1	5.15037e1	9.74257e1	9.7382307e-2	8.4443035e-2	1.2052094e1	7.5824589e-1	
2026-06-09	10:59:44	4.66400e2	1.50236e1	1.25957e1	5.14971e1	9.74367e1	9.6949996e-2	8.4083137e-2	1.2008453e1	7.5434026e-1	
2026-06-09	10:59:44	4.65379e2	1.50046e1	1.25755e1	5.14904e1	9.74304e1	9.6795320e-2	8.4004764e-2	1.2049577e1	7.4491786e-1	
2026-06-09	10:59:45	4.64395e2	1.49659e1	1.25365e1	5.14971e1	9.74335e1	9.6652393e-2	8.3853483e-2	1.2064683e1	7.6128082e-1	
2026-06-09	10:59:45	4.63070e2	1.48950e1	1.24646e1	5.14971e1	9.74359e1	9.6459627e-2	8.3576087e-2	1.2035310e1	7.4970035e-1	
2026-06-09	10:59:46	4.62015e2	1.48652e1	1.24334e1	5.14937e1	9.74317e1	9.6300716e-2	8.3455562e-2	1.2037827e1	7.5468516e-1	
2026-06-09	10:59:46	4.61075e2	1.48603e1	1.24292e1	5.14904e1	9.74367e1	9.6168155e-2	8.3440961e-2	1.2053773e1	7.5938873e-1	
2026-06-09	10:59:47	4.60104e2	1.48535e1	1.24217e1	5.14904e1	9.74332e1	9.6021652e-2	8.3411331e-2	1.2012649e1	7.4889140e-1	
2026-06-09	10:59:47	4.59285e2	1.48334e1	1.24009e1	5.14904e1	9.74320e1	9.5899400e-2	8.3330688e-2	1.2031953e1	7.5920195e-1	
2026-06-09	10:59:48	4.59104e2	1.48062e1	1.23738e1	5.14904e1	9.74372e1	9.5877647e-2	8.3227338e-2	1.2039506e1	7.5887460e-1	
2026-06-09	10:59:48	4.58464e2	1.47921e1	1.23573e1	5.14937e1	9.74240e1	9.5769042e-2	8.3160638e-2	1.2031953e1	7.5627083e-1	
2026-06-09	10:59:49	4.57345e2	1.47652e1	1.23297e1	5.14971e1	9.74252e1	9.5604124e-2	8.3054180e-2	1.2054612e1	7.6128935e-1	
2026-06-09	10:59:49	4.57345e2	1.47652e1	1.23297e1	5.14971e1	9.74252e1	9.5604124e-2	8.3054180e-2	1.2054612e1	7.6128935e-1	
2026-06-09	10:59:50	4.57152e2	1.47604e1	1.23255e1	5.14971e1	9.74300e1	9.5580215e-2	8.3038988e-2	1.2059648e1	7.6005601e-1	
2026-06-09	10:59:50	4.56172e2	1.47433e1	1.23061e1	5.15004e1	9.74189e1	9.5423402e-2	8.2961854e-2	1.2057969e1	7.6078109e-1	
2026-06-09	10:59:51	4.55782e2	1.47313e1	1.22943e1	5.14937e1	9.74219e1	9.5369997e-2	8.2918224e-2	1.2052094e1	7.6886663e-1	
2026-06-09	10:59:51	4.55211e2	1.47268e1	1.22902e1	5.14971e1	9.74262e1	9.5288991e-2	8.2902851e-2	1.2021042e1	7.6051616e-1	
2026-06-09	10:59:52	4.54742e2	1.47146e1	1.22768e1	5.14971e1	9.74207e1	9.5213947e-2	8.2850160e-2	1.2039506e1	7.5720357e-1	
2026-06-09	10:59:52	4.54118e2	1.47024e1	1.22656e1	5.14904e1	9.74297e1	9.5131692e-2	8.2810106e-2	1.2047898e1	7.6260571e-1	
2026-06-09	10:59:53	4.53991e2	1.47101e1	1.22747e1	5.15004e1	9.74370e1	9.5118103e-2	8.2844619e-2	1.2031114e1	7.5394906e-1	
2026-06-09	10:59:53	4.54072e2	1.47040e1	1.22670e1	5.14970e1	9.74279e1	9.5121746e-2	8.2814035e-2	1.2052094e1	7.4820275e-1	
2026-06-09	10:59:54	4.54059e2	1.46766e1	1.22394e1	5.14871e1	9.74327e1	9.5126333e-2	8.2710981e-2	1.2063844e1	7.5957159e-1	
2026-06-09	10:59:54	4.53802e2	1.46773e1	1.22416e1	5.15004e1	9.74424e1	9.5095214e-2	8.2718963e-2	1.2021881e1	7.5110015e-1	
2026-06-09	10:59:55	4.53902e2	1.46853e1	1.22484e1	5.15037e1	9.74329e1	9.5099983e-2	8.2742509e-2	1.2048738e1	7.5264348e-1	
2026-06-09	10:59:55	4.53438e2	1.46727e1	1.22360e1	5.14937e1	9.74372e1	9.5037403e-2	8.2697505e-2	1.2050416e1	7.6368622e-1	
2026-06-09	10:59:56	4.52942e2	1.46690e1	1.22315e1	5.14904e1	9.74327e1	9.4959793e-2	8.2679986e-2	1.2029434e1	7.5272884e-1	
2026-06-09	10:59:56	4.52849e2	1.46636e1	1.22245e1	5.14904e1	9.74240e1	9.4937143e-2	8.2651500e-2	1.2052934e1	7.5791759e-1	
2026-06-09	10:59:57	4.52446e2	1.46529e1	1.22138e1	5.14971e1	9.74260e1	9.4877901e-2	8.2609710e-2	1.2040345e1	7.6711406e-1	
2026-06-09	10:59:57	4.52293e2	1.46523e1	1.22140e1	5.14937e1	9.74317e1	9.4861507e-2	8.2612400e-2	1.2009292e1	7.6041517e-1	
2026-06-09	10:59:58	4.52291e2	1.46581e1	1.22189e1	5.14970e1	9.74244e1	9.4853458e-2	8.2628908e-2	1.2031114e1	7.5846376e-1	
2026-06-09	10:59:58	4.52051e2	1.46471e1	1.22074e1	5.15004e1	9.74242e1	9.4816684e-2	8.2584381e-2	1.2051255e1	7.6225233e-1	
2026-06-09	10:59:59	4.51814e2	1.46384e1	1.21991e1	5.14937e1	9.74282e1	9.4786701e-2	8.2554340e-2	1.2020202e1	7.5996532e-1	
2026-06-09	10:59:59	4.51785e2	1.46449e1	1.22066e1	5.14904e1	9.74329e1	9.4788017e-2	8.2584619e-2	1.2039506e1	7.4605841e-1	
2026-06-09	11:0:00	4.51679e2	1.46381e1	1.22001e1	5.14937e1	9.74367e1	9.4775199e-2	8.2559947e-2	1.2072236e1	7.5755014e-1	
2026-06-09	11:0:00	4.51393e2	1.46276e1	1.21907e1	5.14937e1	9.74464e1	9.4742355e-2	8.2525787e-2	1.2020202e1	7.4967408e-1	
2026-06-09	11:0:01	4.51158e2	1.46310e1	1.21914e1	5.14971e1	9.74284e1	9.4688711e-2	8.2524538e-2	1.2047059e1	7.5212373e-1	
2026-06-09	11:0:01	4.51158e2	1.46310e1	1.21914e1	5.14971e1	9.74284e1	9.4688711e-2	8.2524538e-2	1.2047059e1	7.5212373e-1	
2026-06-09	11:0:02	4.50759e2	1.46288e1	1.21905e1	5.15004e1	9.74374e1	9.4637575e-2	8.2522211e-2	1.2055451e1	7.6126518e-1	
2026-06-09	11:0:02	4.50905e2	1.46251e1	1.21846e1	5.14904e1	9.74244e1	9.4648303e-2	8.2498912e-2	1.2057130e1	7.5742664e-1	
2026-06-09	11:0:03	4.50679e2	1.46229e1	1.21843e1	5.14871e1	9.74367e1	9.4627676e-2	8.2500696e-2	1.2070558e1	7.6442251e-1	
2026-06-09	11:0:03	4.50457e2	1.46233e1	1.21844e1	5.14904e1	9.74349e1	9.4592151e-2	8.2500095e-2	1.2007614e1	7.5510735e-1	
2026-06-09	11:0:04	4.50511e2	1.46206e1	1.21800e1	5.14937e1	9.74247e1	9.4589233e-2	8.2480907e-2	1.2062165e1	7.5872797e-1	
2026-06-09	11:0:04	4.50189e2	1.46238e1	1.21848e1	5.14937e1	9.74347e1	9.4551382e-2	8.2501230e-2	1.2068879e1	7.6854090e-1	
2026-06-09	11:0:05	4.49860e2	1.46240e1	1.21990e1	5.14971e1	9.75244e1	9.4591321e-2	8.2572402e-2	1.2003418e1	7.5631470e-1	
2026-06-09	11:0:05	4.46387e2	1.45871e1	1.21605e1	5.14937e1	9.75232e1	9.4071502e-2	8.2425231e-2	1.2030273e1	7.5603981e-1	
2026-06-09	11:0:06	4.58169e2	1.46939e1	1.22641e1	5.14871e1	9.74762e1	9.5778465e-2	8.2814035e-2	1.2052934e1	7.6243329e-1	
2026-06-09	11:0:06	5.06942e2	1.52583e1	1.28316e1	5.14971e1	9.74329e1	1.0275298e-1	8.5000152e-2	1.2037827e1	7.6153717e-1	
2026-06-09	11:0:07	5.53305e2	1.58349e1	1.33981e1	5.15037e1	9.74240e1	1.0909777e-1	8.7227230e-2	1.2001739e1	7.5842380e-1	
2026-06-09	11:0:07	5.38784e2	1.57384e1	1.33041e1	5.14971e1	9.74225e1	1.0713940e-1	8.6855411e-2	1.2027755e1	7.5985231e-1	
2026-06-09	11:0:08	4.92833e2	1.52431e1	1.28168e1	5.14904e1	9.74352e1	1.0076498e-1	8.4944009e-2	1.2047898e1	7.6090259e-1	
2026-06-09	11:0:08	4.73321e2	1.49768e1	1.25476e1	5.14971e1	9.74329e1	9.7954158e-2	8.3896274e-2	1.2023559e1	7.5112051e-1	
2026-06-09	11:0:09	4.74248e2	1.49595e1	1.25288e1	5.15037e1	9.74254e1	9.8079204e-2	8.3820762e-2	1.2040345e1	7.5679349e-1	
2026-06-09	11:0:09	4.75211e2	1.49625e1	1.25335e1	5.14971e1	9.74357e1	9.8230838e-2	8.3842039e-2	1.2035310e1	7.6003360e-1	
2026-06-09	11:0:10	4.73640e2	1.49436e1	1.25134e1	5.14904e1	9.74304e1	9.7998857e-2	8.3764553e-2	1.2029434e1	7.4871821e-1	
2026-06-09	11:0:10	4.72460e2	1.49141e1	1.24831e1	5.14971e1	9.74292e1	9.7824335e-2	8.3646059e-2	1.2048738e1	7.5724039e-1	
2026-06-09	11:0:11	4.70668e2	1.48850e1	1.24547e1	5.15037e1	9.74382e1	9.7571258e-2	8.3537044e-2	1.2016006e1	7.5117068e-1	
2026-06-09	11:0:11	4.67942e2	1.48611e1	1.24294e1	5.15004e1	9.74322e1	9.7167968e-2	8.3438816e-2	1.2049577e1	7.4608964e-1	
2026-06-09	11:0:12	4.66453e2	1.48376e1	1.24058e1	5.14937e1	9.74357e1	9.6955060e-2	8.3349647e-2	1.2062165e1	7.6282768e-1	
2026-06-09	11:0:12	4.64837e2	1.48212e1	1.23892e1	5.14937e1	9.74372e1	9.6719799e-2	8.3286285e-2	1.2026077e1	7.5021786e-1	
2026-06-09	11:0:13	4.63435e2	1.48011e1	1.23682e1	5.14971e1	9.74347e1	9.6510705e-2	8.3204154e-2	1.2047059e1	7.5346612e-1	
2026-06-09	11:0:13	4.62800e2	1.47814e1	1.23472e1	5.14971e1	9.74302e1	9.6412715e-2	8.3122673e-2	1.2062165e1	7.6312675e-1	
2026-06-09	11:0:14	4.61140e2	1.47665e1	1.23321e1	5.14904e1	9.74320e1	9.6171741e-2	8.3066225e-2	1.2005935e1	7.5629258e-1	
2026-06-09	11:0:14	4.60308e2	1.47577e1	1.23218e1	5.14904e1	9.74237e1	9.6040840e-2	8.3024740e-2	1.2061326e1	7.5874214e-1	
2026-06-09	11:0:15	4.59490e2	1.47437e1	1.23075e1	5.14971e1	9.74250e1	9.5919971e-2	8.2968893e-2	1.2030273e1	7.6679186e-1	
2026-06-09	11:0:15	4.58555e2	1.47325e1	1.22968e1	5.14971e1	9.74302e1	9.5787343e-2	8.2928714e-2	1.2047059e1	7.6270098e-1	
2026-06-09	11:0:16	4.58133e2	1.47166e1	1.22787e1	5.15037e1	9.74195e1	9.5712661e-2	8.2856063e-2	1.2015167e1	7.5988798e-1	
2026-06-09	11:0:16	4.57327e2	1.46977e1	1.22595e1	5.15004e1	9.74217e1	9.5596370e-2	8.2783460e-2	1.2057969e1	7.6130304e-1	
2026-06-09	11:0:17	4.56223e2	1.46926e1	1.22554e1	5.14937e1	9.74294e1	9.5442237e-2	8.2770643e-2	1.2057130e1	7.6546134e-1	
2026-06-09	11:0:17	4.55252e2	1.46964e1	1.22597e1	5.14971e1	9.74315e1	9.5300016e-2	8.2786674e-2	1.2025238e1	7.5502276e-1	
2026-06-09	11:0:18	4.55094e2	1.46925e1	1.22542e1	5.14971e1	9.74222e1	9.5267181e-2	8.2763786e-2	1.2056291e1	7.5834326e-1	
2026-06-09	11:0:18	4.54561e2	1.46730e1	1.22351e1	5.14971e1	9.74294e1	9.5195350e-2	8.2692146e-2	1.2042024e1	7.6638751e-1	
2026-06-09	11:0:19	4.54012e2	1.46692e1	1.22318e1	5.14937e1	9.74329e1	9.5118103e-2	8.2680587e-2	1.2011810e1	7.5699148e-1	
2026-06-09	11:0:19	4.53774e2	1.46625e1	1.22239e1	5.14937e1	9.74272e1	9.5076980e-2	8.2649412e-2	1.2058808e1	7.5665006e-1	
2026-06-09	11:0:20	4.53289e2	1.46486e1	1.22090e1	5.14971e1	9.74242e1	9.5001163e-2	8.2591056e-2	1.2059648e1	7.6448540e-1	
2026-06-09	11:0:20	4.52677e2	1.46491e1	1.22109e1	5.14904e1	9.74332e1	9.4920816e-2	8.2601432e-2	1.2028595e1	7.5607776e-1	
2026-06-09	11:0:21	4.52597e2	1.46513e1	1.22126e1	5.14937e1	9.74289e1	9.4903945e-2	8.2606258e-2	1.2078111e1	7.4853844e-1	
2026-06-09	11:0:21	4.52531e2	1.46421e1	1.22043e1	5.14971e1	9.74370e1	9.4901323e-2	8.2575502e-2	1.2066361e1	7.6173009e-1	
2026-06-09	11:0:22	4.51908e2	1.46371e1	1.21990e1	5.14937e1	9.74365e1	9.4808940e-2	8.2555589e-2	1.1988311e1	7.4982547e-1	
2026-06-09	11:0:22	4.51330e2	1.46382e1	1.21994e1	5.14904e1	9.74320e1	9.4719228e-2	8.2556905e-2	1.2042024e1	7.5301294e-1	
2026-06-09	11:0:23	4.51009e2	1.46398e1	1.22020e1	5.14937e1	9.74374e1	9.4676313e-2	8.2567272e-2	1.2052934e1	7.5820016e-1	
2026-06-09	11:0:23	4.50926e2	1.46364e1	1.21978e1	5.15004e1	9.74335e1	9.4658613e-2	8.2549333e-2	1.2037827e1	7.4561653e-1	
2026-06-09	11:0:24	4.50797e2	1.46313e1	1.21926e1	5.14971e1	9.74342e1	9.4640731e-2	8.2530260e-2	1.2047059e1	7.5730485e-1	
2026-06-09	11:0:24	4.50136e2	1.46258e1	1.21885e1	5.14904e1	9.74445e1	9.4553890e-2	8.2517623e-2	1.2010132e1	7.4773063e-1	
2026-06-09	11:0:25	4.50340e2	1.46159e1	1.21770e1	5.14904e1	9.74362e1	9.4575939e-2	8.2471904e-2	1.2052094e1	7.4948749e-1	
2026-06-09	11:0:25	4.50635e2	1.46089e1	1.21699e1	5.14971e1	9.74380e1	9.4620113e-2	8.2444076e-2	1.2061326e1	7.6112833e-1	
2026-06-09	11:0:26	4.50040e2	1.46127e1	1.21732e1	5.14937e1	9.74339e1	9.4528312e-2	8.2456474e-2	1.2001739e1	7.4915528e-1	
2026-06-09	11:0:26	4.49526e2	1.46175e1	1.21775e1	5.14904e1	9.74294e1	9.4447975e-2	8.2472686e-2	1.2052094e1	7.5751900e-1	
2026-06-09	11:0:27	4.49378e2	1.46125e1	1.21728e1	5.14971e1	9.74329e1	9.4428005e-2	8.2454385e-2	1.2054612e1	7.6436328e-1	
2026-06-09	11:0:27	4.49267e2	1.46089e1	1.21681e1	5.14871e1	9.74267e1	9.4407262e-2	8.2436800e-2	1.1999221e1	7.5743188e-1	
2026-06-09	11:0:28	4.48793e2	1.46069e1	1.21651e1	5.14871e1	9.74209e1	9.4330787e-2	8.2424402e-2	1.2058808e1	7.5838999e-1	
2026-06-09	11:0:28	4.48849e2	1.46045e1	1.21639e1	5.14937e1	9.74287e1	9.4345388e-2	8.2419872e-2	1.2062165e1	7.6529827e-1	
2026-06-09	11:0:29	4.49064e2	1.46089e1	1.21690e1	5.15037e1	9.74320e1	9.4378709e-2	8.2438287e-2	1.2016006e1	7.5731701e-1	
2026-06-09	11:0:29	4.48739e2	1.46045e1	1.21637e1	5.15004e1	9.74277e1	9.4326734e-2	8.2417850e-2	1.2047059e1	7.5627021e-1	
2026-06-09	11:0:30	4.48665e2	1.46038e1	1.21626e1	5.14937e1	9.74247e1	9.4313983e-2	8.2414093e-2	1.2057969e1	7.6295404e-1	
2026-06-09	11:0:30	4.48633e2	1.46117e1	1.21716e1	5.14904e1	9.74302e1	9.4315528e-2	8.2450332e-2	1.2034471e1	7.5891213e-1	
2026-06-09	11:0:31	4.48778e2	1.46054e1	1.21643e1	5.14971e1	9.74254e1	9.4330902e-2	8.2420291e-2	1.1998382e1	7.5950613e-1	
2026-06-09	11:0:31	4.48454e2	1.45953e1	1.21533e1	5.14937e1	9.74222e1	9.4280004e-2	8.2378273e-2	1.2052094e1	7.6142625e-1	
2026-06-09	11:0:32	4.48111e2	1.45965e1	1.21591e1	5.14904e1	9.74512e1	9.4258308e-2	8.2406578e-2	1.2063004e1	7.6229948e-1	
2026-06-09	11:0:32	4.48371e2	1.46015e1	1.21644e1	5.14904e1	9.74517e1	9.4297704e-2	8.2426910e-2	1.2023559e1	7.5175480e-1	
2026-06-09	11:0:33	4.48651e2	1.46022e1	1.21647e1	5.14904e1	9.74497e1	9.4337520e-2	8.2427797e-2	1.2035310e1	7.5871429e-1	
2026-06-09	11:0:33	4.50761e2	1.46821e1	1.22480e1	5.14904e1	9.74520e1	9.4655094e-2	8.2747220e-2	1.2021881e1	7.6051712e-1	
2026-06-09	11:0:34	4.54466e2	1.48118e1	1.23930e1	5.14871e1	9.75234e1	9.5279512e-2	8.3319005e-2	1.2029434e1	7.5206909e-1	
2026-06-09	11:0:34	4.55021e2	1.48210e1	1.24024e1	5.14937e1	9.75232e1	9.5360336e-2	8.3353996e-2	1.2051255e1	7.5773072e-1	
2026-06-09	11:0:35	4.55198e2	1.48615e1	1.24307e1	5.15004e1	9.74380e1	9.5299959e-2	8.3444890e-2	1.2018524e1	7.5404348e-1	
2026-06-09	11:0:35	4.67707e2	1.52948e1	1.28685e1	5.14937e1	9.74355e1	9.7144012e-2	8.5145416e-2	1.2063844e1	7.4289317e-1	
2026-06-09	11:0:36	4.77853e2	1.56453e1	1.32159e1	5.14904e1	9.74394e1	9.8627510e-2	8.6511373e-2	1.2053773e1	7.5988359e-1	
2026-06-09	11:0:36	4.67952e2	1.53851e1	1.29588e1	5.14837e1	9.74372e1	9.7184839e-2	8.5500717e-2	1.2005096e1	7.4580211e-1	
2026-06-09	11:0:37	4.56478e2	1.50264e1	1.25986e1	5.14871e1	9.74367e1	9.5492839e-2	8.4096193e-2	1.2051255e1	7.5336003e-1	
2026-06-09	11:0:37	4.54139e2	1.49088e1	1.24792e1	5.14937e1	9.74394e1	9.5146417e-2	8.3633785e-2	1.2047898e1	7.5659933e-1	
2026-06-09	11:0:38	4.54488e2	1.48937e1	1.24617e1	5.14971e1	9.74257e1	9.5183553e-2	8.3562669e-2	1.2061326e1	7.5272517e-1	
2026-06-09	11:0:38	4.54103e2	1.49008e1	1.24691e1	5.14971e1	9.74267e1	9.5127582e-2	8.3591461e-2	1.2046220e1	7.6043071e-1	
2026-06-09	11:0:39	4.53585e2	1.48767e1	1.24455e1	5.14937e1	9.74332e1	9.5057668e-2	8.3502292e-2	1.2026916e1	7.6143474e-1	
2026-06-09	11:0:39	4.53338e2	1.47963e1	1.23618e1	5.15004e1	9.74257e1	9.5011119e-2	8.3177089e-2	1.2023559e1	7.6025753e-1	
2026-06-09	11:0:40	4.52590e2	1.47685e1	1.23323e1	5.14971e1	9.74197e1	9.4894351e-2	8.3063182e-2	1.2049577e1	7.6050376e-1	
2026-06-09	11:0:40	4.52014e2	1.47820e1	1.23477e1	5.14904e1	9.74292e1	9.4819908e-2	8.3125352e-2	1.2058808e1	7.6712031e-1	
2026-06-09	11:0:41	4.51731e2	1.47776e1	1.23428e1	5.14871e1	9.74275e1	9.4776744e-2	8.3107051e-2	1.1991668e1	7.6083135e-1	
2026-06-09	11:0:41	4.51531e2	1.47633e1	1.23269e1	5.14904e1	9.74199e1	9.4738597e-2	8.3043813e-2	1.2046220e1	7.6176447e-1	
2026-06-09	11:0:42	4.51554e2	1.47459e1	1.23089e1	5.14904e1	9.74189e1	9.4740867e-2	8.2974319e-2	1.2056291e1	7.6494426e-1	
2026-06-09	11:0:42	4.50994e2	1.47288e1	1.22928e1	5.14937e1	9.74289e1	9.4666662e-2	8.2913818e-2	1.2057969e1	7.6504821e-1	
2026-06-09	11:0:43	4.50519e2	1.47212e1	1.22838e1	5.14971e1	9.74219e1	9.4588279e-2	8.2877273e-2	1.2034471e1	7.5788350e-1	
2026-06-09	11:0:43	4.49957e2	1.47099e1	1.22722e1	5.14904e1	9.74219e1	9.4505729e-2	8.2833948e-2	1.2031953e1	7.5879087e-1	
2026-06-09	11:0:44	4.49632e2	1.46988e1	1.22621e1	5.14871e1	9.74317e1	9.4467754e-2	8.2798004e-2	1.2063844e1	7.6542477e-1	
2026-06-09	11:0:44	4.49819e2	1.47049e1	1.22681e1	5.14971e1	9.74292e1	9.4491004e-2	8.2818689e-2	1.2006775e1	7.5612125e-1	
2026-06-09	11:0:45	4.49545e2	1.46959e1	1.22581e1	5.14971e1	9.74244e1	9.4445409e-2	8.2779169e-2	1.2058808e1	7.5748596e-1	
2026-06-09	11:0:45	4.49296e2	1.46790e1	1.22408e1	5.14904e1	9.74257e1	9.4410657e-2	8.2714262e-2	1.2068040e1	7.6504230e-1	
2026-06-09	11:0:46	4.49349e2	1.46653e1	1.22273e1	5.14937e1	9.74304e1	9.4422397e-2	8.2662820e-2	1.2033631e1	7.5895304e-1	
2026-06-09	11:0:46	4.49099e2	1.46585e1	1.22196e1	5.15004e1	9.74267e1	9.4379959e-2	8.2631587e-2	1.2041184e1	7.5539164e-1	
2026-06-09	11:0:47	4.48363e2	1.46541e1	1.22152e1	5.14971e1	9.74270e1	9.4271183e-2	8.2615261e-2	1.2064683e1	7.6418375e-1	
2026-06-09	11:0:47	4.47884e2	1.46528e1	1.22151e1	5.14971e1	9.74355e1	9.4208059e-2	8.2616691e-2	1.2013489e1	7.5629620e-1	
2026-06-09	11:0:48	4.48154e2	1.46495e1	1.22109e1	5.14971e1	9.74304e1	9.4243345e-2	8.2599525e-2	1.2050416e1	7.4962263e-1	
2026-06-09	11:0:48	4.47929e2	1.46401e1	1.22021e1	5.14937e1	9.74367e1	9.4216642e-2	8.2567634e-2	1.2050416e1	7.6116094e-1	
2026-06-09	11:0:49	4.47867e2	1.46367e1	1.21995e1	5.14904e1	9.74424e1	9.4213724e-2	8.2559528e-2	1.2010971e1	7.4844589e-1	
2026-06-09	11:0:49	4.48370e2	1.46289e1	1.21902e1	5.14904e1	9.74345e1	9.4280719e-2	8.2522211e-2	1.2064683e1	7.5118737e-1	
2026-06-09	11:0:50	4.48240e2	1.46215e1	1.21832e1	5.14937e1	9.74392e1	9.4265279e-2	8.2495870e-2	1.2076432e1	7.6151275e-1	
2026-06-09	11:0:50	4.47268e2	1.46291e1	1.21902e1	5.14904e1	9.74339e1	9.4115676e-2	8.2522335e-2	1.2024399e1	7.4819383e-1	
2026-06-09	11:0:51	4.46997e2	1.46270e1	1.21877e1	5.14904e1	9.74312e1	9.4072456e-2	8.2512083e-2	1.2031114e1	7.5652260e-1	
2026-06-09	11:0:51	4.47329e2	1.46142e1	1.21762e1	5.14837e1	9.74429e1	9.4134922e-2	8.2471551e-2	1.2025238e1	7.5457148e-1	
2026-06-09	11:0:52	4.47004e2	1.46155e1	1.21750e1	5.14871e1	9.74267e1	9.4069595e-2	8.2463264e-2	1.2050416e1	7.5107412e-1	
2026-06-09	11:0:52	4.46501e2	1.46125e1	1.21726e1	5.15004e1	9.74317e1	9.3996639e-2	8.2452774e-2	1.2067201e1	7.6076316e-1	
2026-06-09	11:0:53	4.46411e2	1.46070e1	1.21683e1	5.15037e1	9.74402e1	9.3990859e-2	8.2437276e-2	1.2016845e1	7.5188369e-1	
2026-06-09	11:0:53	4.46708e2	1.46012e1	1.21603e1	5.15004e1	9.74277e1	9.4023408e-2	8.2404909e-2	1.2082307e1	7.5486898e-1	
2026-06-09	11:0:54	4.46456e2	1.45992e1	1.21578e1	5.14904e1	9.74252e1	9.3985261e-2	8.2396450e-2	1.2042024e1	7.6518259e-1	
2026-06-09	11:0:54	4.46091e2	1.46030e1	1.21631e1	5.14904e1	9.74339e1	9.3939485e-2	8.2418622e-2	1.2005096e1	7.5649790e-1	
2026-06-09	11:0:55	4.46530e2	1.46042e1	1.21633e1	5.14971e1	9.74270e1	9.3996887e-2	8.2416648e-2	1.2050416e1	7.5554485e-1	
2026-06-09	11:0:55	4.46456e2	1.46028e1	1.21619e1	5.15004e1	9.74270e1	9.3985023e-2	8.2410755e-2	1.2068879e1	7.6268587e-1	
2026-06-09	11:0:56	4.45933e2	1.46033e1	1.21637e1	5.14937e1	9.74357e1	9.3916893e-2	8.2420530e-2	1.2005935e1	7.5441718e-1	
2026-06-09	11:0:56	4.45993e2	1.45936e1	1.21521e1	5.14971e1	9.74260e1	9.3915462e-2	8.2373676e-2	1.2069718e1	7.5172510e-1	
2026-06-09	11:0:57	4.46114e2	1.45844e1	1.21431e1	5.15004e1	9.74297e1	9.3936386e-2	8.2339525e-2	1.2057130e1	7.6374335e-1	
2026-06-09	11:0:57	4.45868e2	1.45852e1	1.21451e1	5.14937e1	9.74374e1	9.3908672e-2	8.2349891e-2	1.1989990e1	7.5591039e-1	
2026-06-09	11:0:58	4.45879e2	1.45912e1	1.21495e1	5.14904e1	9.74252e1	9.3898887e-2	8.2364854e-2	1.2050416e1	7.5332016e-1	
2026-06-09	11:0:58	4.45951e2	1.45954e1	1.21550e1	5.14971e1	9.74322e1	9.3915405e-2	8.2385959e-2	1.2063844e1	7.6109509e-1	
2026-06-09	11:0:59	4.46006e2	1.45974e1	1.21579e1	5.15004e1	9.74380e1	9.3928632e-2	8.2397575e-2	1.2005096e1	7.5425405e-1	
2026-06-09	11:0:59	4.46399e2	1.45917e1	1.21503e1	5.14937e1	9.74272e1	9.3978042e-2	8.2367782e-2	1.2038667e1	7.5308756e-1	
2026-06-09	11:1:00	4.46212e2	1.45877e1	1.21461e1	5.14971e1	9.74267e1	9.3948783e-2	8.2350969e-2	1.2061326e1	7.6549978e-1	
2026-06-09	11:1:00	4.45576e2	1.45865e1	1.21462e1	5.14971e1	9.74352e1	9.3862113e-2	8.2352752e-2	1.2002578e1	7.5633912e-1	
2026-06-09	11:1:01	4.45521e2	1.45825e1	1.21407e1	5.14937e1	9.74272e1	9.3846502e-2	8.2330999e-2	1.2063004e1	7.5564198e-1	
2026-06-09	11:1:01	4.45580e2	1.45833e1	1.21421e1	5.14937e1	9.74302e1	9.3858299e-2	8.2336721e-2	1.2048738e1	7.6404628e-1	
2026-06-09	11:1:02	4.45540e2	1.45902e1	1.21498e1	5.14971e1	9.74335e1	9.3854961e-2	8.2366228e-2	1.2022720e1	7.5463342e-1	
2026-06-09	11:1:02	4.46053e2	1.45852e1	1.21428e1	5.14971e1	9.74219e1	9.3920345e-2	8.2337322e-2	1.2076432e1	7.5376563e-1	
2026-06-09	11:1:03	4.46161e2	1.45753e1	1.21333e1	5.14904e1	9.74277e1	9.3943414e-2	8.2303466e-2	1.2062165e1	7.6405611e-1	
2026-06-09	11:1:03	4.45779e2	1.45848e1	1.21447e1	5.14937e1	9.74377e1	9.3895616e-2	8.2348461e-2	1.2016006e1	7.5590629e-1	
2026-06-09	11:1:04	4.45897e2	1.45837e1	1.21414e1	5.15004e1	9.74237e1	9.3898057e-2	8.2331953e-2	1.2061326e1	7.5475540e-1	
2026-06-09	11:1:04	4.45647e2	1.45715e1	1.21290e1	5.14971e1	9.74257e1	9.3863067e-2	8.2285404e-2	1.2066361e1	7.6362967e-1	
2026-06-09	11:1:05	4.44217e2	1.45842e1	1.21483e1	5.14937e1	9.74645e1	9.3688125e-2	8.2367305e-2	1.2010971e1	7.5766229e-1	
2026-06-09	11:1:05	4.45442e2	1.45747e1	1.21580e1	5.15004e1	9.75905e1	9.3995332e-2	8.2427616e-2	1.2052934e1	7.4875202e-1	
2026-06-09	11:1:06	4.42327e2	1.44929e1	1.20518e1	5.14937e1	9.74574e1	9.3396425e-2	8.1997690e-2	1.2068879e1	7.6344056e-1	
2026-06-09	11:1:06	4.58144e2	1.49036e1	1.24733e1	5.14871e1	9.74357e1	9.5736503e-2	8.3611545e-2	1.1989151e1	7.5546889e-1	
2026-06-09	11:1:07	4.95668e2	1.58485e1	1.34122e1	5.14904e1	9.74300e1	1.0117036e-1	8.7287063e-2	1.2066361e1	7.5075364e-1	
2026-06-09	11:1:07	4.91590e2	1.58690e1	1.34319e1	5.14937e1	9.74289e1	1.0058927e-1	8.7364435e-2	1.2052934e1	7.6183080e-1	
2026-06-09	11:1:08	4.64471e2	1.52152e1	1.27891e1	5.14971e1	9.74374e1	9.6670742e-2	8.4835290e-2	1.2012649e1	7.5471901e-1	
2026-06-09	11:1:08	4.55481e2	1.49410e1	1.25099e1	5.14971e1	9.74252e1	9.5330600e-2	8.3749055e-2	1.2042024e1	7.5474953e-1	
2026-06-09	11:1:09	4.55464e2	1.48991e1	1.24674e1	5.14937e1	9.74275e1	9.5330600e-2	8.3585920e-2	1.2058808e1	7.6614665e-1	
2026-06-09	11:1:09	4.55473e2	1.48973e1	1.24662e1	5.14971e1	9.74310e1	9.5334644e-2	8.3581333e-2	1.2021881e1	7.5646758e-1	
2026-06-09	11:1:10	4.54487e2	1.48836e1	1.24515e1	5.14937e1	9.74265e1	9.5184745e-2	8.3524284e-2	1.2045381e1	7.5544872e-1	
2026-06-09	11:1:10	4.53752e2	1.48557e1	1.24230e1	5.14904e1	9.74267e1	9.5076265e-2	8.3414850e-2	1.2065522e1	7.6338071e-1	
2026-06-09	11:1:11	4.53194e2	1.48350e1	1.24025e1	5.14937e1	9.74320e1	9.4997882e-2	8.3336410e-2	1.2029434e1	7.5433058e-1	
2026-06-09	11:1:11	4.52321e2	1.48088e1	1.23743e1	5.14970e1	9.74237e1	9.4858942e-2	8.3225669e-2	1.2056291e1	7.5224056e-1	
2026-06-09	11:1:12	4.51959e2	1.47802e1	1.23458e1	5.14937e1	9.74294e1	9.4811325e-2	8.3117666e-2	1.2053773e1	7.6463098e-1	
2026-06-09	11:1:12	4.51383e2	1.47662e1	1.23317e1	5.14904e1	9.74312e1	9.4727935e-2	8.3064193e-2	1.2026077e1	7.5546927e-1	
2026-06-09	11:1:13	4.50619e2	1.47489e1	1.23134e1	5.14937e1	9.74284e1	9.4610576e-2	8.2993030e-2	1.2069718e1	7.5521664e-1	
2026-06-09	11:1:13	4.50114e2	1.47286e1	1.22925e1	5.15004e1	9.74287e1	9.4534034e-2	8.2911672e-2	1.2059648e1	7.6328964e-1	
2026-06-09	11:1:14	4.49262e2	1.47204e1	1.22861e1	5.14937e1	9.74422e1	9.4421977e-2	8.2890872e-2	1.2019363e1	7.5392870e-1	
2026-06-09	11:1:14	4.49058e2	1.47051e1	1.22680e1	5.14871e1	9.74275e1	9.4377994e-2	8.2819700e-2	1.2069718e1	7.5397176e-1	
2026-06-09	11:1:15	4.48662e2	1.46864e1	1.22483e1	5.14904e1	9.74250e1	9.4315586e-2	8.2742872e-2	1.2063004e1	7.6415915e-1	
2026-06-09	11:1:15	4.48321e2	1.46841e1	1.22472e1	5.15004e1	9.74332e1	9.4270763e-2	8.2738456e-2	1.2022720e1	7.5672473e-1	
2026-06-09	11:1:16	4.48095e2	1.46760e1	1.22374e1	5.15037e1	9.74237e1	9.4226779e-2	8.2698402e-2	1.2045381e1	7.5507788e-1	
2026-06-09	11:1:16	4.47467e2	1.46631e1	1.22239e1	5.14971e1	9.74234e1	9.4134092e-2	8.2648038e-2	1.2064683e1	7.6341667e-1	
2026-06-09	11:1:17	4.46901e2	1.46596e1	1.22224e1	5.14904e1	9.74365e1	9.4063701e-2	8.2645835e-2	1.2024399e1	7.5411944e-1	
2026-06-09	11:1:17	4.46992e2	1.46580e1	1.22191e1	5.14971e1	9.74260e1	9.4065485e-2	8.2629919e-2	1.2068040e1	7.5216388e-1	
2026-06-09	11:1:18	4.46878e2	1.46453e1	1.22063e1	5.15004e1	9.74292e1	9.4050941e-2	8.2581224e-2	1.2059648e1	7.6486248e-1	
2026-06-09	11:1:18	4.46328e2	1.46359e1	1.21971e1	5.14937e1	9.74324e1	9.3973159e-2	8.2547550e-2	1.2017685e1	7.5605583e-1	
2026-06-09	11:1:19	4.46120e2	1.46242e1	1.21840e1	5.14871e1	9.74262e1	9.3936977e-2	8.2497539e-2	1.2063004e1	7.5558977e-1	
2026-06-09	11:1:19	4.46122e2	1.46166e1	1.21761e1	5.14937e1	9.74265e1	9.3936204e-2	8.2466239e-2	1.2064683e1	7.6357583e-1	
2026-06-09	11:1:20	4.46006e2	1.46238e1	1.21847e1	5.14937e1	9.74337e1	9.3926067e-2	8.2500572e-2	1.2029434e1	7.5342516e-1	
2026-06-09	11:1:20	4.45778e2	1.46195e1	1.21784e1	5.14871e1	9.74215e1	9.3881130e-2	8.2475004e-2	1.2063844e1	7.5420284e-1	
2026-06-09	11:1:21	4.45451e2	1.46058e1	1.21652e1	5.14971e1	9.74282e1	9.3836727e-2	8.2424049e-2	1.2073075e1	7.6477432e-1	
2026-06-09	11:1:21	4.45096e2	1.46045e1	1.21645e1	5.15070e1	9.74324e1	9.3785762e-2	8.2420463e-2	1.2021881e1	7.5620985e-1	
2026-06-09	11:1:22	4.45237e2	1.46018e1	1.21602e1	5.14971e1	9.74232e1	9.3799648e-2	8.2404251e-2	1.2042024e1	7.5419607e-1	
2026-06-09	11:1:22	4.45408e2	1.45959e1	1.21545e1	5.14937e1	9.74260e1	9.3828620e-2	8.2383518e-2	1.2073915e1	7.6236610e-1	
2026-06-09	11:1:23	4.45198e2	1.46013e1	1.21617e1	5.14971e1	9.74362e1	9.3806743e-2	8.2412300e-2	1.2035310e1	7.5327768e-1	
2026-06-09	11:1:23	4.45507e2	1.45985e1	1.21579e1	5.14971e1	9.74302e1	9.3846912e-2	8.2396621e-2	1.2061326e1	7.5325870e-1	
2026-06-09	11:1:24	4.45497e2	1.45889e1	1.21502e1	5.14871e1	9.74452e1	9.3862237e-2	8.2371950e-2	1.2068879e1	7.6463842e-1	
2026-06-09	11:1:24	4.45222e2	1.45868e1	1.21475e1	5.14871e1	9.74412e1	9.3817176e-2	8.2360687e-2	1.2024399e1	7.5390453e-1	
2026-06-09	11:1:25	4.44258e2	1.45768e1	1.21384e1	5.14904e1	9.74502e1	9.3680858e-2	8.2327070e-2	1.2073915e1	7.5657153e-1	
2026-06-09	11:1:25	4.45711e2	1.46225e1	1.22012e1	5.14904e1	9.75479e1	9.3996105e-2	8.2586469e-2	1.2072236e1	7.6363568e-1	
2026-06-09	11:1:26	4.46681e2	1.46289e1	1.22036e1	5.14971e1	9.75207e1	9.4112930e-2	8.2589263e-2	1.2041184e1	7.5096559e-1	
2026-06-09	11:1:26	4.53065e2	1.48515e1	1.24182e1	5.15037e1	9.74242e1	9.4969034e-2	8.3393573e-2	1.2065522e1	7.5230894e-1	
2026-06-09	11:1:27	4.76342e2	1.55877e1	1.31575e1	5.15004e1	9.74279e1	9.8394212e-2	8.6276826e-2	1.2059648e1	7.6229324e-1	
2026-06-09	11:1:27	4.85583e2	1.59288e1	1.34904e1	5.14971e1	9.74339e1	9.9736452e-2	8.7597846e-2	1.2051255e1	7.5540251e-1	
2026-06-09	11:1:28	4.68523e2	1.54635e1	1.30347e1	5.14904e1	9.74257e1	9.7256069e-2	8.5794982e-2	1.2082307e1	7.5327343e-1	
2026-06-09	11:1:28	4.55728e2	1.50400e1	1.26112e1	5.14904e1	9.74297e1	9.5374345e-2	8.4143161e-2	1.2066361e1	7.6253633e-1	
2026-06-09	11:1:29	4.53512e2	1.49426e1	1.25128e1	5.14971e1	9.74332e1	9.5046939e-2	8.3761692e-2	1.2042024e1	7.5442399e-1	
2026-06-09	11:1:29	4.54441e2	1.49205e1	1.24889e1	5.15004e1	9.74247e1	9.5175151e-2	8.3666915e-2	1.2063004e1	7.5368742e-1	
2026-06-09	11:1:30	4.54418e2	1.48939e1	1.24615e1	5.15004e1	9.74232e1	9.5170021e-2	8.3560943e-2	1.2054612e1	7.6568837e-1	
2026-06-09	11:1:30	4.53074e2	1.48720e1	1.24403e1	5.14970e1	9.74304e1	9.4978332e-2	8.3481073e-2	1.2006775e1	7.5461702e-1	
2026-06-09	11:1:31	4.51666e2	1.48489e1	1.24159e1	5.14937e1	9.74257e1	9.4764823e-2	8.3386602e-2	1.2059648e1	7.5441093e-1	
2026-06-09	11:1:31	4.50694e2	1.48163e1	1.23824e1	5.14971e1	9.74260e1	9.4619455e-2	8.3257379e-2	1.2076432e1	7.6234269e-1	
2026-06-09	11:1:32	4.50392e2	1.48070e1	1.23741e1	5.15037e1	9.74345e1	9.4581489e-2	8.3225908e-2	1.2059648e1	7.5280642e-1	
2026-06-09	11:1:32	4.50091e2	1.48166e1	1.23822e1	5.15004e1	9.74230e1	9.4526052e-2	8.3255290e-2	1.2063844e1	7.5308728e-1	
2026-06-09	11:1:33	4.49562e2	1.47927e1	1.23589e1	5.14937e1	9.74304e1	9.4455833e-2	8.3168087e-2	1.2053773e1	7.6386508e-1	
2026-06-09	11:1:33	4.49267e2	1.47376e1	1.23022e1	5.14904e1	9.74307e1	9.4412145e-2	8.2950773e-2	1.2025238e1	7.5552725e-1	
2026-06-09	11:1:34	4.49063e2	1.47018e1	1.22643e1	5.14904e1	9.74250e1	9.4375553e-2	8.2804203e-2	1.2069718e1	7.5312433e-1	
2026-06-09	11:1:34	4.48331e2	1.47024e1	1.22650e1	5.15004e1	9.74260e1	9.4265346e-2	8.2805337e-2	1.2071397e1	7.6351776e-1	
2026-06-09	11:1:35	4.47864e2	1.46996e1	1.22629e1	5.15004e1	9.74312e1	9.4200725e-2	8.2798423e-2	1.2024399e1	7.5212712e-1	
2026-06-09	11:1:35	4.47693e2	1.46870e1	1.22492e1	5.14937e1	9.74265e1	9.4171705e-2	8.2746028e-2	1.2068879e1	7.5409917e-1	
2026-06-09	11:1:36	4.47181e2	1.46783e1	1.22404e1	5.14971e1	9.74284e1	9.4096546e-2	8.2712230e-2	1.2065522e1	7.6466264e-1	
2026-06-09	11:1:36	4.46750e2	1.46777e1	1.22408e1	5.15004e1	9.74349e1	9.4037828e-2	8.2714376e-2	1.2005096e1	7.5401296e-1	
2026-06-09	11:1:37	4.46825e2	1.46573e1	1.22187e1	5.15004e1	9.74284e1	9.4042415e-2	8.2628545e-2	1.2049577e1	7.5509047e-1	
2026-06-09	11:1:37	4.46191e2	1.46405e1	1.22005e1	5.14937e1	9.74237e1	9.3943958e-2	8.2558927e-2	1.2070558e1	7.6268033e-1	
2026-06-09	11:1:38	4.46084e2	1.46428e1	1.22041e1	5.14904e1	9.74317e1	9.3936624e-2	8.2575082e-2	1.2014328e1	7.5431752e-1	
2026-06-09	11:1:38	4.46150e2	1.46397e1	1.22007e1	5.14937e1	9.74297e1	9.3943777e-2	8.2560834e-2	1.2066361e1	7.5219163e-1	
2026-06-09	11:1:39	4.45778e2	1.46340e1	1.21938e1	5.15004e1	9.74244e1	9.3881492e-2	8.2532463e-2	1.2078111e1	7.6328792e-1	
2026-06-09	11:1:39	4.45914e2	1.46259e1	1.21868e1	5.15037e1	9.74329e1	9.3909626e-2	8.2506475e-2	1.2020202e1	7.5540947e-1	
2026-06-09	11:1:40	4.45745e2	1.46173e1	1.21774e1	5.14971e1	9.74300e1	9.3882503e-2	8.2471256e-2	1.2047898e1	7.5369524e-1	
2026-06-09	11:1:40	4.45120e2	1.46085e1	1.21674e1	5.14871e1	9.74247e1	9.3785762e-2	8.2433815e-2	1.2069718e1	7.6281528e-1	
2026-06-09	11:1:41	4.44758e2	1.46041e1	1.21638e1	5.15004e1	9.74310e1	9.3734979e-2	8.2418975e-2	1.2062165e1	7.5364646e-1	
2026-06-09	11:1:41	4.44673e2	1.46008e1	1.21597e1	5.15037e1	9.74270e1	9.3717517e-2	8.2401933e-2	1.2073075e1	7.5094847e-1	
2026-06-09	11:1:42	4.44493e2	1.45954e1	1.21539e1	5.14970e1	9.74254e1	9.3690395e-2	8.2380590e-2	1.2070558e1	7.6288170e-1	
2026-06-09	11:1:42	4.44227e2	1.45904e1	1.21499e1	5.14937e1	9.74337e1	9.3659343e-2	8.2367534e-2	1.2021881e1	7.5630292e-1	
2026-06-09	11:1:43	4.43995e2	1.45954e1	1.21537e1	5.14971e1	9.74244e1	9.3614816e-2	8.2379579e-2	1.2069718e1	7.5479745e-1	
2026-06-09	11:1:43	4.43874e2	1.45907e1	1.21493e1	5.14971e1	9.74270e1	9.3599081e-2	8.2363185e-2	1.2075593e1	7.6453008e-1	
2026-06-09	11:1:44	4.43361e2	1.45840e1	1.21432e1	5.14971e1	9.74324e1	9.3527498e-2	8.2340831e-2	1.2013489e1	7.5435676e-1	
2026-06-09	11:1:44	4.43567e2	1.45748e1	1.21320e1	5.14937e1	9.74225e1	9.3549070e-2	8.2296667e-2	1.2071397e1	7.5564327e-1	
2026-06-09	11:1:45	4.43319e2	1.45677e1	1.21248e1	5.14970e1	9.74242e1	9.3512830e-2	8.2269134e-2	1.2081468e1	7.6197023e-1	
2026-06-09	11:1:45	4.42742e2	1.45759e1	1.21352e1	5.15004e1	9.74357e1	9.3436956e-2	8.2310256e-2	1.2043702e1	7.5707874e-1	
2026-06-09	11:1:46	4.43145e2	1.45787e1	1.21369e1	5.15004e1	9.74284e1	9.3490362e-2	8.2315626e-2	1.2043702e1	7.5633735e-1	
2026-06-09	11:1:46	4.42647e2	1.45742e1	1.21308e1	5.14937e1	9.74192e1	9.3407812e-2	8.2291603e-2	1.2040345e1	7.6296167e-1	
2026-06-09	11:1:47	4.42352e2	1.45638e1	1.21223e1	5.14904e1	9.74339e1	9.3378543e-2	8.2262630e-2	1.2035310e1	7.5564379e-1	
2026-06-09	11:1:47	4.42954e2	1.45661e1	1.21241e1	5.14904e1	9.74304e1	9.3465566e-2	8.2268896e-2	1.2068040e1	7.4915642e-1	
2026-06-09	11:1:48	4.42592e2	1.45627e1	1.21202e1	5.14937e1	9.74272e1	9.3407268e-2	8.2252502e-2	1.2070558e1	7.6101322e-1	
2026-06-09	11:1:48	4.42169e2	1.45601e1	1.21191e1	5.14971e1	9.74377e1	9.3353328e-2	8.2249698e-2	1.2039506e1	7.5204572e-1	
2026-06-09	11:1:49	4.42722e2	1.45624e1	1.21191e1	5.14937e1	9.74230e1	9.3422651e-2	8.2247791e-2	1.2058808e1	7.5357913e-1	
2026-06-09	11:1:49	4.41759e2	1.45570e1	1.21185e1	5.14937e1	9.74550e1	9.3309459e-2	8.2251548e-2	1.2092378e1	7.6482157e-1	
2026-06-09	11:1:50	4.41986e2	1.45605e1	1.21355e1	5.15004e1	9.75407e1	9.3426942e-2	8.2331953e-2	1.2019363e1	7.5558018e-1	
2026-06-09	11:1:50	4.41048e2	1.45246e1	1.20927e1	5.14971e1	9.75065e1	9.3252182e-2	8.2162265e-2	1.2072236e1	7.5962247e-1	
2026-06-09	11:1:51	4.48286e2	1.47265e1	1.22919e1	5.14904e1	9.74390e1	9.4273862e-2	8.2913036e-2	1.2056291e1	7.6457509e-1	
2026-06-09	11:1:51	4.70828e2	1.53643e1	1.29367e1	5.14871e1	9.74282e1	9.7593965e-2	8.5411911e-2	1.2036149e1	7.6029958e-1	
2026-06-09	11:1:52	4.82923e2	1.57610e1	1.33255e1	5.14937e1	9.74189e1	9.9337463e-2	8.6940288e-2	1.2043702e1	7.5903964e-1	
2026-06-09	11:1:52	4.72009e2	1.55019e1	1.30723e1	5.15004e1	9.74234e1	9.7759838e-2	8.5940475e-2	1.2058808e1	7.6258854e-1	
2026-06-09	11:1:53	4.57344e2	1.50973e1	1.26690e1	5.14937e1	9.74279e1	9.5611515e-2	8.4366502e-2	1.2053773e1	7.6144127e-1	
2026-06-09	11:1:53	4.52264e2	1.49187e1	1.24880e1	5.14904e1	9.74304e1	9.4859962e-2	8.3666563e-2	1.2026077e1	7.4690599e-1	
2026-06-09	11:1:54	4.52051e2	1.48757e1	1.24440e1	5.14904e1	9.74304e1	9.4827766e-2	8.3496513e-2	1.2040345e1	7.5667943e-1	
2026-06-09	11:1:54	4.51430e2	1.48637e1	1.24327e1	5.14904e1	9.74367e1	9.4741706e-2	8.3454313e-2	1.2047059e1	7.5554604e-1	
2026-06-09	11:1:55	4.50005e2	1.48416e1	1.24084e1	5.14937e1	9.74265e1	9.4518299e-2	8.3358230e-2	1.2065522e1	7.5068244e-1	
2026-06-09	11:1:55	4.49590e2	1.48025e1	1.23688e1	5.14937e1	9.74294e1	9.4459056e-2	8.3206176e-2	1.2073075e1	7.5800790e-1	
2026-06-09	11:1:56	4.49380e2	1.47872e1	1.23545e1	5.14871e1	9.74390e1	9.4438438e-2	8.3154087e-2	1.2032792e1	7.5312652e-1	
2026-06-09	11:1:56	4.48308e2	1.47765e1	1.23418e1	5.14871e1	9.74282e1	9.4267787e-2	8.3103179e-2	1.2073075e1	7.5064754e-1	
2026-06-09	11:1:57	4.47589e2	1.47527e1	1.23175e1	5.14937e1	9.74289e1	9.4159545e-2	8.3008584e-2	1.2078950e1	7.6363539e-1	
2026-06-09	11:1:57	4.47386e2	1.47327e1	1.22971e1	5.15004e1	9.74307e1	9.4129266e-2	8.2929430e-2	1.2029434e1	7.5557231e-1	
2026-06-09	11:1:58	4.46531e2	1.47169e1	1.22798e1	5.14937e1	9.74252e1	9.3997364e-2	8.2863445e-2	1.2052094e1	7.5209641e-1	
2026-06-09	11:1:58	4.45914e2	1.47030e1	1.22661e1	5.14937e1	9.74289e1	9.3908548e-2	8.2811470e-2	1.2080628e1	7.6307611e-1	
2026-06-09	11:1:59	4.45726e2	1.46982e1	1.22614e1	5.14904e1	9.74307e1	9.3882799e-2	8.2794370e-2	1.2026077e1	7.5510687e-1	
2026-06-09	11:1:59	4.45781e2	1.46842e1	1.22455e1	5.15004e1	9.74222e1	9.3880357e-2	8.2730112e-2	1.2068879e1	7.5705790e-1	
2026-06-09	11:2:00	4.45482e2	1.46672e1	1.22281e1	5.15037e1	9.74230e1	9.3835468e-2	8.2662944e-2	1.2047898e1	7.6420855e-1	
2026-06-09	11:2:00	4.44541e2	1.46579e1	1.22203e1	5.14937e1	9.74352e1	9.3708696e-2	8.2637128e-2	1.2026916e1	7.5674495e-1	
2026-06-09	11:2:01	4.44329e2	1.46426e1	1.22034e1	5.14937e1	9.74279e1	9.3669595e-2	8.2570848e-2	1.2052094e1	7.5538678e-1	
2026-06-09	11:2:01	4.44540e2	1.46337e1	1.21930e1	5.15004e1	9.74207e1	9.3692541e-2	8.2528476e-2	1.2074754e1	7.6159477e-1	
2026-06-09	11:2:02	4.44012e2	1.46302e1	1.21919e1	5.15037e1	9.74370e1	9.3628702e-2	8.2526798e-2	1.2042024e1	7.5387883e-1	
2026-06-09	11:2:02	4.43831e2	1.46350e1	1.21962e1	5.15004e1	9.74324e1	9.3597946e-2	8.2543077e-2	1.2052094e1	7.4555058e-1	
2026-06-09	11:2:03	4.43999e2	1.46200e1	1.21808e1	5.14937e1	9.74337e1	9.3625488e-2	8.2485618e-2	1.2078950e1	7.6096000e-1	
2026-06-09	11:2:03	4.43616e2	1.46017e1	1.21623e1	5.15004e1	9.74370e1	9.3569641e-2	8.2414207e-2	1.2048738e1	7.5023293e-1	
2026-06-09	11:2:04	4.43505e2	1.46099e1	1.21692e1	5.15004e1	9.74267e1	9.3542995e-2	8.2438526e-2	1.2064683e1	7.5343823e-1	
2026-06-09	11:2:04	4.43180e2	1.46051e1	1.21652e1	5.14937e1	9.74337e1	9.3502407e-2	8.2426071e-2	1.2069718e1	7.6414341e-1	
2026-06-09	11:2:05	4.42760e2	1.45997e1	1.21590e1	5.14937e1	9.74297e1	9.3435468e-2	8.2401390e-2	1.2013489e1	7.5460872e-1	
2026-06-09	11:2:05	4.42692e2	1.45975e1	1.21554e1	5.14937e1	9.74215e1	9.3416986e-2	8.2386198e-2	1.2074754e1	7.6031594e-1	
2026-06-09	11:2:06	4.42469e2	1.45876e1	1.21453e1	5.14971e1	9.74222e1	9.3383426e-2	8.2347030e-2	1.2068040e1	7.6771349e-1	
2026-06-09	11:2:06	4.42104e2	1.45873e1	1.21470e1	5.14904e1	9.74347e1	9.3342418e-2	8.2356929e-2	1.2038667e1	7.6008319e-1	
2026-06-09	11:2:07	4.42422e2	1.45871e1	1.21447e1	5.14937e1	9.74217e1	9.3376579e-2	8.2345008e-2	1.2035310e1	7.5950298e-1	
2026-06-09	11:2:07	4.42183e2	1.45810e1	1.21378e1	5.15004e1	9.74184e1	9.3336048e-2	8.2316989e-2	1.2069718e1	7.6210379e-1	
2026-06-09	11:2:08	4.41286e2	1.45711e1	1.21292e1	5.15004e1	9.74294e1	9.3212070e-2	8.2286415e-2	1.2063004e1	7.6490788e-1	
2026-06-09	11:2:08	4.40918e2	1.45666e1	1.21243e1	5.14937e1	9.74277e1	9.3156280e-2	8.2268352e-2	1.2018524e1	7.5730218e-1	
2026-06-09	11:2:09	4.40902e2	1.45663e1	1.21225e1	5.14937e1	9.74184e1	9.3144779e-2	8.2259654e-2	1.2054612e1	7.5987796e-1	
2026-06-09	11:2:09	4.40917e2	1.45661e1	1.21229e1	5.15004e1	9.74222e1	9.3149242e-2	8.2260789e-2	1.2077271e1	7.6490859e-1	
2026-06-09	11:2:10	4.40817e2	1.45656e1	1.21242e1	5.15004e1	9.74342e1	9.3146028e-2	8.2268180e-2	1.2032792e1	7.6048893e-1	
2026-06-09	11:2:10	4.40559e2	1.45626e1	1.21191e1	5.14937e1	9.74217e1	9.3096313e-2	8.2247438e-2	1.2051255e1	7.5896291e-1	
2026-06-09	11:2:11	4.40054e2	1.45712e1	1.21283e1	5.14937e1	9.74227e1	9.3021278e-2	8.2282781e-2	1.2057130e1	7.6113224e-1	
2026-06-09	11:2:11	4.40329e2	1.45665e1	1.21244e1	5.14971e1	9.74289e1	9.3068122e-2	8.2268352e-2	1.2078111e1	7.6488213e-1	
2026-06-09	11:2:12	4.40473e2	1.45444e1	1.21013e1	5.14904e1	9.74294e1	9.3091430e-2	8.2181634e-2	1.1996704e1	7.5413250e-1	
2026-06-09	11:2:12	4.40289e2	1.45428e1	1.20997e1	5.14904e1	9.74300e1	9.3064193e-2	8.2175617e-2	1.2055451e1	7.5585546e-1	
2026-06-09	11:2:13	4.40262e2	1.45445e1	1.21018e1	5.14937e1	9.74317e1	9.3061151e-2	8.2183179e-2	1.2076432e1	7.6476058e-1	
2026-06-09	11:2:13	4.39863e2	1.45525e1	1.21094e1	5.14937e1	9.74267e1	9.2996301e-2	8.2211313e-2	1.2026077e1	7.5846900e-1	
2026-06-09	11:2:14	4.39827e2	1.45548e1	1.21113e1	5.15037e1	9.74234e1	9.2985687e-2	8.2216024e-2	1.2052934e1	7.5903978e-1	
2026-06-09	11:2:14	4.39741e2	1.45520e1	1.21078e1	5.15004e1	9.74199e1	9.2969837e-2	8.2202672e-2	1.2067201e1	7.6438655e-1	
2026-06-09	11:2:15	4.39816e2	1.45525e1	1.21104e1	5.14937e1	9.74335e1	9.2995824e-2	8.2216558e-2	1.2031953e1	7.6179509e-1	
2026-06-09	11:2:15	4.39950e2	1.45486e1	1.21051e1	5.15004e1	9.74252e1	9.3006429e-2	8.2193489e-2	1.2036149e1	7.6181769e-1	
2026-06-09	11:2:16	4.40129e2	1.45438e1	1.20991e1	5.15037e1	9.74189e1	9.3026638e-2	8.2168693e-2	1.2063844e1	7.6121234e-1	
2026-06-09	11:2:16	4.39654e2	1.45402e1	1.20979e1	5.14971e1	9.74357e1	9.2972755e-2	8.2168693e-2	1.2072236e1	7.7072958e-1	
2026-06-09	11:2:17	4.39729e2	1.45374e1	1.21119e1	5.14937e1	9.75440e1	9.3091249e-2	8.2243442e-2	1.2052094e1	7.6195087e-1	
2026-06-09	11:2:17	4.38494e2	1.44953e1	1.20661e1	5.15037e1	9.75327e1	9.2891330e-2	8.2064809e-2	1.2036988e1	7.5780196e-1	
2026-06-09	11:2:18	4.45822e2	1.46789e1	1.22396e1	5.15037e1	9.74187e1	9.3882265e-2	8.2705860e-2	1.2050416e1	7.6347684e-1	
2026-06-09	11:2:18	4.78354e2	1.54224e1	1.29957e1	5.15004e1	9.74362e1	9.8691406e-2	8.5642099e-2	1.2071397e1	7.6427211e-1	
2026-06-09	11:2:19	4.96446e2	1.59042e1	1.34652e1	5.14971e1	9.74244e1	1.0127413e-1	8.7495441e-2	1.2002578e1	7.5715041e-1	
2026-06-09	11:2:19	4.75196e2	1.55037e1	1.30743e1	5.14904e1	9.74250e1	9.8226070e-2	8.5950613e-2	1.2074754e1	7.5783338e-1	
2026-06-09	11:2:20	4.55746e2	1.50381e1	1.26093e1	5.14937e1	9.74292e1	9.5375833e-2	8.4134874e-2	1.2076432e1	7.6658182e-1	
2026-06-09	11:2:20	4.51594e2	1.49010e1	1.24696e1	5.14937e1	9.74287e1	9.4757738e-2	8.3594617e-2	1.2032792e1	7.5794100e-1	
2026-06-09	11:2:21	4.51960e2	1.48727e1	1.24398e1	5.14937e1	9.74234e1	9.4806556e-2	8.3478507e-2	1.2058808e1	7.5714035e-1	
2026-06-09	11:2:21	4.51832e2	1.48526e1	1.24198e1	5.14937e1	9.74265e1	9.4790344e-2	8.3401861e-2	1.2063844e1	7.6437959e-1	
2026-06-09	11:2:22	4.50334e2	1.48345e1	1.24024e1	5.14904e1	9.74349e1	9.4576473e-2	8.3337364e-2	1.2033631e1	7.5853452e-1	
2026-06-09	11:2:22	4.49537e2	1.48054e1	1.23708e1	5.15004e1	9.74234e1	9.4443855e-2	8.3211421e-2	1.2031953e1	7.5682926e-1	
2026-06-09	11:2:23	4.49052e2	1.47748e1	1.23392e1	5.15004e1	9.74225e1	9.4370183e-2	8.3089771e-2	1.2042024e1	7.6186585e-1	
2026-06-09	11:2:23	4.48009e2	1.47588e1	1.23246e1	5.14937e1	9.74349e1	9.4228210e-2	8.3037195e-2	1.2049577e1	7.5879964e-1	
2026-06-09	11:2:24	4.48194e2	1.47379e1	1.23031e1	5.14937e1	9.74349e1	9.4255628e-2	8.2954521e-2	1.2055451e1	7.4330816e-1	
2026-06-09	11:2:24	4.48067e2	1.47150e1	1.22803e1	5.14937e1	9.74402e1	9.4241619e-2	8.2868041e-2	1.2079789e1	7.5796961e-1	
2026-06-09	11:2:25	4.46279e2	1.47035e1	1.22687e1	5.15004e1	9.74424e1	9.3975248e-2	8.2822742e-2	1.2036149e1	7.4387669e-1	
2026-06-09	11:2:25	4.44894e2	1.46837e1	1.22475e1	5.15037e1	9.74377e1	9.3762216e-2	8.2739944e-2	1.2055451e1	7.5066518e-1	
2026-06-09	11:2:26	4.44069e2	1.46813e1	1.22458e1	5.14971e1	9.74429e1	9.3645277e-2	8.2735595e-2	1.2010132e1	7.5088462e-1	
2026-06-09	11:2:26	4.43997e2	1.46989e1	1.22628e1	5.14904e1	9.74349e1	9.3627986e-2	8.2800683e-2	1.2082307e1	7.4379148e-1	
2026-06-09	11:2:27	4.44365e2	1.46889e1	1.22538e1	5.14937e1	9.74440e1	9.3691406e-2	8.2767248e-2	1.2070558e1	7.6038126e-1	
2026-06-09	11:2:27	4.43853e2	1.46482e1	1.22107e1	5.14970e1	9.74382e1	9.3607721e-2	8.2600412e-2	1.2031953e1	7.4689049e-1	
2026-06-09	11:2:28	4.43231e2	1.46029e1	1.21628e1	5.15004e1	9.74327e1	9.3507709e-2	8.2415466e-2	1.2047059e1	7.5407505e-1	
2026-06-09	11:2:28	4.43065e2	1.45907e1	1.21513e1	5.14971e1	9.74405e1	9.3491077e-2	8.2373561e-2	1.2035310e1	7.5611963e-1	
2026-06-09	11:2:29	4.42646e2	1.46064e1	1.21661e1	5.14904e1	9.74304e1	9.3419733e-2	8.2429294e-2	1.2036149e1	7.5242800e-1	
2026-06-09	11:2:29	4.42583e2	1.46149e1	1.21748e1	5.14904e1	9.74297e1	9.3409652e-2	8.2462491e-2	1.2033631e1	7.6065964e-1	
2026-06-09	11:2:30	4.42671e2	1.46077e1	1.21683e1	5.14937e1	9.74362e1	9.3428611e-2	8.2438411e-2	1.2061326e1	7.6081514e-1	
2026-06-09	11:2:30	4.42007e2	1.46029e1	1.21620e1	5.14937e1	9.74275e1	9.3320188e-2	8.2412357e-2	1.2040345e1	7.5708284e-1	
2026-06-09	11:2:31	4.41720e2	1.45945e1	1.21527e1	5.15004e1	9.74242e1	9.3272390e-2	8.2375230e-2	1.2082307e1	7.5992908e-1	
2026-06-09	11:2:31	4.41520e2	1.45839e1	1.21426e1	5.14971e1	9.74297e1	9.3248310e-2	8.2338094e-2	1.2074754e1	7.6541881e-1	
2026-06-09	11:2:32	4.41601e2	1.45910e1	1.21501e1	5.14971e1	9.74307e1	9.3261423e-2	8.2367124e-2	1.2012649e1	7.5737771e-1	
2026-06-09	11:2:32	4.42120e2	1.45942e1	1.21523e1	5.15004e1	9.74230e1	9.3331155e-2	8.2373142e-2	1.2046220e1	7.6189174e-1	
2026-06-09	11:2:33	4.41870e2	1.45803e1	1.21375e1	5.14937e1	9.74207e1	9.3292655e-2	8.2317352e-2	1.2034471e1	7.6492357e-1	
2026-06-09	11:2:33	4.41729e2	1.45745e1	1.21330e1	5.14904e1	9.74310e1	9.3282165e-2	8.2302932e-2	1.2059648e1	7.6276741e-1	
2026-06-09	11:2:34	4.41337e2	1.45742e1	1.21318e1	5.14971e1	9.74257e1	9.3216714e-2	8.2296133e-2	1.2057969e1	7.5917048e-1	
2026-06-09	11:2:34	4.41494e2	1.45667e1	1.21240e1	5.14971e1	9.74250e1	9.3239421e-2	8.2265968e-2	1.2054612e1	7.6016302e-1	
2026-06-09	11:2:35	4.41362e2	1.45678e1	1.21256e1	5.14871e1	9.74279e1	9.3224582e-2	8.2274551e-2	1.2057969e1	7.6643486e-1	
2026-06-09	11:2:35	4.40429e2	1.45646e1	1.21222e1	5.14871e1	9.74279e1	9.3084220e-2	8.2261562e-2	1.2014328e1	7.5748291e-1	
2026-06-09	11:2:36	4.40848e2	1.45604e1	1.21169e1	5.14937e1	9.74222e1	9.3140182e-2	8.2239208e-2	1.2046220e1	7.5808148e-1	
2026-06-09	11:2:36	4.40764e2	1.45563e1	1.21130e1	5.15037e1	9.74242e1	9.3127489e-2	8.2222700e-2	1.2058808e1	7.6268281e-1	
2026-06-09	11:2:37	4.39943e2	1.45559e1	1.21145e1	5.14871e1	9.74370e1	9.3019847e-2	8.2234020e-2	1.2044541e1	7.5928001e-1	
2026-06-09	11:2:37	4.40274e2	1.45556e1	1.21130e1	5.14904e1	9.74289e1	9.3061151e-2	8.2226219e-2	1.2038667e1	7.5756626e-1	
2026-06-09	11:2:38	4.40197e2	1.45441e1	1.21003e1	5.15004e1	9.74244e1	9.3042850e-2	8.2174892e-2	1.2066361e1	7.6297335e-1	
2026-06-09	11:2:38	4.39169e2	1.45419e1	1.21066e1	5.15004e1	9.74800e1	9.2942533e-2	8.2209882e-2	1.2069718e1	7.6686019e-1	
2026-06-09	11:2:39	4.39769e2	1.45339e1	1.21132e1	5.14971e1	9.75759e1	9.3128023e-2	8.2254114e-2	1.2015167e1	7.5290656e-1	
2026-06-09	11:2:39	4.39002e2	1.44881e1	1.20504e1	5.14937e1	9.74804e1	9.2918634e-2	8.1996736e-2	1.2058808e1	7.5509929e-1	
2026-06-09	11:2:40	4.49748e2	1.48934e1	1.24627e1	5.14904e1	9.74342e1	9.4489212e-2	8.3569583e-2	1.2062165e1	7.6037359e-1	
2026-06-09	11:2:40	4.75938e2	1.58438e1	1.34076e1	5.14937e1	9.74297e1	9.8342304e-2	8.7268295e-2	1.2028595e1	7.5092163e-1	
2026-06-09	11:2:41	4.77928e2	1.60151e1	1.35730e1	5.14971e1	9.74317e1	9.8633708e-2	8.7926626e-2	1.2063004e1	7.5654864e-1	
2026-06-09	11:2:41	4.58695e2	1.53794e1	1.29527e1	5.15004e1	9.74345e1	9.5819768e-2	8.5473117e-2	1.2059648e1	7.5657672e-1	
2026-06-09	11:2:42	4.49233e2	1.49965e1	1.25677e1	5.14971e1	9.74339e1	9.4412088e-2	8.3974304e-2	1.2062165e1	7.4444961e-1	
2026-06-09	11:2:42	4.48337e2	1.49139e1	1.24848e1	5.14937e1	9.74415e1	9.4285545e-2	8.3655652e-2	1.2062165e1	7.5562877e-1	
2026-06-09	11:2:43	4.48301e2	1.48921e1	1.24632e1	5.14904e1	9.74457e1	9.4284896e-2	8.3573760e-2	1.2013489e1	7.4319596e-1	
2026-06-09	11:2:43	4.47154e2	1.48782e1	1.24478e1	5.14871e1	9.74382e1	9.4106616e-2	8.3513441e-2	1.2062165e1	7.5149707e-1	
2026-06-09	11:2:44	4.46073e2	1.48469e1	1.24170e1	5.14871e1	9.74464e1	9.3952836e-2	8.3396196e-2	1.2031114e1	7.5006933e-1	
2026-06-09	11:2:44	4.46067e2	1.48233e1	1.23914e1	5.14904e1	9.74372e1	9.3941802e-2	8.3295230e-2	1.2070558e1	7.4337081e-1	
2026-06-09	11:2:45	4.45470e2	1.48010e1	1.23693e1	5.14971e1	9.74427e1	9.3856334e-2	8.3209934e-2	1.2076432e1	7.5893688e-1	
2026-06-09	11:2:45	4.44816e2	1.47717e1	1.23382e1	5.14971e1	9.74370e1	9.3752326e-2	8.3089466e-2	1.2024399e1	7.4620046e-1	
2026-06-09	11:2:46	4.44277e2	1.47561e1	1.23221e1	5.14904e1	9.74367e1	9.3672513e-2	8.3028736e-2	1.2049577e1	7.5385169e-1	
2026-06-09	11:2:46	4.43519e2	1.47361e1	1.23025e1	5.14937e1	9.74432e1	9.3564329e-2	8.2953872e-2	1.2033631e1	7.4779043e-1	
2026-06-09	11:2:47	4.43404e2	1.47176e1	1.22825e1	5.15004e1	9.74372e1	9.3539600e-2	8.2874832e-2	1.2074754e1	7.4894676e-1	
2026-06-09	11:2:47	4.43262e2	1.47058e1	1.22691e1	5.14937e1	9.74300e1	9.3512296e-2	8.2823276e-2	1.2057969e1	7.6382088e-1	
2026-06-09	11:2:48	4.42385e2	1.46896e1	1.22531e1	5.14904e1	9.74347e1	9.3385810e-2	8.2763252e-2	1.2015167e1	7.5336780e-1	
2026-06-09	11:2:48	4.41962e2	1.46744e1	1.22359e1	5.14904e1	9.74250e1	9.3312444e-2	8.2695426e-2	1.2075593e1	7.5344495e-1	
2026-06-09	11:2:49	4.42333e2	1.46555e1	1.22180e1	5.14971e1	9.74362e1	9.3377647e-2	8.2627773e-2	1.2064683e1	7.6264972e-1	
2026-06-09	11:2:49	4.42511e2	1.46509e1	1.22126e1	5.15004e1	9.74315e1	9.3398990e-2	8.2605476e-2	1.2010132e1	7.5670027e-1	
2026-06-09	11:2:50	4.42172e2	1.46380e1	1.21983e1	5.14904e1	9.74262e1	9.3344745e-2	8.2551536e-2	1.2062165e1	7.5370974e-1	
2026-06-09	11:2:50	4.41805e2	1.46266e1	1.21862e1	5.14937e1	9.74240e1	9.3286695e-2	8.2504158e-2	1.2079789e1	7.6659736e-1	
2026-06-09	11:2:51	4.41871e2	1.46259e1	1.21869e1	5.15004e1	9.74335e1	9.3304576e-2	8.2507610e-2	1.2057969e1	7.5982332e-1	
2026-06-09	11:2:51	4.41930e2	1.46219e1	1.21818e1	5.14971e1	9.74279e1	9.3308563e-2	8.2487697e-2	1.2047898e1	7.5647926e-1	
2026-06-09	11:2:52	4.41608e2	1.46067e1	1.21659e1	5.14937e1	9.74267e1	9.3259515e-2	8.2427139e-2	1.2054612e1	7.6090793e-1	
2026-06-09	11:2:52	4.41517e2	1.46008e1	1.21614e1	5.14937e1	9.74377e1	9.3256587e-2	8.2412128e-2	1.2047059e1	7.6026649e-1	
2026-06-09	11:2:53	4.41473e2	1.46028e1	1.21618e1	5.14937e1	9.74267e1	9.3239192e-2	8.2411651e-2	1.2031953e1	7.5592412e-1	
2026-06-09	11:2:53	4.41422e2	1.45880e1	1.21453e1	5.14971e1	9.74199e1	9.3223934e-2	8.2346677e-2	1.2072236e1	7.6044311e-1	
2026-06-09	11:2:54	4.41271e2	1.45810e1	1.21383e1	5.14971e1	9.74219e1	9.3203067e-2	8.2320270e-2	1.2071397e1	7.6824674e-1	
2026-06-09	11:2:54	4.40917e2	1.45809e1	1.21387e1	5.14937e1	9.74250e1	9.3153591e-2	8.2322835e-2	1.2004257e1	7.6380352e-1	
2026-06-09	11:2:55	4.40730e2	1.45747e1	1.21315e1	5.14904e1	9.74199e1	9.3121109e-2	8.2294883e-2	1.2042863e1	7.6093430e-1	
2026-06-09	11:2:55	4.40678e2	1.45665e1	1.21231e1	5.15037e1	9.74212e1	9.3111629e-2	8.2260723e-2	1.2072236e1	7.6428942e-1	
2026-06-09	11:2:56	4.40312e2	1.45680e1	1.21266e1	5.15004e1	9.74335e1	9.3069314e-2	8.2277297e-2	1.2054612e1	7.6153521e-1	
2026-06-09	11:2:56	4.40057e2	1.45668e1	1.21253e1	5.14937e1	9.74332e1	9.3032121e-2	8.2273426e-2	1.2052094e1	7.4665446e-1	
2026-06-09	11:2:57	4.40257e2	1.45581e1	1.21163e1	5.14904e1	9.74332e1	9.3062763e-2	8.2239446e-2	1.2038667e1	7.5851345e-1	
2026-06-09	11:2:57	4.40452e2	1.45582e1	1.21177e1	5.14871e1	9.74422e1	9.3101615e-2	8.2247371e-2	1.2015167e1	7.5311393e-1	
2026-06-09	11:2:58	4.40313e2	1.45496e1	1.21070e1	5.14871e1	9.74302e1	9.3068780e-2	8.2203865e-2	1.2088181e1	7.5173921e-1	
2026-06-09	11:2:58	4.40418e2	1.45489e1	1.21056e1	5.14971e1	9.74270e1	9.3079328e-2	8.2196350e-2	1.2073075e1	7.6214003e-1	
2026-06-09	11:2:59	4.40813e2	1.45567e1	1.21152e1	5.15037e1	9.74365e1	9.3146858e-2	8.2233724e-2	1.2019363e1	7.5284090e-1	
2026-06-09	11:2:59	4.40512e2	1.45524e1	1.21089e1	5.14971e1	9.74237e1	9.3090419e-2	8.2208099e-2	1.2064683e1	7.5629658e-1	
2026-06-09	11:3:00	4.39925e2	1.45476e1	1.21052e1	5.14937e1	9.74324e1	9.3011198e-2	8.2196235e-2	1.2060487e1	7.6362171e-1	
2026-06-09	11:3:00	4.40034e2	1.45512e1	1.21085e1	5.14971e1	9.74297e1	9.3024311e-2	8.2207860e-2	1.2021881e1	7.5690288e-1	
2026-06-09	11:3:01	4.40135e2	1.45495e1	1.21059e1	5.15037e1	9.74244e1	9.3033018e-2	8.2195873e-2	1.2067201e1	7.5598568e-1	
2026-06-09	11:3:01	4.39999e2	1.45485e1	1.21049e1	5.14971e1	9.74247e1	9.3014059e-2	8.2193078e-2	1.2054612e1	7.6355495e-1	
2026-06-09	11:3:02	4.39814e2	1.45460e1	1.21044e1	5.14904e1	9.74384e1	9.3001003e-2	8.2195224e-2	1.2000900e1	7.5558433e-1	
2026-06-09	11:3:02	4.40116e2	1.45371e1	1.20933e1	5.14904e1	9.74270e1	9.3035106e-2	8.2150697e-2	1.2046220e1	7.5017061e-1	
2026-06-09	11:3:03	4.39945e2	1.45307e1	1.20867e1	5.14937e1	9.74275e1	9.3009052e-2	8.2124948e-2	1.2068040e1	7.6286001e-1	
2026-06-09	11:3:03	4.40003e2	1.45436e1	1.21012e1	5.14971e1	9.74332e1	9.3022937e-2	8.2180500e-2	1.2021042e1	7.5331473e-1	
2026-06-09	11:3:04	4.40244e2	1.45474e1	1.21042e1	5.14971e1	9.74277e1	9.3053932e-2	8.2191104e-2	1.2076432e1	7.5356345e-1	
2026-06-09	11:3:04	4.40222e2	1.45410e1	1.20979e1	5.14937e1	9.74302e1	9.3053579e-2	8.2168216e-2	1.2073915e1	7.6574888e-1	
2026-06-09	11:3:05	4.40036e2	1.45392e1	1.20966e1	5.14904e1	9.74339e1	9.3030033e-2	8.2164468e-2	1.2005096e1	7.5403079e-1	
2026-06-09	11:3:05	4.40207e2	1.45383e1	1.20943e1	5.14871e1	9.74250e1	9.3047504e-2	8.2154636e-2	1.2081468e1	7.5652961e-1	
2026-06-09	11:3:06	4.40788e2	1.45388e1	1.20946e1	5.14971e1	9.74237e1	9.3131656e-2	8.2153615e-2	1.2068040e1	7.6595406e-1	
2026-06-09	11:3:06	4.40549e2	1.45341e1	1.20910e1	5.15037e1	9.74322e1	9.3102750e-2	8.2140331e-2	1.2035310e1	7.6063594e-1	
2026-06-09	11:3:07	4.39610e2	1.45399e1	1.21058e1	5.14937e1	9.74877e1	9.3017997e-2	8.2209291e-2	1.2031953e1	7.5998792e-1	
2026-06-09	11:3:07	4.40501e2	1.45311e1	1.21102e1	5.14871e1	9.75755e1	9.3239898e-2	8.2244215e-2	1.2036149e1	7.6003165e-1	
2026-06-09	11:3:08	4.35520e2	1.44802e1	1.20337e1	5.14871e1	9.74265e1	9.2340831e-2	8.1923961e-2	1.2035310e1	7.5725116e-1	
2026-06-09	11:3:08	4.67591e2	1.49708e1	1.25412e1	5.14904e1	9.74312e1	9.7119216e-2	8.3872499e-2	1.2059648e1	7.4441742e-1	
2026-06-09	11:3:09	5.30296e2	1.59489e1	1.35101e1	5.14971e1	9.74367e1	1.0600161e-1	8.7676944e-2	1.2073915e1	7.5743827e-1	
2026-06-09	11:3:09	5.21179e2	1.59488e1	1.35107e1	5.14904e1	9.74405e1	1.0475349e-1	8.7681293e-2	1.2005935e1	7.4826960e-1	
2026-06-09	11:3:10	4.74667e2	1.52599e1	1.28330e1	5.14871e1	9.74310e1	9.8153171e-2	8.5006895e-2	1.2039506e1	7.5207180e-1	
2026-06-09	11:3:10	4.57910e2	1.49365e1	1.25072e1	5.14871e1	9.74372e1	9.5703840e-2	8.3742561e-2	1.2074754e1	7.5874538e-1	
2026-06-09	11:3:11	4.58778e2	1.48994e1	1.24688e1	5.14904e1	9.74339e1	9.5827465e-2	8.3592891e-2	1.2027755e1	7.4839358e-1	
2026-06-09	11:3:11	4.59227e2	1.48907e1	1.24593e1	5.15004e1	9.74302e1	9.5887718e-2	8.3553848e-2	1.2056291e1	7.5863676e-1	
2026-06-09	11:3:12	4.57685e2	1.48679e1	1.24365e1	5.15004e1	9.74332e1	9.5662956e-2	8.3466348e-2	1.2072236e1	7.6257810e-1	
2026-06-09	11:3:12	4.56194e2	1.48521e1	1.24194e1	5.14937e1	9.74282e1	9.5438776e-2	8.3400907e-2	1.2023559e1	7.5304150e-1	
2026-06-09	11:3:13	4.55291e2	1.48229e1	1.23895e1	5.14971e1	9.74279e1	9.5303773e-2	8.3284912e-2	1.2057969e1	7.5761213e-1	
2026-06-09	11:3:13	4.54164e2	1.47947e1	1.23618e1	5.15004e1	9.74359e1	9.5143795e-2	8.3179235e-2	1.2079789e1	7.5949306e-1	
2026-06-09	11:3:14	4.52912e2	1.47735e1	1.23392e1	5.14904e1	9.74310e1	9.4954910e-2	8.3092985e-2	1.2016006e1	7.5397224e-1	
2026-06-09	11:3:14	4.51645e2	1.47490e1	1.23124e1	5.14837e1	9.74217e1	9.4758510e-2	8.2989635e-2	1.2051255e1	7.5880575e-1	
2026-06-09	11:3:15	4.50480e2	1.47320e1	1.22964e1	5.14904e1	9.74310e1	9.4592933e-2	8.2928714e-2	1.2084825e1	7.6729278e-1	
2026-06-09	11:3:15	4.50095e2	1.47093e1	1.22725e1	5.14871e1	9.74282e1	9.4533329e-2	8.2836990e-2	1.2000061e1	7.6208381e-1	
2026-06-09	11:3:16	4.49406e2	1.46921e1	1.22534e1	5.14837e1	9.74202e1	9.4423112e-2	8.2762899e-2	1.2031953e1	7.5841050e-1	
2026-06-09	11:3:16	4.48778e2	1.46910e1	1.22527e1	5.14904e1	9.74222e1	9.4330072e-2	8.2759141e-2	1.2051255e1	7.6386508e-1	
2026-06-09	11:3:17	4.48241e2	1.46720e1	1.22350e1	5.15004e1	9.74355e1	9.4260988e-2	8.2692203e-2	1.2047898e1	7.5604419e-1	
2026-06-09	11:3:17	4.47513e2	1.46571e1	1.22192e1	5.15037e1	9.74329e1	9.4148874e-2	8.2630453e-2	1.2086503e1	7.4785971e-1	
2026-06-09	11:3:18	4.47313e2	1.46490e1	1.22110e1	5.14971e1	9.74342e1	9.4121513e-2	8.2600708e-2	1.2068879e1	7.6125421e-1	
2026-06-09	11:3:18	4.47119e2	1.46307e1	1.21933e1	5.14904e1	9.74429e1	9.4102439e-2	8.2535924e-2	1.2007614e1	7.5012516e-1	
2026-06-09	11:3:19	4.46470e2	1.46279e1	1.21883e1	5.14904e1	9.74289e1	9.3991518e-2	8.2513923e-2	1.2075593e1	7.5338735e-1	
2026-06-09	11:3:19	4.44909e2	1.46226e1	1.21837e1	5.14971e1	9.74349e1	9.3762454e-2	8.2496347e-2	1.2073075e1	7.6503849e-1	
2026-06-09	11:3:20	4.44222e2	1.46150e1	1.21752e1	5.15004e1	9.74310e1	9.3654747e-2	8.2462310e-2	1.1993347e1	7.5482540e-1	
2026-06-09	11:3:20	4.44303e2	1.46050e1	1.21639e1	5.15004e1	9.74254e1	9.3661308e-2	8.2418079e-2	1.2087342e1	7.5938062e-1	
2026-06-09	11:3:21	4.44312e2	1.46182e1	1.21771e1	5.14971e1	9.74222e1	9.3660297e-2	8.2468690e-2	1.2081468e1	7.6649885e-1	
2026-06-09	11:3:21	4.44029e2	1.46259e1	1.21861e1	5.14971e1	9.74289e1	9.3624706e-2	8.2504453e-2	1.2046220e1	7.6012949e-1	
2026-06-09	11:3:22	4.43351e2	1.45874e1	1.21453e1	5.14971e1	9.74232e1	9.3516769e-2	8.2347030e-2	1.1997543e1	7.5966815e-1	
2026-06-09	11:3:22	4.43034e2	1.45578e1	1.21136e1	5.14937e1	9.74177e1	9.3464136e-2	8.2225437e-2	1.2043702e1	7.6105027e-1	
2026-06-09	11:3:23	4.42909e2	1.45596e1	1.21171e1	5.15004e1	9.74287e1	9.3454952e-2	8.2239866e-2	1.2072236e1	7.6392278e-1	
2026-06-09	11:3:23	4.43140e2	1.45715e1	1.21302e1	5.14971e1	9.74327e1	9.3494300e-2	8.2291126e-2	1.2034471e1	7.5169901e-1	
2026-06-09	11:3:24	4.43126e2	1.45787e1	1.21365e1	5.14971e1	9.74257e1	9.3485469e-2	8.2314071e-2	1.2084825e1	7.5735187e-1	
2026-06-09	11:3:24	4.42643e2	1.45641e1	1.21221e1	5.14971e1	9.74304e1	9.3417530e-2	8.2259836e-2	1.2063004e1	7.6430387e-1	
2026-06-09	11:3:25	4.42276e2	1.45559e1	1.21136e1	5.14904e1	9.74310e1	9.3364124e-2	8.2228841e-2	1.2006775e1	7.5527706e-1	
2026-06-09	11:3:25	4.41828e2	1.45610e1	1.21176e1	5.14904e1	9.74227e1	9.3288660e-2	8.2242488e-2	1.2062165e1	7.5604844e-1	
2026-06-09	11:3:26	4.41458e2	1.45551e1	1.21130e1	5.14937e1	9.74329e1	9.3242464e-2	8.2226390e-2	1.2061326e1	7.6682949e-1	
2026-06-09	11:3:26	4.41934e2	1.45555e1	1.21137e1	5.14971e1	9.74342e1	9.3314590e-2	8.2228717e-2	1.2029434e1	7.5669288e-1	
2026-06-09	11:3:27	4.42277e2	1.45515e1	1.21082e1	5.14937e1	9.74257e1	9.3358402e-2	8.2206611e-2	1.2066361e1	7.5625e-1	
2026-06-09	11:3:27	4.41760e2	1.45417e1	1.20986e1	5.14904e1	9.74300e1	9.3285379e-2	8.2171382e-2	1.2087342e1	7.6281304e-1	
2026-06-09	11:3:28	4.41464e2	1.45404e1	1.20990e1	5.14871e1	9.74410e1	9.3252477e-2	8.2175369e-2	1.2018524e1	7.5672264e-1	
2026-06-09	11:3:28	4.41508e2	1.45415e1	1.20975e1	5.14937e1	9.74244e1	9.3241510e-2	8.2165660e-2	1.2058808e1	7.5282850e-1	
2026-06-09	11:3:29	4.41507e2	1.45422e1	1.20983e1	5.15004e1	9.74244e1	9.3239898e-2	8.2167444e-2	1.2072236e1	7.6295499e-1	
2026-06-09	11:3:29	4.41784e2	1.45433e1	1.21002e1	5.14937e1	9.74294e1	9.3287830e-2	8.2176923e-2	1.2003418e1	7.5539197e-1	
2026-06-09	11:3:30	4.41541e2	1.45407e1	1.20971e1	5.14904e1	9.74270e1	9.3249502e-2	8.2165126e-2	1.2066361e1	7.5205907e-1	
2026-06-09	11:3:30	4.41275e2	1.45413e1	1.20989e1	5.14971e1	9.74342e1	9.3215408e-2	8.2171916e-2	1.2075593e1	7.6261587e-1	
2026-06-09	11:3:31	4.41423e2	1.45458e1	1.21041e1	5.14971e1	9.74380e1	9.3241329e-2	8.2192716e-2	1.2021042e1	7.5272264e-1	
2026-06-09	11:3:31	4.40837e2	1.45422e1	1.20989e1	5.14970e1	9.74279e1	9.3143348e-2	8.2170782e-2	1.2073075e1	7.5545687e-1	
2026-06-09	11:3:32	4.40597e2	1.45303e1	1.21027e1	5.14937e1	9.75329e1	9.3211174e-2	8.2206430e-2	1.2084825e1	7.6499977e-1	
2026-06-09	11:3:32	4.40849e2	1.45173e1	1.20941e1	5.14904e1	9.75644e1	9.3280735e-2	8.2180080e-2	1.1993347e1	7.5335798e-1	
2026-06-09	11:3:33	4.40315e2	1.45176e1	1.20736e1	5.14904e1	9.74312e1	9.3069076e-2	8.2076187e-2	1.2057969e1	7.5527610e-1	
2026-06-09	11:3:33	4.66794e2	1.51042e1	1.26761e1	5.14971e1	9.74294e1	9.7001190e-2	8.4393920e-2	1.2076432e1	7.6479716e-1	
2026-06-09	11:3:34	5.03617e2	1.59605e1	1.35207e1	5.15070e1	9.74327e1	1.0229372e-1	8.7716579e-2	1.2021881e1	7.5449604e-1	
2026-06-09	11:3:34	4.92141e2	1.58112e1	1.33766e1	5.15004e1	9.74339e1	1.0067087e-1	8.7144794e-2	1.2047898e1	7.5349712e-1	
2026-06-09	11:3:35	4.63277e2	1.51767e1	1.27491e1	5.14971e1	9.74284e1	9.6485977e-2	8.4677400e-2	1.2060487e1	7.6354956e-1	
2026-06-09	11:3:35	4.53822e2	1.49190e1	1.24886e1	5.14971e1	9.74329e1	9.5092353e-2	8.3668289e-2	1.2037827e1	7.5259876e-1	
2026-06-09	11:3:36	4.53450e2	1.48779e1	1.24460e1	5.14971e1	9.74287e1	9.5032453e-2	8.3502655e-2	1.2052934e1	7.5344715e-1	
2026-06-09	11:3:36	4.53017e2	1.48642e1	1.24326e1	5.14971e1	9.74329e1	9.4972248e-2	8.3451929e-2	1.2071397e1	7.6160669e-1	
2026-06-09	11:3:37	4.52149e2	1.48448e1	1.24133e1	5.14904e1	9.74365e1	9.4848098e-2	8.3379631e-2	1.2028595e1	7.5615224e-1	
2026-06-09	11:3:37	4.52149e2	1.48448e1	1.24133e1	5.14904e1	9.74365e1	9.4848098e-2	8.3379631e-2	1.2028595e1	7.5615224e-1	
2026-06-09	11:3:38	4.51950e2	1.48186e1	1.23847e1	5.14971e1	9.74254e1	9.4805774e-2	8.3265962e-2	1.2073915e1	7.5380821e-1	
2026-06-09	11:3:38	4.49723e2	1.47765e1	1.23434e1	5.14871e1	9.74384e1	9.4488983e-2	8.3111400e-2	1.2012649e1	7.5416793e-1	
2026-06-09	11:3:39	4.48918e2	1.47554e1	1.23202e1	5.14904e1	9.74287e1	9.4358205e-2	8.3019676e-2	1.2066361e1	7.5440216e-1	
2026-06-09	11:3:39	4.48301e2	1.47341e1	1.22976e1	5.14904e1	9.74247e1	9.4261941e-2	8.2931995e-2	1.2072236e1	7.6543354e-1	
2026-06-09	11:3:40	4.47610e2	1.47148e1	1.22792e1	5.14971e1	9.74349e1	9.4167528e-2	8.2862434e-2	1.2036988e1	7.5821347e-1	
2026-06-09	11:3:40	4.47418e2	1.46956e1	1.22581e1	5.14937e1	9.74270e1	9.4131288e-2	8.2780542e-2	1.2042863e1	7.5673503e-1	
2026-06-09	11:3:41	4.46329e2	1.46793e1	1.22406e1	5.14904e1	9.74232e1	9.3965234e-2	8.2713308e-2	1.2053773e1	7.6137647e-1	
2026-06-09	11:3:41	4.45644e2	1.46768e1	1.22394e1	5.14904e1	9.74315e1	9.3871059e-2	8.2710027e-2	1.2020202e1	7.5510387e-1	
2026-06-09	11:3:42	4.45393e2	1.46621e1	1.22245e1	5.14904e1	9.74335e1	9.3835296e-2	8.2653284e-2	1.2072236e1	7.4567451e-1	
2026-06-09	11:3:42	4.44674e2	1.46432e1	1.22053e1	5.14937e1	9.74365e1	9.3729610e-2	8.2579975e-2	1.2074754e1	7.5957469e-1	
2026-06-09	11:3:43	4.44593e2	1.46396e1	1.22016e1	5.14971e1	9.74365e1	9.3716735e-2	8.2565069e-2	1.2037827e1	7.4658393e-1	
2026-06-09	11:3:43	4.44330e2	1.46311e1	1.21924e1	5.15004e1	9.74339e1	9.3674068e-2	8.2528772e-2	1.2076432e1	7.5241446e-1	
2026-06-09	11:3:44	4.43632e2	1.46231e1	1.21854e1	5.15037e1	9.74427e1	9.3577384e-2	8.2503137e-2	1.2031953e1	7.5222592e-1	
2026-06-09	11:3:44	4.43484e2	1.46165e1	1.21777e1	5.14971e1	9.74377e1	9.3551521e-2	8.2473993e-2	1.2076432e1	7.4110078e-1	
2026-06-09	11:3:45	4.43538e2	1.45985e1	1.21599e1	5.14937e1	9.74437e1	9.3566055e-2	8.2407712e-2	1.2073075e1	7.5868186e-1	
2026-06-09	11:3:45	4.43007e2	1.45962e1	1.21566e1	5.14871e1	9.74372e1	9.3481178e-2	8.2394895e-2	1.2016006e1	7.4753189e-1	
2026-06-09	11:3:46	4.42567e2	1.45960e1	1.21556e1	5.14871e1	9.74324e1	9.3410491e-2	8.2390193e-2	1.2041184e1	7.5559358e-1	
2026-06-09	11:3:46	4.42722e2	1.45933e1	1.21540e1	5.14904e1	9.74400e1	9.3440351e-2	8.2384824e-2	1.2033631e1	7.5203709e-1	
2026-06-09	11:3:47	4.42431e2	1.45820e1	1.21408e1	5.14971e1	9.74310e1	9.3386287e-2	8.2331476e-2	1.2069718e1	7.5113039e-1	
2026-06-09	11:3:47	4.42315e2	1.45744e1	1.21322e1	5.14971e1	9.74260e1	9.3363819e-2	8.2297506e-2	1.2087342e1	7.6186609e-1	
2026-06-09	11:3:48	4.41949e2	1.45729e1	1.21319e1	5.14904e1	9.74345e1	9.3318700e-2	8.2299346e-2	1.1997543e1	7.5115699e-1	
2026-06-09	11:3:48	4.41685e2	1.45622e1	1.21203e1	5.14871e1	9.74320e1	9.3276977e-2	8.2255067e-2	1.2074754e1	7.5205631e-1	
2026-06-09	11:3:49	4.42241e2	1.45577e1	1.21148e1	5.14971e1	9.74262e1	9.3352794e-2	8.2231044e-2	1.2063004e1	7.6178174e-1	
2026-06-09	11:3:49	4.41698e2	1.45599e1	1.21188e1	5.15070e1	9.74372e1	9.3280134e-2	8.2246780e-2	1.2048738e1	7.5376553e-1	
2026-06-09	11:3:50	4.40873e2	1.45666e1	1.21240e1	5.14971e1	9.74262e1	9.3147335e-2	8.2266445e-2	1.2062165e1	7.5135793e-1	
2026-06-09	11:3:50	4.40637e2	1.45540e1	1.21114e1	5.14904e1	9.74297e1	9.3116397e-2	8.2220315e-2	1.2071397e1	7.6465773e-1	
2026-06-09	11:3:51	4.41080e2	1.45464e1	1.21039e1	5.14937e1	9.74322e1	9.3184833e-2	8.2191228e-2	1.2029434e1	7.5757813e-1	
2026-06-09	11:3:51	4.41172e2	1.45475e1	1.21042e1	5.15004e1	9.74270e1	9.3192100e-2	8.2190399e-2	1.2067201e1	7.5400180e-1	
2026-06-09	11:3:52	4.40293e2	1.45421e1	1.20988e1	5.15004e1	9.74284e1	9.3061265e-2	8.2170124e-2	1.2052094e1	7.6243014e-1	
2026-06-09	11:3:52	4.39866e2	1.45456e1	1.21036e1	5.14971e1	9.74359e1	9.3005065e-2	8.2190332e-2	1.2014328e1	7.5507545e-1	
2026-06-09	11:3:53	4.40543e2	1.45446e1	1.21010e1	5.14937e1	9.74262e1	9.3098049e-2	8.2179307e-2	1.2059648e1	7.5270919e-1	
2026-06-09	11:3:53	4.40558e2	1.45353e1	1.20919e1	5.14937e1	9.74300e1	9.3103942e-2	8.2145156e-2	1.2060487e1	7.6322932e-1	
2026-06-09	11:3:54	4.40047e2	1.45380e1	1.20953e1	5.14971e1	9.74335e1	9.3029737e-2	8.2158384e-2	1.2036988e1	7.5849490e-1	
2026-06-09	11:3:54	4.40202e2	1.45375e1	1.20938e1	5.14937e1	9.74272e1	9.3047561e-2	8.2151889e-2	1.2035310e1	7.5849490e-1	
2026-06-09	11:3:55	4.40023e2	1.45297e1	1.20852e1	5.14904e1	9.74240e1	9.3018112e-2	8.2118930e-2	1.2042863e1	7.6108560e-1	
2026-06-09	11:3:55	4.39542e2	1.45348e1	1.20920e1	5.14904e1	9.74335e1	9.2955055e-2	8.2146701e-2	1.2046220e1	7.6222996e-1	
2026-06-09	11:3:56	4.39722e2	1.45410e1	1.20977e1	5.14971e1	9.74284e1	9.2975912e-2	8.2166433e-2	1.2036149e1	7.5670123e-1	
2026-06-09	11:3:56	4.40186e2	1.45335e1	1.20894e1	5.14937e1	9.74260e1	9.3043918e-2	8.2135019e-2	1.2058808e1	7.6066036e-1	
2026-06-09	11:3:57	4.39897e2	1.45339e1	1.20896e1	5.14937e1	9.74240e1	9.2998504e-2	8.2135086e-2	1.2055451e1	7.6867151e-1	
2026-06-09	11:3:57	4.38814e2	1.45322e1	1.20936e1	5.14904e1	9.74615e1	9.2872734e-2	8.2158269e-2	1.2023559e1	7.6593012e-1	
2026-06-09	11:3:58	4.39407e2	1.45288e1	1.21037e1	5.14937e1	9.75492e1	9.3047733e-2	8.2213106e-2	1.2045381e1	7.6364469e-1	
2026-06-09	11:3:58	4.38664e2	1.44791e1	1.20460e1	5.15004e1	9.75129e1	9.2898006e-2	8.1985111e-2	1.2047898e1	7.6093287e-1	
2026-06-09	11:3:59	4.46821e2	1.47461e1	1.23103e1	5.15004e1	9.74272e1	9.4041585e-2	8.2979736e-2	1.2068040e1	7.6603202e-1	
2026-06-09	11:3:59	4.74454e2	1.55650e1	1.31345e1	5.14971e1	9.74232e1	9.8116102e-2	8.6185874e-2	1.2021881e1	7.5853481e-1	
2026-06-09	11:4:00	4.86041e2	1.59462e1	1.35051e1	5.14937e1	9.74215e1	9.9789915e-2	8.7654476e-2	1.2063844e1	7.5991196e-1	
2026-06-09	11:4:00	4.67227e2	1.54682e1	1.30387e1	5.14971e1	9.74212e1	9.7060737e-2	8.5808458e-2	1.2071397e1	7.6469106e-1	
2026-06-09	11:4:01	4.52217e2	1.50147e1	1.25860e1	5.14971e1	9.74320e1	9.4854297e-2	8.4044513e-2	1.2058808e1	7.6000642e-1	
2026-06-09	11:4:01	4.52217e2	1.50147e1	1.25860e1	5.14971e1	9.74320e1	9.4854297e-2	8.4044513e-2	1.2058808e1	7.6000642e-1	
2026-06-09	11:4:02	4.49106e2	1.48934e1	1.24610e1	5.14871e1	9.74237e1	9.4383716e-2	8.3561658e-2	1.2018524e1	7.5963835e-1	
2026-06-09	11:4:02	4.48832e2	1.48472e1	1.24137e1	5.15004e1	9.74237e1	9.4339551e-2	8.3376770e-2	1.2073075e1	7.6793665e-1	
2026-06-09	11:4:03	4.48046e2	1.48322e1	1.23986e1	5.14971e1	9.74250e1	9.4223976e-2	8.3319425e-2	1.2000900e1	7.6162405e-1	
2026-06-09	11:4:03	4.47017e2	1.47981e1	1.23625e1	5.14904e1	9.74180e1	9.4064350e-2	8.3180131e-2	1.2026077e1	7.6091022e-1	
2026-06-09	11:4:04	4.46621e2	1.47700e1	1.23331e1	5.14971e1	9.74149e1	9.4000577e-2	8.3065271e-2	1.2051255e1	7.6525058e-1	
2026-06-09	11:4:04	4.45920e2	1.47603e1	1.23250e1	5.15070e1	9.74275e1	9.3905982e-2	8.3034992e-2	1.2068879e1	7.6467561e-1	
2026-06-09	11:4:05	4.45031e2	1.47401e1	1.23039e1	5.15004e1	9.74257e1	9.3772230e-2	8.2954826e-2	1.2024399e1	7.5965843e-1	
2026-06-09	11:4:05	4.44633e2	1.47173e1	1.22793e1	5.14904e1	9.74189e1	9.3707675e-2	8.2860708e-2	1.2046220e1	7.6311974e-1	
2026-06-09	11:4:06	4.44452e2	1.46973e1	1.22589e1	5.14937e1	9.74209e1	9.3681631e-2	8.2782325e-2	1.2059648e1	7.6704235e-1	
2026-06-09	11:4:06	4.43381e2	1.46872e1	1.22498e1	5.14937e1	9.74294e1	9.3529338e-2	8.2749128e-2	1.2064683e1	7.6388292e-1	
2026-06-09	11:4:07	4.42796e2	1.46795e1	1.22401e1	5.14937e1	9.74187e1	9.3430881e-2	8.2709903e-2	1.2031953e1	7.6263051e-1	
2026-06-09	11:4:07	4.42700e2	1.46623e1	1.22220e1	5.14904e1	9.74164e1	9.3414726e-2	8.2640409e-2	1.2061326e1	7.6236600e-1	
2026-06-09	11:4:08	4.42234e2	1.46454e1	1.22056e1	5.14904e1	9.74237e1	9.3351726e-2	8.2579135e-2	1.2047898e1	7.6852092e-1	
2026-06-09	11:4:08	4.41824e2	1.46349e1	1.21959e1	5.14937e1	9.74317e1	9.3297185e-2	8.2542953e-2	1.2028595e1	7.5740189e-1	
2026-06-09	11:4:09	4.41871e2	1.46173e1	1.21769e1	5.14937e1	9.74265e1	9.3298912e-2	8.2469100e-2	1.2035310e1	7.5217366e-1	
2026-06-09	11:4:09	4.41565e2	1.46070e1	1.21664e1	5.14937e1	9.74284e1	9.3254747e-2	8.2429466e-2	1.2052934e1	7.5988078e-1	
2026-06-09	11:4:10	4.41183e2	1.46033e1	1.21639e1	5.14937e1	9.74367e1	9.3205394e-2	8.2421598e-2	1.2005935e1	7.5178217e-1	
2026-06-09	11:4:10	4.41034e2	1.45930e1	1.21523e1	5.14937e1	9.74312e1	9.3177499e-2	8.2375946e-2	1.2073915e1	7.5026917e-1	
2026-06-09	11:4:11	4.40174e2	1.45847e1	1.21438e1	5.14937e1	9.74320e1	9.3048686e-2	8.2343692e-2	1.2077271e1	7.6048378e-1	
2026-06-09	11:4:11	4.39750e2	1.45759e1	1.21353e1	5.14904e1	9.74365e1	9.2989740e-2	8.2312879e-2	1.1998382e1	7.5071234e-1	
2026-06-09	11:4:12	4.40217e2	1.45771e1	1.21352e1	5.14904e1	9.74279e1	9.3051729e-2	8.2310791e-2	1.2056291e1	7.5615730e-1	
2026-06-09	11:4:12	4.40132e2	1.45782e1	1.21371e1	5.15004e1	9.74329e1	9.3041896e-2	8.2317295e-2	1.2062165e1	7.6341171e-1	
2026-06-09	11:4:13	4.40222e2	1.45703e1	1.21293e1	5.15070e1	9.74355e1	9.3056497e-2	8.2286777e-2	1.2029434e1	7.5575008e-1	
2026-06-09	11:4:13	4.39897e2	1.45694e1	1.21275e1	5.14971e1	9.74297e1	9.3003931e-2	8.2280340e-2	1.2058808e1	7.5480513e-1	
2026-06-09	11:4:14	4.38552e2	1.45639e1	1.21211e1	5.14904e1	9.74257e1	9.2798595e-2	8.2256374e-2	1.2053773e1	7.6490392e-1	
2026-06-09	11:4:14	4.38047e2	1.45484e1	1.21063e1	5.14904e1	9.74342e1	9.2730522e-2	8.2201366e-2	1.2049577e1	7.5463342e-1	
2026-06-09	11:4:15	4.38411e2	1.45534e1	1.21097e1	5.14937e1	9.74227e1	9.2773437e-2	8.2211790e-2	1.2073915e1	7.5367841e-1	
2026-06-09	11:4:15	4.38371e2	1.45718e1	1.21300e1	5.15004e1	9.74300e1	9.2773437e-2	8.2289581e-2	1.2060487e1	7.6317381e-1	
2026-06-09	11:4:16	4.38289e2	1.45752e1	1.21340e1	5.15004e1	9.74332e1	9.2764263e-2	8.2305488e-2	1.2016006e1	7.5463728e-1	
2026-06-09	11:4:16	4.38356e2	1.45468e1	1.21034e1	5.14937e1	9.74267e1	9.2769088e-2	8.2188425e-2	1.2068040e1	7.5210471e-1	
2026-06-09	11:4:17	4.38067e2	1.45335e1	1.20904e1	5.14937e1	9.74322e1	9.2730703e-2	8.2139911e-2	1.2084825e1	7.6200838e-1	
2026-06-09	11:4:17	4.37693e2	1.45309e1	1.20890e1	5.14971e1	9.74410e1	9.2682065e-2	8.2135734e-2	1.2028595e1	7.5470547e-1	
2026-06-09	11:4:18	4.37801e2	1.45250e1	1.20823e1	5.15004e1	9.74372e1	9.2694044e-2	8.2108860e-2	1.2086503e1	7.5389189e-1	
2026-06-09	11:4:18	4.37948e2	1.45289e1	1.20877e1	5.14937e1	9.74455e1	9.2725639e-2	8.2132158e-2	1.2077271e1	7.6328887e-1	
2026-06-09	11:4:19	4.37099e2	1.45314e1	1.20890e1	5.14937e1	9.74372e1	9.2589435e-2	8.2135438e-2	1.2042863e1	7.5645732e-1	
2026-06-09	11:4:19	4.37720e2	1.45492e1	1.21201e1	5.14937e1	9.75177e1	9.2762413e-2	8.2269906e-2	1.2059648e1	7.5642480e-1	
2026-06-09	11:4:20	4.40123e2	1.46034e1	1.21797e1	5.14937e1	9.75370e1	9.3144531e-2	8.2501230e-2	1.2068879e1	7.6093239e-1	
2026-06-09	11:4:20	4.41852e2	1.46926e1	1.22564e1	5.15004e1	9.74362e1	9.3305225e-2	8.2774639e-2	1.2036149e1	7.5402212e-1	
2026-06-09	11:4:21	4.53916e2	1.51205e1	1.26921e1	5.15037e1	9.74262e1	9.5100641e-2	8.4454002e-2	1.2051255e1	7.5324602e-1	
2026-06-09	11:4:21	4.67573e2	1.56117e1	1.31814e1	5.15004e1	9.74302e1	9.7121658e-2	8.6371717e-2	1.2069718e1	7.6211776e-1	
2026-06-09	11:4:22	4.61364e2	1.54580e1	1.30309e1	5.14871e1	9.74359e1	9.6218223e-2	8.5782890e-2	1.2004257e1	7.5103850e-1	
2026-06-09	11:4:22	4.48817e2	1.50427e1	1.26141e1	5.14904e1	9.74307e1	9.4348793e-2	8.4154605e-2	1.2074754e1	7.5318646e-1	
2026-06-09	11:4:23	4.44658e2	1.48640e1	1.24317e1	5.14971e1	9.74284e1	9.3721332e-2	8.3447637e-2	1.2066361e1	7.6253681e-1	
2026-06-09	11:4:23	4.44513e2	1.48362e1	1.24040e1	5.14971e1	9.74335e1	9.3704223e-2	8.3341836e-2	1.2022720e1	7.5429673e-1	
2026-06-09	11:4:24	4.44312e2	1.48220e1	1.23883e1	5.14937e1	9.74267e1	9.3667869e-2	8.3280801e-2	1.2068879e1	7.5455021e-1	
2026-06-09	11:4:24	4.43633e2	1.47909e1	1.23564e1	5.14937e1	9.74262e1	9.3565225e-2	8.3157596e-2	1.2073915e1	7.6455588e-1	
2026-06-09	11:4:25	4.42688e2	1.47738e1	1.23395e1	5.14904e1	9.74310e1	9.3428611e-2	8.3094358e-2	1.2050416e1	7.5439338e-1	
2026-06-09	11:4:25	4.42578e2	1.47608e1	1.23248e1	5.14971e1	9.74230e1	9.3402681e-2	8.3035049e-2	1.2071397e1	7.5470213e-1	
2026-06-09	11:4:26	4.42124e2	1.47345e1	1.22989e1	5.15004e1	9.74307e1	9.3341169e-2	8.2936525e-2	1.2081468e1	7.6267123e-1	
2026-06-09	11:4:26	4.41430e2	1.47164e1	1.22813e1	5.14937e1	9.74374e1	9.3244609e-2	8.2871494e-2	1.2000061e1	7.5504159e-1	
2026-06-09	11:4:27	4.41478e2	1.46983e1	1.22604e1	5.14937e1	9.74242e1	9.3238534e-2	8.2788829e-2	1.2043702e1	7.5174593e-1	
2026-06-09	11:4:27	4.41245e2	1.46756e1	1.22376e1	5.14937e1	9.74282e1	9.3207244e-2	8.2701921e-2	1.2073075e1	7.6325936e-1	
2026-06-09	11:4:28	4.40729e2	1.46640e1	1.22270e1	5.14971e1	9.74372e1	9.3137559e-2	8.2662639e-2	1.2018524e1	7.5332999e-1	
2026-06-09	11:4:28	4.40163e2	1.46588e1	1.22205e1	5.15037e1	9.74297e1	9.3043689e-2	8.2634925e-2	1.2074754e1	7.5200867e-1	
2026-06-09	11:4:29	4.40111e2	1.46458e1	1.22070e1	5.14971e1	9.74297e1	9.3037014e-2	8.2584323e-2	1.2071397e1	7.6408982e-1	
2026-06-09	11:4:29	4.39790e2	1.46279e1	1.21890e1	5.14871e1	9.74342e1	9.2994871e-2	8.2518339e-2	1.2005096e1	7.5471758e-1	
2026-06-09	11:4:30	4.39085e2	1.46197e1	1.21783e1	5.14904e1	9.74202e1	9.2874107e-2	8.2474050e-2	1.2059648e1	7.5653409e-1	
2026-06-09	11:4:30	4.39067e2	1.46129e1	1.21722e1	5.14971e1	9.74260e1	9.2875661e-2	8.2450571e-2	1.2063004e1	7.6317558e-1	
2026-06-09	11:4:31	4.38978e2	1.46044e1	1.21652e1	5.14904e1	9.74377e1	9.2874946e-2	8.2427387e-2	1.2020202e1	7.5760216e-1	
2026-06-09	11:4:31	4.38599e2	1.45958e1	1.21538e1	5.14904e1	9.74219e1	9.2802286e-2	8.2380714e-2	1.2045381e1	7.5470600e-1	
2026-06-09	11:4:32	4.38030e2	1.45802e1	1.21386e1	5.14904e1	9.74284e1	9.2722711e-2	8.2323665e-2	1.2070558e1	7.6313805e-1	
2026-06-09	11:4:32	4.38050e2	1.45759e1	1.21346e1	5.14937e1	9.74315e1	9.2727842e-2	8.2308406e-2	1.2051255e1	7.5635046e-1	
2026-06-09	11:4:33	4.37951e2	1.45677e1	1.21252e1	5.14971e1	9.74267e1	9.2707576e-2	8.2271156e-2	1.2048738e1	7.4806766e-1	
2026-06-09	11:4:33	4.37505e2	1.45556e1	1.21139e1	5.14937e1	9.74347e1	9.2648563e-2	8.2229909e-2	1.2070558e1	7.5976271e-1	
2026-06-09	11:4:34	4.37410e2	1.45623e1	1.21213e1	5.14871e1	9.74380e1	9.2638854e-2	8.2260246e-2	1.2002578e1	7.4810938e-1	
2026-06-09	11:4:34	4.37428e2	1.45649e1	1.21226e1	5.14871e1	9.74284e1	9.2632293e-2	8.2263231e-2	1.2054612e1	7.5232071e-1	
2026-06-09	11:4:35	4.37443e2	1.45575e1	1.21165e1	5.14904e1	9.74384e1	9.2643556e-2	8.2241115e-2	1.2057130e1	7.5847907e-1	
2026-06-09	11:4:35	4.37061e2	1.45568e1	1.21151e1	5.14971e1	9.74342e1	9.2580375e-2	8.2233905e-2	1.2062165e1	7.4332528e-1	
2026-06-09	11:4:36	4.37124e2	1.45521e1	1.21095e1	5.15037e1	9.74302e1	9.2584495e-2	8.2210779e-2	1.2073075e1	7.5582337e-1	
2026-06-09	11:4:36	4.37305e2	1.45459e1	1.21048e1	5.14937e1	9.74415e1	9.2624778e-2	8.2196474e-2	1.2021881e1	7.4966506e-1	
2026-06-09	11:4:37	4.37236e2	1.45378e1	1.20944e1	5.14904e1	9.74287e1	9.2602548e-2	8.2155046e-2	1.2068040e1	7.4981298e-1	
2026-06-09	11:4:37	4.36997e2	1.45411e1	1.20988e1	5.14937e1	9.74355e1	9.2572326e-2	8.2172574e-2	1.2073915e1	7.6169424e-1	
2026-06-09	11:4:38	4.36905e2	1.45553e1	1.21120e1	5.14937e1	9.74250e1	9.2548313e-2	8.2221031e-2	1.2021881e1	7.5361351e-1	
2026-06-09	11:4:38	4.36809e2	1.45397e1	1.20950e1	5.14971e1	9.74202e1	9.2528400e-2	8.2154512e-2	1.2074754e1	7.5911846e-1	
2026-06-09	11:4:39	4.36610e2	1.45284e1	1.20834e1	5.14937e1	9.74212e1	9.2499790e-2	8.2110881e-2	1.2071397e1	7.6742782e-1	
2026-06-09	11:4:40	4.36580e2	1.45315e1	1.20875e1	5.14937e1	9.74275e1	9.2501401e-2	8.2127990e-2	1.2036988e1	7.5914964e-1	
2026-06-09	11:4:40	4.36518e2	1.45291e1	1.20837e1	5.14971e1	9.74187e1	9.2482805e-2	8.2111063e-2	1.2044541e1	7.5732321e-1	
2026-06-09	11:4:40	4.36706e2	1.45255e1	1.20798e1	5.14937e1	9.74177e1	9.2510814e-2	8.2096757e-2	1.2065522e1	7.6213455e-1	
2026-06-09	11:4:41	4.36967e2	1.45281e1	1.20842e1	5.14971e1	9.74284e1	9.2560110e-2	8.2114877e-2	1.2048738e1	7.5566201e-1	
2026-06-09	11:4:41	4.36748e2	1.45319e1	1.20874e1	5.15004e1	9.74237e1	9.2521781e-2	8.2125720e-2	1.2073075e1	7.4666113e-1	
2026-06-09	11:4:42	4.36823e2	1.45259e1	1.20820e1	5.14971e1	9.74292e1	9.2539129e-2	8.2106771e-2	1.2059648e1	7.6060190e-1	
2026-06-09	11:4:42	4.36735e2	1.45213e1	1.20783e1	5.14904e1	9.74365e1	9.2534179e-2	8.2095031e-2	1.2010971e1	7.4921817e-1	
2026-06-09	11:4:43	4.36302e2	1.45271e1	1.20830e1	5.14871e1	9.74277e1	9.2460870e-2	8.2112016e-2	1.2046220e1	7.5194363e-1	
2026-06-09	11:4:43	4.36391e2	1.45258e1	1.20830e1	5.14971e1	9.74362e1	9.2480659e-2	8.2111892e-2	1.2066361e1	7.6198310e-1	
2026-06-09	11:4:44	4.36404e2	1.45193e1	1.20755e1	5.15037e1	9.74322e1	9.2477207e-2	8.2081317e-2	1.2023559e1	7.5496377e-1	
2026-06-09	11:4:44	4.36072e2	1.45116e1	1.20657e1	5.15037e1	9.74205e1	9.2415447e-2	8.2041559e-2	1.2063004e1	7.5773563e-1	
2026-06-09	11:4:45	4.35867e2	1.45068e1	1.20604e1	5.14971e1	9.74187e1	9.2384042e-2	8.2022190e-2	1.2064683e1	7.6827335e-1	
2026-06-09	11:4:45	4.35943e2	1.45066e1	1.20628e1	5.14937e1	9.74355e1	9.2412586e-2	8.2035064e-2	1.2039506e1	7.6014990e-1	
2026-06-09	11:4:46	4.36270e2	1.45155e1	1.20713e1	5.15004e1	9.74302e1	9.2455749e-2	8.2065286e-2	1.2044541e1	7.6012468e-1	
2026-06-09	11:4:46	4.35566e2	1.45117e1	1.20659e1	5.14971e1	9.74212e1	9.2341060e-2	8.2043762e-2	1.2044541e1	7.6380438e-1	
2026-06-09	11:4:47	4.35399e2	1.45066e1	1.20768e1	5.14904e1	9.75257e1	9.2419090e-2	8.2106771e-2	1.2038667e1	7.6342277e-1	
2026-06-09	11:4:47	4.39746e2	1.45689e1	1.21509e1	5.14904e1	9.75837e1	9.3134040e-2	8.2400856e-2	1.2031953e1	7.4545359e-1	
2026-06-09	11:4:48	4.42055e2	1.46502e1	1.22117e1	5.14971e1	9.74304e1	9.3330202e-2	8.2602443e-2	1.2052094e1	7.5616159e-1	
2026-06-09	11:4:48	4.66191e2	1.51119e1	1.26850e1	5.15004e1	9.74365e1	9.6919536e-2	8.4429206e-2	1.2047059e1	7.5435533e-1	
2026-06-09	11:4:49	4.98934e2	1.57568e1	1.33224e1	5.15004e1	9.74252e1	1.0162419e-1	8.6928071e-2	1.2063844e1	7.5095520e-1	
2026-06-09	11:4:49	4.84018e2	1.55631e1	1.31335e1	5.14937e1	9.74284e1	9.9502086e-2	8.6183433e-2	1.2078111e1	7.5971741e-1	
2026-06-09	11:4:50	4.57101e2	1.50417e1	1.26142e1	5.14837e1	9.74380e1	9.5587139e-2	8.4157705e-2	1.2015167e1	7.5232868e-1	
2026-06-09	11:4:50	4.50330e2	1.48712e1	1.24386e1	5.14837e1	9.74252e1	9.4567956e-2	8.3475952e-2	1.2073915e1	7.5048770e-1	
2026-06-09	11:4:51	4.49882e2	1.48449e1	1.24120e1	5.14904e1	9.74272e1	9.4501609e-2	8.3372535e-2	1.2091538e1	7.6376700e-1	
2026-06-09	11:4:51	4.49125e2	1.48266e1	1.23937e1	5.15004e1	9.74302e1	9.4389438e-2	8.3300886e-2	1.2039506e1	7.5366621e-1	
2026-06-09	11:4:52	4.48310e2	1.47963e1	1.23619e1	5.15037e1	9.74262e1	9.4262895e-2	8.3177089e-2	1.2064683e1	7.5145883e-1	
2026-06-09	11:4:52	4.47169e2	1.47712e1	1.23367e1	5.14937e1	9.74307e1	9.4098749e-2	8.3082914e-2	1.2062165e1	7.6403045e-1	
2026-06-09	11:4:53	4.45984e2	1.47604e1	1.23259e1	5.14971e1	9.74324e1	9.3922557e-2	8.3041076e-2	1.2058808e1	7.5393838e-1	
2026-06-09	11:4:53	4.45518e2	1.47393e1	1.23020e1	5.14937e1	9.74184e1	9.3839406e-2	8.2947015e-2	1.2056291e1	7.5400381e-1	
2026-06-09	11:4:54	4.44992e2	1.47123e1	1.22752e1	5.14904e1	9.74262e1	9.3768653e-2	8.2846584e-2	1.2064683e1	7.6228618e-1	
2026-06-09	11:4:54	4.43860e2	1.47004e1	1.22642e1	5.14937e1	9.74339e1	9.3605813e-2	8.2804975e-2	1.2025238e1	7.5674648e-1	
2026-06-09	11:4:55	4.43024e2	1.46872e1	1.22485e1	5.14937e1	9.74207e1	9.3467178e-2	8.2742271e-2	1.2068879e1	7.5362997e-1	
2026-06-09	11:4:55	4.43024e2	1.46872e1	1.22485e1	5.14937e1	9.74207e1	9.3467178e-2	8.2742271e-2	1.2068879e1	7.5362997e-1	
2026-06-09	11:4:56	4.42802e2	1.46679e1	1.22289e1	5.14937e1	9.74237e1	9.3436660e-2	8.2667884e-2	1.2063004e1	7.6147184e-1	
2026-06-09	11:4:56	4.41411e2	1.46446e1	1.22051e1	5.14871e1	9.74265e1	9.3231382e-2	8.2578544e-2	1.2050416e1	7.4968047e-1	
2026-06-09	11:4:57	4.41278e2	1.46263e1	1.21860e1	5.14871e1	9.74252e1	9.3209924e-2	8.2504930e-2	1.2070558e1	7.6211905e-1	
2026-06-09	11:4:57	4.40514e2	1.46196e1	1.21808e1	5.14904e1	9.74362e1	9.3105077e-2	8.2486629e-2	1.2024399e1	7.5459761e-1	
2026-06-09	11:4:58	4.40379e2	1.46104e1	1.21696e1	5.14971e1	9.74260e1	9.3073253e-2	8.2440738e-2	1.2076432e1	7.5437068e-1	
2026-06-09	11:4:58	4.40053e2	1.46015e1	1.21602e1	5.15004e1	9.74250e1	9.3022460e-2	8.2403717e-2	1.2060487e1	7.6348009e-1	
2026-06-09	11:4:59	4.39478e2	1.45975e1	1.21571e1	5.14904e1	9.74315e1	9.2944145e-2	8.2394895e-2	1.2020202e1	7.5478143e-1	
2026-06-09	11:4:59	4.38927e2	1.45861e1	1.21446e1	5.14904e1	9.74275e1	9.2857122e-2	8.2346439e-2	1.2059648e1	7.5517845e-1	
2026-06-09	11:5:00	4.38868e2	1.45820e1	1.21399e1	5.14971e1	9.74252e1	9.2844486e-2	8.2326946e-2	1.2078950e1	7.6582379e-1	
2026-06-09	11:5:00	4.38431e2	1.45742e1	1.21326e1	5.14971e1	9.74304e1	9.2783632e-2	8.2299890e-2	1.2019363e1	7.5757446e-1	
2026-06-09	11:5:01	4.38109e2	1.45652e1	1.21221e1	5.14904e1	9.74234e1	9.2729511e-2	8.2259712e-2	1.2078950e1	7.5390295e-1	
2026-06-09	11:5:01	4.38381e2	1.45693e1	1.21268e1	5.14937e1	9.74260e1	9.2772302e-2	8.2277717e-2	1.2051255e1	7.6260652e-1	
2026-06-09	11:5:02	4.38216e2	1.45673e1	1.21258e1	5.14904e1	9.74332e1	9.2755260e-2	8.2275867e-2	1.2016845e1	7.5430049e-1	
2026-06-09	11:5:02	4.37868e2	1.45557e1	1.21129e1	5.14871e1	9.74279e1	9.2698040e-2	8.2226095e-2	1.2071397e1	7.4893808e-1	
2026-06-09	11:5:03	4.37445e2	1.45496e1	1.21073e1	5.14871e1	9.74327e1	9.2638788e-2	8.2205829e-2	1.2062165e1	7.6281614e-1	
2026-06-09	11:5:03	4.36945e2	1.45465e1	1.21033e1	5.14871e1	9.74277e1	9.2558326e-2	8.2189445e-2	1.1999221e1	7.5339221e-1	
2026-06-09	11:5:04	4.37093e2	1.45407e1	1.20970e1	5.14871e1	9.74260e1	9.2578945e-2	8.2165002e-2	1.2061326e1	7.5044250e-1	
2026-06-09	11:5:04	4.37218e2	1.45425e1	1.20994e1	5.14904e1	9.74300e1	9.2601003e-2	8.2174539e-2	1.2066361e1	7.6203107e-1	
2026-06-09	11:5:05	4.36832e2	1.45446e1	1.21023e1	5.14904e1	9.74342e1	9.2546882e-2	8.2186403e-2	1.2021881e1	7.5491390e-1	
2026-06-09	11:5:05	4.36727e2	1.45379e1	1.20927e1	5.14937e1	9.74175e1	9.2513923e-2	8.2145690e-2	1.2064683e1	7.5725812e-1	
2026-06-09	11:5:06	4.36468e2	1.45271e1	1.20815e1	5.15037e1	9.74182e1	9.2473268e-2	8.2101402e-2	1.2050416e1	7.6487803e-1	
2026-06-09	11:5:06	4.36557e2	1.45255e1	1.20822e1	5.15004e1	9.74329e1	9.2501878e-2	8.2107362e-2	1.2032792e1	7.5866794e-1	
2026-06-09	11:5:07	4.37609e2	1.45324e1	1.20885e1	5.14904e1	9.74277e1	9.2657804e-2	8.2132396e-2	1.2045381e1	7.5559797e-1	
2026-06-09	11:5:07	4.37707e2	1.45282e1	1.20833e1	5.14904e1	9.74225e1	9.2667398e-2	8.2111654e-2	1.2067201e1	7.6137943e-1	
2026-06-09	11:5:08	4.36521e2	1.45234e1	1.20791e1	5.14904e1	9.74270e1	9.2492580e-2	8.2096157e-2	1.2045381e1	7.5453233e-1	
2026-06-09	11:5:08	4.35284e2	1.45131e1	1.20688e1	5.14971e1	9.74304e1	9.2307386e-2	8.2056522e-2	1.2077271e1	7.4965090e-1	
2026-06-09	11:5:09	4.35584e2	1.45026e1	1.20784e1	5.15004e1	9.75622e1	9.2480773e-2	8.2117795e-2	1.2072236e1	7.6205992e-1	
2026-06-09	11:5:09	4.35114e2	1.45178e1	1.20918e1	5.14971e1	9.75465e1	9.2394943e-2	8.2166614e-2	1.2011810e1	7.4995274e-1	
2026-06-09	11:5:10	4.37585e2	1.46006e1	1.21597e1	5.14904e1	9.74277e1	9.2655000e-2	8.2404136e-2	1.2066361e1	7.5311369e-1	
2026-06-09	11:5:10	4.68365e2	1.51843e1	1.27571e1	5.14937e1	9.74304e1	9.7233476e-2	8.4709587e-2	1.2057130e1	7.6369423e-1	
2026-06-09	11:5:11	5.02227e2	1.58594e1	1.34222e1	5.14971e1	9.74265e1	1.0209214e-1	8.7324981e-2	1.2014328e1	7.5583786e-1	
2026-06-09	11:5:11	4.87396e2	1.56512e1	1.32182e1	5.14971e1	9.74180e1	9.9975471e-2	8.6514949e-2	1.2062165e1	7.5792694e-1	
2026-06-09	11:5:12	4.58479e2	1.51040e1	1.26750e1	5.14971e1	9.74232e1	9.5773639e-2	8.4388074e-2	1.2040345e1	7.6649494e-1	
2026-06-09	11:5:12	4.49854e2	1.48967e1	1.24649e1	5.14904e1	9.74267e1	9.4497566e-2	8.3576564e-2	1.2032792e1	7.6214098e-1	
2026-06-09	11:5:13	4.48803e2	1.48540e1	1.24203e1	5.14904e1	9.74209e1	9.4334602e-2	8.3403224e-2	1.2037827e1	7.6067991e-1	
2026-06-09	11:5:13	4.48895e2	1.48311e1	1.23959e1	5.14971e1	9.74152e1	9.4340915e-2	8.3307027e-2	1.2053773e1	7.6133823e-1	
2026-06-09	11:5:14	4.48448e2	1.48235e1	1.23892e1	5.14971e1	9.74225e1	9.4281377e-2	8.3282833e-2	1.2085664e1	7.6765732e-1	
2026-06-09	11:5:14	4.46976e2	1.48051e1	1.23707e1	5.15037e1	9.74247e1	9.4062385e-2	8.3210706e-2	1.2029434e1	7.5970034e-1	
2026-06-09	11:5:15	4.46810e2	1.47841e1	1.23477e1	5.15037e1	9.74154e1	9.4028110e-2	8.3120346e-2	1.2036149e1	7.5743365e-1	
2026-06-09	11:5:15	4.46320e2	1.47631e1	1.23269e1	5.14937e1	9.74207e1	9.3961772e-2	8.3043212e-2	1.2068879e1	7.6323776e-1	
2026-06-09	11:5:16	4.45205e2	1.47356e1	1.22997e1	5.14904e1	9.74284e1	9.3803110e-2	8.2940759e-2	1.2027755e1	7.5908632e-1	
2026-06-09	11:5:16	4.44471e2	1.47153e1	1.22773e1	5.14904e1	9.74192e1	9.3683719e-2	8.2853202e-2	1.2044541e1	7.5685973e-1	
2026-06-09	11:5:17	4.43343e2	1.46978e1	1.22596e1	5.14937e1	9.74219e1	9.3516464e-2	8.2785243e-2	1.2048738e1	7.6152458e-1	
2026-06-09	11:5:17	4.42629e2	1.46848e1	1.22465e1	5.14971e1	9.74244e1	9.3410911e-2	8.2734880e-2	1.2049577e1	7.6046733e-1	
2026-06-09	11:5:18	4.42007e2	1.46705e1	1.22321e1	5.15004e1	9.74265e1	9.3318643e-2	8.2679328e-2	1.2026077e1	7.4716086e-1	
2026-06-09	11:5:18	4.41473e2	1.46525e1	1.22136e1	5.14937e1	9.74272e1	9.3240261e-2	8.2609710e-2	1.2061326e1	7.5650691e-1	
2026-06-09	11:5:19	4.41313e2	1.46393e1	1.22014e1	5.14871e1	9.74377e1	9.3227682e-2	8.2566375e-2	1.2031953e1	7.5000219e-1	
2026-06-09	11:5:19	4.40611e2	1.46327e1	1.21928e1	5.14871e1	9.74260e1	9.3110446e-2	8.2531156e-2	1.2073915e1	7.4757347e-1	
2026-06-09	11:5:20	4.39730e2	1.46195e1	1.21803e1	5.14937e1	9.74342e1	9.2984380e-2	8.2483825e-2	1.2089860e1	7.6130986e-1	
2026-06-09	11:5:20	4.39677e2	1.46087e1	1.21686e1	5.15004e1	9.74310e1	9.2971687e-2	8.2437219e-2	1.2031953e1	7.5221252e-1	
2026-06-09	11:5:21	4.39943e2	1.45923e1	1.21506e1	5.15037e1	9.74252e1	9.3005361e-2	8.2366762e-2	1.2070558e1	7.5483660e-1	
2026-06-09	11:5:21	4.39513e2	1.45868e1	1.21456e1	5.14971e1	9.74300e1	9.2946414e-2	8.2349777e-2	1.2071397e1	7.6479520e-1	
2026-06-09	11:5:22	4.38959e2	1.45824e1	1.21403e1	5.14871e1	9.74250e1	9.2860107e-2	8.2330045e-2	1.2007614e1	7.5799746e-1	
2026-06-09	11:5:22	4.38594e2	1.45768e1	1.21340e1	5.14971e1	9.74219e1	9.2800025e-2	8.2303705e-2	1.2083985e1	7.5714612e-1	
2026-06-09	11:5:23	4.38214e2	1.45810e1	1.21383e1	5.15004e1	9.74215e1	9.2741546e-2	8.2319498e-2	1.2070558e1	7.6444082e-1	
2026-06-09	11:5:23	4.38480e2	1.45696e1	1.21278e1	5.14904e1	9.74302e1	9.2792215e-2	8.2282657e-2	1.2014328e1	7.5771169e-1	
2026-06-09	11:5:24	4.38582e2	1.45579e1	1.21145e1	5.14871e1	9.74240e1	9.2801990e-2	8.2231636e-2	1.2045381e1	7.5245308e-1	
2026-06-09	11:5:24	4.37981e2	1.45533e1	1.21101e1	5.14904e1	9.74254e1	9.2711925e-2	8.2214241e-2	1.2069718e1	7.6104784e-1	
2026-06-09	11:5:25	4.37811e2	1.45506e1	1.21085e1	5.14971e1	9.74339e1	9.2693271e-2	8.2208690e-2	1.2031953e1	7.5242609e-1	
2026-06-09	11:5:25	4.37752e2	1.45464e1	1.21028e1	5.14971e1	9.74250e1	9.2675504e-2	8.2185029e-2	1.2070558e1	7.5184154e-1	
2026-06-09	11:5:26	4.36883e2	1.45336e1	1.20900e1	5.14904e1	9.74292e1	9.2549562e-2	8.2138357e-2	1.2057969e1	7.6373143e-1	
2026-06-09	11:5:26	4.36661e2	1.45324e1	1.20886e1	5.14904e1	9.74279e1	9.2514753e-2	8.2132873e-2	1.2021881e1	7.5447230e-1	
2026-06-09	11:5:27	4.37038e2	1.45380e1	1.20930e1	5.14971e1	9.74187e1	9.2561359e-2	8.2146463e-2	1.2079789e1	7.5494298e-1	
2026-06-09	11:5:27	4.36761e2	1.45309e1	1.20865e1	5.14971e1	9.74244e1	9.2525186e-2	8.2123041e-2	1.2069718e1	7.6408271e-1	
2026-06-09	11:5:28	4.36700e2	1.45243e1	1.20802e1	5.14971e1	9.74279e1	9.2519340e-2	8.2099437e-2	1.2010132e1	7.5483703e-1	
2026-06-09	11:5:28	4.36700e2	1.45243e1	1.20802e1	5.14971e1	9.74279e1	9.2519340e-2	8.2099437e-2	1.2010132e1	7.5483703e-1	
2026-06-09	11:5:29	4.36564e2	1.45182e1	1.20727e1	5.14937e1	9.74212e1	9.2492694e-2	8.2070407e-2	1.2072236e1	7.5251750e-1	
2026-06-09	11:5:29	4.36050e2	1.45239e1	1.20805e1	5.15004e1	9.74327e1	9.2424926e-2	8.2100925e-2	1.2032792e1	7.5428843e-1	
2026-06-09	11:5:30	4.35557e2	1.45175e1	1.20720e1	5.15070e1	9.74215e1	9.2337903e-2	8.2065105e-2	1.2084825e1	7.5581526e-1	
2026-06-09	11:5:30	4.35629e2	1.45116e1	1.20658e1	5.14971e1	9.74212e1	9.2350597e-2	8.2043170e-2	1.2052934e1	7.6440935e-1	
2026-06-09	11:5:31	4.35672e2	1.45158e1	1.20716e1	5.14904e1	9.74302e1	9.2367229e-2	8.2068262e-2	1.2018524e1	7.6042103e-1	
2026-06-09	11:5:31	4.35587e2	1.45110e1	1.20647e1	5.14871e1	9.74182e1	9.2343330e-2	8.2040491e-2	1.2036988e1	7.5707345e-1	
2026-06-09	11:5:32	4.36042e2	1.45151e1	1.20693e1	5.14971e1	9.74202e1	9.2412109e-2	8.2056465e-2	1.2052094e1	7.6207346e-1	
2026-06-09	11:5:32	4.35655e2	1.45235e1	1.20793e1	5.14971e1	9.74279e1	9.2361268e-2	8.2096214e-2	1.2048738e1	7.6250147e-1	
2026-06-09	11:5:33	4.35307e2	1.45178e1	1.20731e1	5.14837e1	9.74270e1	9.2310132e-2	8.2074823e-2	1.2042863e1	7.5076522e-1	
2026-06-09	11:5:33	4.35562e2	1.45076e1	1.20620e1	5.14837e1	9.74240e1	9.2345657e-2	8.2031784e-2	1.2078950e1	7.5594563e-1	
2026-06-09	11:5:34	4.35547e2	1.45083e1	1.20640e1	5.14904e1	9.74315e1	9.2349472e-2	8.2039537e-2	1.2039506e1	7.5626649e-1	
2026-06-09	11:5:34	4.35697e2	1.45145e1	1.20693e1	5.14904e1	9.74247e1	9.2365684e-2	8.2058668e-2	1.2040345e1	7.5256276e-1	
2026-06-09	11:5:35	4.35559e2	1.45016e1	1.20559e1	5.14904e1	9.74254e1	9.2345294e-2	8.2007770e-2	1.2041184e1	7.5988240e-1	
2026-06-09	11:5:35	4.35417e2	1.44985e1	1.20540e1	5.14937e1	9.74337e1	9.2331113e-2	8.2001390e-2	1.2064683e1	7.5341377e-1	
2026-06-09	11:5:36	4.35639e2	1.45063e1	1.20610e1	5.14970e1	9.74262e1	9.2356920e-2	8.2025947e-2	1.2058808e1	7.4412364e-1	
2026-06-09	11:5:36	4.35698e2	1.45037e1	1.20594e1	5.15037e1	9.74335e1	9.2371578e-2	8.2020168e-2	1.2066361e1	7.5835890e-1	
2026-06-09	11:5:37	4.35551e2	1.45026e1	1.20580e1	5.14971e1	9.74320e1	9.2349109e-2	8.2015810e-2	1.2040345e1	7.4811658e-1	
2026-06-09	11:5:37	4.35594e2	1.45065e1	1.20608e1	5.14937e1	9.74232e1	9.2347736e-2	8.2025289e-2	1.2040345e1	7.5308632e-1	
2026-06-09	11:5:38	4.35504e2	1.45006e1	1.20574e1	5.14904e1	9.74410e1	9.2352094e-2	8.2016229e-2	1.2026077e1	7.5285167e-1	
2026-06-09	11:5:38	4.35564e2	1.45001e1	1.20557e1	5.14971e1	9.74335e1	9.2352504e-2	8.2007169e-2	1.2061326e1	7.3746547e-1	
2026-06-09	11:5:39	4.35593e2	1.44995e1	1.20558e1	5.14971e1	9.74384e1	9.2361745e-2	8.2008543e-2	1.2073075e1	7.5807065e-1	
2026-06-09	11:5:39	4.35482e2	1.44986e1	1.20539e1	5.15004e1	9.74320e1	9.2337903e-2	8.1999359e-2	1.2031114e1	7.4576425e-1	
2026-06-09	11:5:40	4.35246e2	1.44943e1	1.20493e1	5.14970e1	9.74320e1	9.2302913e-2	8.1982669e-2	1.2040345e1	7.5325193e-1	
2026-06-09	11:5:40	4.34946e2	1.44944e1	1.20507e1	5.14937e1	9.74400e1	9.2265968e-2	8.1990127e-2	1.2030273e1	7.5548038e-1	
2026-06-09	11:5:41	4.34995e2	1.44989e1	1.20533e1	5.14937e1	9.74265e1	9.2260246e-2	8.1997394e-2	1.2042863e1	7.5157051e-1	
2026-06-09	11:5:41	4.35399e2	1.44978e1	1.20520e1	5.14904e1	9.74257e1	9.2321338e-2	8.1992921e-2	1.2058808e1	7.6091184e-1	
2026-06-09	11:5:42	4.35466e2	1.45030e1	1.20591e1	5.14971e1	9.74362e1	9.2340412e-2	8.2020816e-2	1.2048738e1	7.5661516e-1	
2026-06-09	11:5:42	4.35384e2	1.44994e1	1.20532e1	5.15037e1	9.74227e1	9.2313470e-2	8.1994476e-2	1.2028595e1	7.5740885e-1	
2026-06-09	11:5:43	4.34742e2	1.44919e1	1.20473e1	5.15004e1	9.74352e1	9.2229003e-2	8.1974983e-2	1.2040345e1	7.6377725e-1	
2026-06-09	11:5:43	4.35641e2	1.44926e1	1.20722e1	5.14971e1	9.75905e1	9.2517614e-2	8.2100505e-2	1.2070558e1	7.6330800e-1	
2026-06-09	11:5:44	4.27825e2	1.44643e1	1.20152e1	5.14904e1	9.74149e1	9.1159105e-2	8.1850643e-2	1.2021042e1	7.5739707e-1	
2026-06-09	11:5:44	4.50532e2	1.46380e1	1.21973e1	5.14904e1	9.74195e1	9.4588041e-2	8.2546415e-2	1.2074754e1	7.6019835e-1	
2026-06-09	11:5:45	5.61311e2	1.55375e1	1.31069e1	5.14971e1	9.74197e1	1.1015665e-1	8.6076374e-2	1.2071397e1	7.6719384e-1	
2026-06-09	11:5:45	5.95753e2	1.59304e1	1.34903e1	5.14971e1	9.74242e1	1.1466717e-1	8.7595520e-2	1.2032792e1	7.6237730e-1	
2026-06-09	11:5:46	5.13651e2	1.53416e1	1.29126e1	5.14904e1	9.74187e1	1.0367709e-1	8.5314807e-2	1.2014328e1	7.6160678e-1	
2026-06-09	11:5:46	4.75138e2	1.49502e1	1.25181e1	5.14904e1	9.74177e1	9.8202886e-2	8.3780174e-2	1.2076432e1	7.6263880e-1	
2026-06-09	11:5:47	4.72377e2	1.48924e1	1.24592e1	5.15004e1	9.74182e1	9.7800016e-2	8.3550987e-2	1.2057969e1	7.6788096e-1	
2026-06-09	11:5:47	4.70799e2	1.48696e1	1.24362e1	5.15037e1	9.74207e1	9.7572088e-2	8.3462419e-2	1.2032792e1	7.6057939e-1	
2026-06-09	11:5:48	4.67628e2	1.48319e1	1.23978e1	5.14970e1	9.74219e1	9.7111883e-2	8.3315792e-2	1.2037827e1	7.5615258e-1	
2026-06-09	11:5:48	4.64828e2	1.48005e1	1.23649e1	5.14904e1	9.74184e1	9.6699771e-2	8.3189725e-2	1.2065522e1	7.6154799e-1	
2026-06-09	11:5:49	4.62572e2	1.47746e1	1.23403e1	5.14871e1	9.74312e1	9.6382255e-2	8.3098230e-2	1.2048738e1	7.5983209e-1	
2026-06-09	11:5:49	4.60266e2	1.47590e1	1.23225e1	5.14971e1	9.74199e1	9.6029338e-2	8.3025569e-2	1.2026077e1	7.5607309e-1	
2026-06-09	11:5:50	4.58657e2	1.47424e1	1.23048e1	5.15037e1	9.74162e1	9.5786933e-2	8.2955722e-2	1.2049577e1	7.6122307e-1	
2026-06-09	11:5:50	4.57258e2	1.47159e1	1.22785e1	5.15004e1	9.74232e1	9.5587844e-2	8.2856655e-2	1.2058808e1	7.6435995e-1	
2026-06-09	11:5:51	4.54880e2	1.46898e1	1.22520e1	5.14937e1	9.74265e1	9.5240535e-2	8.2756996e-2	1.2005096e1	7.5621914e-1	
2026-06-09	11:5:51	4.53119e2	1.46718e1	1.22322e1	5.14904e1	9.74189e1	9.4972372e-2	8.2680225e-2	1.2064683e1	7.5564594e-1	
2026-06-09	11:5:52	4.51888e2	1.46597e1	1.22213e1	5.14971e1	9.74292e1	9.4798269e-2	8.2639274e-2	1.2058808e1	7.6550383e-1	
2026-06-09	11:5:52	4.50469e2	1.46537e1	1.22147e1	5.14971e1	9.74272e1	9.4585237e-2	8.2613582e-2	1.2032792e1	7.5734949e-1	
2026-06-09	11:5:53	4.49306e2	1.46439e1	1.22034e1	5.14971e1	9.74199e1	9.4404582e-2	8.2568941e-2	1.2063004e1	7.5630035e-1	
2026-06-09	11:5:53	4.48269e2	1.46287e1	1.21873e1	5.14971e1	9.74180e1	9.4247817e-2	8.2506837e-2	1.2072236e1	7.6494817e-1	
2026-06-09	11:5:54	4.47172e2	1.46134e1	1.21724e1	5.14871e1	9.74242e1	9.4092187e-2	8.2452888e-2	1.2038667e1	7.6034302e-1	
2026-06-09	11:5:54	4.46332e2	1.46055e1	1.21634e1	5.14971e1	9.74189e1	9.3959331e-2	8.2415466e-2	1.2041184e1	7.5877828e-1	
2026-06-09	11:5:55	4.45561e2	1.45911e1	1.21482e1	5.15037e1	9.74177e1	9.3841257e-2	8.2356157e-2	1.2058808e1	7.6122131e-1	
2026-06-09	11:5:55	4.44550e2	1.45816e1	1.21400e1	5.14971e1	9.74279e1	9.3701248e-2	8.2327728e-2	1.2077271e1	7.6543951e-1	
2026-06-09	11:5:56	4.43553e2	1.45750e1	1.21325e1	5.14937e1	9.74244e1	9.3548955e-2	8.2298994e-2	1.1994186e1	7.5964937e-1	
2026-06-09	11:5:56	4.42912e2	1.45655e1	1.21210e1	5.14837e1	9.74139e1	9.3444232e-2	8.2254943e-2	1.2040345e1	7.6105098e-1	
2026-06-09	11:5:57	4.42689e2	1.45566e1	1.21116e1	5.14837e1	9.74130e1	9.3409719e-2	8.2218704e-2	1.2054612e1	7.6477403e-1	
2026-06-09	11:5:57	4.41980e2	1.45526e1	1.21095e1	5.14871e1	9.74267e1	9.3316078e-2	8.2212810e-2	1.2082307e1	7.6329751e-1	
2026-06-09	11:5:58	4.41408e2	1.45486e1	1.21042e1	5.14871e1	9.74189e1	9.3222379e-2	8.2190990e-2	1.2019363e1	7.6027002e-1	
2026-06-09	11:5:58	4.40674e2	1.45422e1	1.20964e1	5.14971e1	9.74127e1	9.3103828e-2	8.2158451e-2	1.2079789e1	7.6041975e-1	
2026-06-09	11:5:59	4.39793e2	1.45460e1	1.21014e1	5.14971e1	9.74189e1	9.2977342e-2	8.2178649e-2	1.2073915e1	7.6635975e-1	
2026-06-09	11:5:59	4.39340e2	1.45491e1	1.21058e1	5.15004e1	9.74262e1	9.2915649e-2	8.2196121e-2	1.2026077e1	7.5816016e-1	
2026-06-09	11:6:00	4.39155e2	1.45455e1	1.21007e1	5.15004e1	9.74180e1	9.2879533e-2	8.2175369e-2	1.2045381e1	7.5442690e-1	
2026-06-09	11:6:00	4.39293e2	1.45293e1	1.20843e1	5.14937e1	9.74215e1	9.2904987e-2	8.2114582e-2	1.2052094e1	7.6138744e-1	
2026-06-09	11:6:01	4.39060e2	1.45200e1	1.20761e1	5.14904e1	9.74310e1	9.2879714e-2	8.2085790e-2	1.2036149e1	7.5638036e-1	
2026-06-09	11:6:01	4.38811e2	1.45172e1	1.20720e1	5.14971e1	9.74234e1	9.2833404e-2	8.2067489e-2	1.2068040e1	7.5289111e-1	
2026-06-09	11:6:02	4.38870e2	1.45200e1	1.20749e1	5.15037e1	9.74232e1	9.2840785e-2	8.2077207e-2	1.2067201e1	7.6154751e-1	
2026-06-09	11:6:02	4.38745e2	1.45271e1	1.20835e1	5.14971e1	9.74312e1	9.2831192e-2	8.2112903e-2	1.2014328e1	7.5509381e-1	
2026-06-09	11:6:03	4.37254e2	1.45230e1	1.20785e1	5.14904e1	9.74260e1	9.2602310e-2	8.2093772e-2	1.2042863e1	7.4843845e-1	
2026-06-09	11:6:03	4.36059e2	1.45121e1	1.20679e1	5.14904e1	9.74317e1	9.2427196e-2	8.2054672e-2	1.2071397e1	7.6028985e-1	
2026-06-09	11:6:04	4.36393e2	1.45109e1	1.20671e1	5.14904e1	9.74345e1	9.2480363e-2	8.2052173e-2	1.2024399e1	7.4976258e-1	
2026-06-09	11:6:04	4.36393e2	1.45109e1	1.20671e1	5.14904e1	9.74345e1	9.2480363e-2	8.2052173e-2	1.2024399e1	7.4976258e-1	
2026-06-09	11:6:05	4.36832e2	1.45377e1	1.20941e1	5.14904e1	9.74282e1	9.2540922e-2	8.2153911e-2	1.2076432e1	7.5299930e-1	
2026-06-09	11:6:05	4.35878e2	1.45222e1	1.20780e1	5.14971e1	9.74284e1	9.2395486e-2	8.2091150e-2	1.2000900e1	7.5488014e-1	
2026-06-09	11:6:06	4.36146e2	1.45033e1	1.20565e1	5.14937e1	9.74170e1	9.2425165e-2	8.2007522e-2	1.2066361e1	7.5794477e-1	
2026-06-09	11:6:06	4.35662e2	1.44967e1	1.20501e1	5.14937e1	9.74205e1	9.2355308e-2	8.1983804e-2	1.2056291e1	7.6614656e-1	
2026-06-09	11:6:07	4.35682e2	1.44931e1	1.20471e1	5.14937e1	9.74250e1	9.2362642e-2	8.1973190e-2	1.2044541e1	7.6134181e-1	
2026-06-09	11:6:07	4.35682e2	1.44931e1	1.20471e1	5.14937e1	9.74250e1	9.2362642e-2	8.1973190e-2	1.2044541e1	7.6134181e-1	
2026-06-09	11:6:08	4.35776e2	1.44930e1	1.20457e1	5.14871e1	9.74175e1	9.2370929e-2	8.1967773e-2	1.2016006e1	7.6169509e-1	
2026-06-09	11:6:08	4.35770e2	1.44887e1	1.20405e1	5.14971e1	9.74127e1	9.2363357e-2	8.1945180e-2	1.2073075e1	7.6983885e-1	
2026-06-09	11:6:09	4.35693e2	1.44858e1	1.20388e1	5.15004e1	9.74215e1	9.2359428e-2	8.1939935e-2	1.2030273e1	7.6051087e-1	
2026-06-09	11:6:09	4.35477e2	1.44926e1	1.20455e1	5.14971e1	9.74187e1	9.2324848e-2	8.1965389e-2	1.2037827e1	7.5542263e-1	
2026-06-09	11:6:10	4.35435e2	1.44873e1	1.20395e1	5.14904e1	9.74157e1	9.2316808e-2	8.1943273e-2	1.2047059e1	7.6272554e-1	
2026-06-09	11:6:10	4.35577e2	1.44902e1	1.20445e1	5.14904e1	9.74287e1	9.2351074e-2	8.1964912e-2	1.2056291e1	7.5981397e-1	
